stock,client_name,exchange,deal_type,action,date,avg_price,quantity,percentage_traded
Tilaknagar Industries Ltd.,SOCIETE GENERALE,BSE,Bulk,Purchase,18-11-2024,338.65,1816625,0.94%
Tilaknagar Industries Ltd.,SOCIETE GENERALE,BSE,Block,Purchase,18-11-2024,338.65,1816625,0.94%
Ramkrishna Forgings Ltd.,SOCIETE GENERALE - ODI,NSE,Block,Sell,14-11-2024,922.8,200000,0.11%
PNB Housing Finance Ltd.,SOCIETE GENERALE - ODI,NSE,Bulk,Purchase,13-11-2024,939.3,1709750,0.66%
Tilaknagar Industries Ltd.,SOCIETE GENERALE,BSE,Block,Purchase,31-10-2024,287.8,400000,0.21%
IndusInd Bank Ltd.,SOCIETE GENERALE,NSE,Bulk,Purchase,25-10-2024,1083.79,29725,0.00%
IndusInd Bank Ltd.,SOCIETE GENERALE,NSE,Bulk,Sell,25-10-2024,1070.61,3930435,0.50%
Cigniti Technologies Ltd.,SOCIETE GENERALE,NSE,Bulk,Purchase,23-10-2024,1423.15,227666,0.83%
Cigniti Technologies Ltd.,SOCIETE GENERALE,NSE,Bulk,Sell,23-10-2024,1425.29,539,0.00%
Garuda Construction and Engineering Ltd.,SOCIETE GENERALE,NSE,Bulk,Sell,15-10-2024,105,721527,0.97%
Transformers & Rectifiers (India) Ltd.,SOCIETE GENERALE,NSE,Block,Purchase,14-10-2024,780.3,238972,0.16%
Sterling and Wilson Renewable Energy Ltd.,SOCIETE GENERALE,NSE,Bulk,Purchase,27-09-2024,623,2010000,0.86%
Nuvama Wealth Management Ltd.,SOCIETE GENERALE,BSE,Block,Purchase,27-09-2024,6702.6,87414,0.24%
Entero Healthcare Solutions Ltd.,SOCIETE GENERALE,BSE,Block,Purchase,27-09-2024,1305,96207,0.22%
Gulf Oil Lubricants India Ltd.,SOCIETE GENERALE,BSE,Block,Purchase,26-09-2024,1351,93000,0.19%
Five-Star Business Finance Ltd.,SOCIETE GENERALE,BSE,Block,Purchase,26-09-2024,800.5,626211,0.21%
Spicejet Ltd.,SOCIETE GENERALE,BSE,Bulk,Purchase,25-09-2024,62.43,940912,0.14%
Spicejet Ltd.,SOCIETE GENERALE,BSE,Bulk,Sell,25-09-2024,62.9,8356757,1.22%
Kross Ltd.,SOCIETE GENERALE,NSE,Bulk,Purchase,16-09-2024,257.7,610848,0.95%
Kross Ltd.,SOCIETE GENERALE,NSE,Bulk,Sell,16-09-2024,245.22,95233,0.15%
Medi Assist Healthcare Services Ltd.,SOCIETE GENERALE,NSE,Block,Purchase,03-09-2024,611.7,163484,0.23%
PB Fintech Ltd.,SOCIETE GENERALE ODI,BSE,Block,Purchase,29-08-2024,1719.75,210000,0.05%
Au Small Finance Bank Ltd.,SOCIETE GENERALE,NSE,Block,Purchase,26-08-2024,630,689652,0.09%
FSN E-Commerce Ventures Ltd.,SOCIETE GENERALE ODI,BSE,Block,Purchase,23-08-2024,208.3,850000,0.03%
Alkem Laboratories Ltd.,SOCIETE GENERALE,NSE,Block,Purchase,22-08-2024,5732.15,46000,0.04%
PNB Housing Finance Ltd.,SOCIETE GENERALE,BSE,Block,Purchase,21-08-2024,802.5,124650,0.05%
HG Infra Engineering Ltd.,SOCIETE GENERALE,BSE,Block,Purchase,20-08-2024,1566.5,157968,0.24%
HG Infra Engineering Ltd.,SOCIETE GENERALE,BSE,Block,Purchase,20-08-2024,1566.5,126300,0.19%
Shriram Finance Ltd.,SOCIETE GENERALE,NSE,Block,Purchase,19-08-2024,2981.5,296372,0.08%
Prudent Corporate Advisory Services Ltd.,SOCIETE GENERALE,NSE,Bulk,Purchase,19-08-2024,2450,275000,0.66%
Netweb Technologies India Ltd.,SOCIETE GENERALE,NSE,Block,Purchase,02-08-2024,2232.1,273975,0.49%
Zaggle Prepaid Ocean Services Ltd.,SOCIETE GENERALE,NSE,Bulk,Sell,01-08-2024,356.43,855514,0.70%
India Cements Ltd.,SOCIETE GENERALE,NSE,Bulk,Sell,29-07-2024,378.15,2061506,0.67%
Jyoti CNC Automation Ltd.,SOCIETE GENERALE,NSE,Block,Purchase,29-07-2024,1123,260949,0.11%
Route Mobile Ltd.,SOCIETE GENERALE,NSE,Bulk,Purchase,26-07-2024,1652.2,339046,0.54%
RBL Bank Ltd.,SOCIETE GENERALE,BSE,Bulk,Purchase,25-07-2024,228,7093854,1.17%
India Cements Ltd.,SOCIETE GENERALE,NSE,Bulk,Sell,18-07-2024,342.66,1741126,0.56%
Zomato Ltd.,SOCIETE GENERALE,NSE,Block,Purchase,16-07-2024,226.85,12769185,0.14%
Delhivery Ltd.,SOCIETE GENERALE,BSE,Block,Purchase,10-07-2024,388.45,260004,0.04%
Mankind Pharma Ltd.,SOCIETE GENERALE,NSE,Block,Purchase,10-07-2024,2082,120078,0.03%
Mankind Pharma Ltd.,SOCIETE GENERALE,NSE,Block,Purchase,10-07-2024,2082,96064,0.02%
Religare Enterprises Ltd.,SOCIETE GENERALE,NSE,Bulk,Purchase,01-07-2024,239,5050000,1.53%
EFC (I) Ltd.,SOCIETE GENERALE,BSE,Bulk,Purchase,01-07-2024,565,350000,0.70%
HCL Technologies Ltd.,SOCIETE GENERALE,NSE,Block,Purchase,28-06-2024,1440.5,144848,0.01%
Ugro Capital Ltd.,SOCIETE GENERALE,NSE,Bulk,Purchase,28-06-2024,290.71,500000,0.54%
India Cements Ltd.,SOCIETE GENERALE,NSE,Bulk,Purchase,27-06-2024,288.51,4403226,1.42%
Inox Green Energy Services Ltd.,SOCIETE GENERALE,BSE,Bulk,Purchase,26-06-2024,166.5,2949716,0.80%
Dhani Services Ltd.,SOCIETE GENERALE,BSE,Block,Purchase,25-06-2024,52.08,10000000,1.63%
Manappuram Finance Ltd.,SOCIETE GENERALE,BSE,Block,Purchase,25-06-2024,194.5,3848759,0.45%
Ramkrishna Forgings Ltd.,SOCIETE GENERALE,BSE,Block,Purchase,25-06-2024,920.75,3117544,1.72%
Tilaknagar Industries Ltd.,SOCIETE GENERALE,BSE,Block,Purchase,25-06-2024,255.45,3530800,1.83%
CarTrade Tech Ltd.,SOCIETE GENERALE,BSE,Bulk,Purchase,24-06-2024,828,595316,1.26%
RateGain Travel Technologies Ltd.,SOCIETE GENERALE,NSE,Block,Purchase,20-06-2024,745,134300,0.11%
Sansera Engineering Ltd.,SOCIETE GENERALE,NSE,Bulk,Purchase,19-06-2024,1200,358343,0.58%
Sansera Engineering Ltd.,SOCIETE GENERALE,NSE,Block,Purchase,19-06-2024,1200,358343,0.58%
InterGlobe Aviation Ltd.,SOCIETE GENERALE,NSE,Block,Purchase,13-06-2024,4300.4,521183,0.13%
MphasiS Ltd.,SOCIETE GENERALE,NSE,Bulk,Purchase,10-06-2024,2363,1061500,0.56%
KFIN Technologies Ltd.,SOCIETE GENERALE,NSE,Bulk,Purchase,30-05-2024,712.5,2035279,1.19%
R R Kabel Ltd.,SOCIETE GENERALE,BSE,Block,Purchase,30-05-2024,1701.1,97987,0.09%
PNB Housing Finance Ltd.,SOCIETE GENERALE,BSE,Bulk,Purchase,29-05-2024,724.55,1308680,0.50%
Timken India Ltd.,SOCIETE GENERALE,BSE,Block,Purchase,28-05-2024,3913.35,52000,0.07%
Star Health and Allied Insurance Company Ltd.,SOCIETE GENERALE,NSE,Block,Purchase,23-05-2024,535,500000,0.09%
Apollo Tyres Ltd.,SOCIETE GENERALE,BSE,Block,Purchase,22-05-2024,477.35,2811350,0.44%
PB Fintech Ltd.,SOCIETE GENERALE - ODI,NSE,Block,Purchase,17-05-2024,1325.15,1595000,0.35%
Jindal Saw Ltd.,SOCIETE GENERALE,NSE,Block,Purchase,16-05-2024,541.45,200000,0.03%
Cipla Ltd.,SOCIETE GENERALE,NSE,Block,Purchase,15-05-2024,1345,508500,0.06%
Jindal Saw Ltd.,SOCIETE GENERALE,NSE,Block,Purchase,10-05-2024,525,200000,0.03%
ICICI Lombard General Insurance Company Ltd.,SOCIETE GENERALE,BSE,Block,Purchase,09-05-2024,1722.5,110000,0.02%
ACC Ltd.,SOCIETE GENERALE,BSE,Block,Purchase,26-04-2024,2579.6,119588,0.06%
Oberoi Realty Ltd.,SOCIETE GENERALE,BSE,Block,Purchase,26-04-2024,1474.2,271901,0.07%
Oracle Financial Services Software Ltd.,SOCIETE GENERALE,BSE,Block,Purchase,26-04-2024,7143.05,63061,0.07%
Oil India Ltd.,SOCIETE GENERALE,BSE,Block,Purchase,26-04-2024,612.5,1535836,0.09%
Shriram Finance Ltd.,SOCIETE GENERALE,BSE,Block,Purchase,26-04-2024,2491.85,91197,0.02%
Alkem Laboratories Ltd.,SOCIETE GENERALE,BSE,Block,Purchase,26-04-2024,4867.65,103803,0.09%
KPIT Technologies Ltd.,SOCIETE GENERALE,BSE,Block,Purchase,26-04-2024,1373.95,1021271,0.37%
FSN E-Commerce Ventures Ltd.,SOCIETE GENERALE,BSE,Block,Purchase,26-04-2024,178.1,8470535,0.30%
Bank of Baroda,SOCIETE GENERALE,NSE,Bulk,Purchase,23-04-2024,261.3,32638297,0.63%
Bank of Baroda,SOCIETE GENERALE,NSE,Block,Purchase,23-04-2024,261.3,32638297,0.63%
Bank of India,SOCIETE GENERALE,NSE,Block,Purchase,23-04-2024,141.25,2566792,0.06%
Canara Bank,SOCIETE GENERALE,NSE,Block,Purchase,23-04-2024,599.8,7040712,0.08%
Manappuram Finance Ltd.,SOCIETE GENERALE,NSE,Bulk,Purchase,23-04-2024,191,7358579,0.87%
Manappuram Finance Ltd.,SOCIETE GENERALE,NSE,Block,Purchase,23-04-2024,191,7358579,0.87%
Power Finance Corporation Ltd.,SOCIETE GENERALE,NSE,Block,Purchase,23-04-2024,404.35,3058591,0.09%
Prestige Estates Projects Ltd.,SOCIETE GENERALE,NSE,Block,Purchase,23-04-2024,1242.9,219284,0.05%
REC Ltd.,SOCIETE GENERALE,NSE,Block,Purchase,23-04-2024,434.5,1258494,0.05%
Union Bank of India,SOCIETE GENERALE,NSE,Block,Purchase,23-04-2024,150.6,12664410,0.17%
PNB Housing Finance Ltd.,SOCIETE GENERALE,NSE,Block,Purchase,23-04-2024,769.9,230477,0.09%
Bandhan Bank Ltd.,SOCIETE GENERALE,NSE,Bulk,Purchase,23-04-2024,180.8,12116098,0.75%
Bandhan Bank Ltd.,SOCIETE GENERALE,NSE,Block,Purchase,23-04-2024,180.8,12116098,0.75%
ICICI Securities Ltd.,SOCIETE GENERALE,NSE,Block,Purchase,23-04-2024,723.15,317816,0.10%
Chalet Hotels Ltd.,SOCIETE GENERALE,NSE,Block,Purchase,23-04-2024,887.55,130585,0.06%
Zomato Ltd.,SOCIETE GENERALE,NSE,Block,Purchase,23-04-2024,193.35,2624714,0.03%
Devyani International Ltd.,SOCIETE GENERALE,NSE,Block,Purchase,23-04-2024,163,1792817,0.15%
PB Fintech Ltd.,SOCIETE GENERALE,NSE,Block,Purchase,23-04-2024,1201.7,379064,0.08%
Vedant Fashions Ltd.,SOCIETE GENERALE,NSE,Block,Purchase,23-04-2024,932.9,370643,0.15%
Life Insurance Corporation of India,SOCIETE GENERALE,NSE,Block,Purchase,23-04-2024,974.6,141807,0.00%
Campus Activewear Ltd.,SOCIETE GENERALE,NSE,Block,Purchase,23-04-2024,233.5,737249,0.24%
Bikaji Foods International Ltd.,SOCIETE GENERALE,NSE,Block,Purchase,23-04-2024,514.05,246568,0.10%
Nexus Select Trust REIT,SOCIETE GENERALE,NSE,Block,Purchase,23-04-2024,133.86,1995349,0.13%
Samhi Hotels Ltd.,SOCIETE GENERALE,NSE,Block,Purchase,23-04-2024,193.45,797045,0.36%
Axis Bank Ltd.,SOCIETE GENERALE,BSE,Block,Purchase,09-04-2024,1071,6250000,0.20%
Brace Port Logistics Ltd.,SELVAMURTHY    AKILANDESWARI,NSE,Bulk,Purchase,29-08-2024,181.76,73600,0.65%
Rajputana Industries Ltd.,SELVAMURTHY    AKILANDESWARI,NSE,Bulk,Purchase,12-08-2024,91.52,123000,0.55%
Effwa Infra & Research Ltd.,SELVAMURTHY    AKILANDESWARI,NSE,Bulk,Purchase,31-07-2024,330.66,121600,0.53%
Durlax Top Surface Ltd.,SELVAMURTHY    AKILANDESWARI,NSE,Bulk,Purchase,04-07-2024,84.98,84000,0.51%
Diensten Tech Ltd.,SELVAMURTHY    AKILANDESWARI,NSE,Bulk,Purchase,04-07-2024,263.65,42000,0.51%
Medicamen Organics Ltd.,SELVAMURTHY    AKILANDESWARI,NSE,Bulk,Purchase,28-06-2024,135.09,200000,1.71%
Quest Laboratories Ltd.,SELVAMURTHY    AKILANDESWARI,NSE,Bulk,Purchase,30-05-2024,114.77,159600,0.97%
Indian Emulsifiers Ltd.,SELVAMURTHY    AKILANDESWARI,NSE,Bulk,Purchase,22-05-2024,426.15,62000,0.51%
Piotex Industries Ltd.,SELVAMURTHY AKILANDESWARI,BSE,Bulk,Purchase,17-05-2024,111.06,54000,1.06%
Sungarner Energies Ltd.,SELVAMURTHY    AKILANDESWARI,NSE,Bulk,Sell,06-05-2024,440.75,28000,1.21%
Mafia Trends Ltd.,SELVAMURTHY AKILANDESWARI,BSE,Bulk,Sell,12-04-2024,12.92,44000,0.99%
Owais Metal and Mineral Processing Ltd.,SELVAMURTHY    AKILANDESWARI,NSE,Bulk,Purchase,04-03-2024,249.3,121600,0.67%
Thaai Casting Ltd.,SELVAMURTHY  AKILANDESWARI,NSE,Bulk,Purchase,23-02-2024,180.41,116800,0.50%
Nirman Agri Genetics Ltd.,SELVAMURTHY  AKILANDESWARI,NSE,Bulk,Sell,14-02-2024,304.88,60600,0.76%
Vedant Asset Ltd.,SELVAMURTHY AKILANDESWARI,BSE,Bulk,Sell,02-01-2024,40.84,21000,0.76%
Trident Techlabs Ltd.,SELVAMURTHY  AKILANDESWARI,NSE,Bulk,Purchase,29-12-2023,98.15,120000,0.69%
Vedant Asset Ltd.,SELVAMURTHY AKILANDESWARI,BSE,Bulk,Sell,27-12-2023,40.13,15000,0.54%
Kandarp Digi Smart BPO Ltd.,SELVAMURTHY  AKILANDESWARI,NSE,Bulk,Sell,20-12-2023,16.16,60000,0.67%
Presstonic Engineering Ltd.,SELVAMURTHY  AKILANDESWARI,NSE,Bulk,Purchase,18-12-2023,137.4,40000,0.52%
SAR Televenture Ltd.,SELVAMURTHY  AKILANDESWARI,NSE,Bulk,Purchase,30-11-2023,159.08,98000,0.26%
Medplus Health Services Ltd.,FRANKLIN TEMPLETON MUTUAL FUND,NSE,Block,Purchase,18-11-2024,700,1607867,1.34%
Shivalik Bimetal Controls Ltd.,FRANKLIN TEMPLETON MUTUAL FUND,NSE,Bulk,Purchase,27-09-2024,610.6,1770912,3.07%
Shivalik Bimetal Controls Ltd.,FRANKLIN TEMPLETON MUTUAL FUND,NSE,Block,Purchase,27-09-2024,610.6,1770912,3.07%
Rolex Rings Ltd.,FRANKLIN TEMPLETON MUTUAL FUND,BSE,Bulk,Purchase,27-08-2024,2421.08,156096,0.57%
Eris Lifesciences Ltd.,FRANKLIN TEMPLETON MUTUAL FUND,NSE,Bulk,Purchase,15-07-2024,1000.04,1094201,0.80%
Stanley Lifestyles Ltd.,FRANKLIN TEMPLETON MUTUAL FUND,NSE,Bulk,Purchase,28-06-2024,475,1100000,1.93%
Aster DM Healthcare Ltd.,FRANKLIN TEMPLETON MUTUAL FUND,BSE,Bulk,Purchase,21-06-2024,340,3157002,0.63%
Devyani International Ltd.,FRANKLIN TEMPLETON MUTUAL FUND,NSE,Block,Purchase,21-02-2024,164.1,5000000,0.41%
Kalyan Jewellers India Ltd.,FRANKLIN TEMPLETON MUTUAL FUND,NSE,Block,Purchase,08-02-2024,344.2,3063102,0.30%
Pricol Ltd.,FRANKLIN TEMPLETON MUTUAL FUND,NSE,Bulk,Purchase,18-12-2023,347,1440922,1.18%
Pricol Ltd.,FRANKLIN TEMPLETON MUTUAL FUND,NSE,Block,Purchase,18-12-2023,347,1440922,1.18%
Fusion Finance Ltd.,FRANKLIN TEMPLETON MUTUAL FUND,BSE,Bulk,Purchase,14-12-2023,555.6,900000,0.89%
Fusion Finance Ltd.,FRANKLIN TEMPLETON MUTUAL FUND,BSE,Block,Purchase,14-12-2023,555.6,900000,0.89%
Zomato Ltd.,FRANKLIN TEMPLETON MUTUAL FUND,BSE,Block,Purchase,29-11-2023,112.7,1700000,0.02%
Tilaknagar Industries Ltd.,BOFA SECURITIES EUROPE SA,BSE,Bulk,Sell,18-11-2024,338.65,1816625,0.94%
Tilaknagar Industries Ltd.,BOFA SECURITIES EUROPE SA,BSE,Block,Sell,18-11-2024,338.65,1816625,0.94%
Tilaknagar Industries Ltd.,BOFA SECURITIES EUROPE SA,BSE,Block,Sell,31-10-2024,287.8,400000,0.21%
Hindustan Oil Exploration Company Ltd.,BOFA SECURITIES EUROPE SA,NSE,Bulk,Purchase,30-09-2024,230,714537,0.54%
Exxaro Tiles Ltd.,BOFA SECURITIES EUROPE SA,NSE,Bulk,Purchase,24-09-2024,96.22,666366,1.49%
Positron Energy Ltd.,BOFA SECURITIES EUROPE SA,NSE,Bulk,Purchase,18-09-2024,441.41,50400,0.66%
Kopran Ltd.,BOFA SECURITIES EUROPE SA,NSE,Bulk,Purchase,13-09-2024,348.65,251971,0.52%
Thinkink Picturez Ltd.,BOFA SECURITIES EUROPE SA,BSE,Bulk,Sell,06-09-2024,5.11,1464835,0.31%
Baazar Style Retail Ltd.,BOFA SECURITIES EUROPE SA,NSE,Bulk,Purchase,06-09-2024,412.42,525433,0.70%
Baazar Style Retail Ltd.,BOFA SECURITIES EUROPE SA,NSE,Bulk,Sell,06-09-2024,399.29,10637,0.01%
Au Small Finance Bank Ltd.,BOFA SECURITIES EUROPE SA,NSE,Block,Purchase,26-08-2024,630,80003,0.01%
Au Small Finance Bank Ltd.,BOFA SECURITIES EUROPE SA,NSE,Block,Purchase,26-08-2024,630,79000,0.01%
Interarch Building Products Ltd.,BOFA SECURITIES EUROPE SA,NSE,Bulk,Purchase,26-08-2024,1287.75,130000,0.78%
Shriram Finance Ltd.,BOFA SECURITIES EUROPE SA,NSE,Block,Purchase,19-08-2024,2981.5,296373,0.08%
Schaeffler India Ltd.,BOFA SECURITIES EUROPE SA,BSE,Block,Purchase,16-08-2024,3955.6,233007,0.15%
Linde India Ltd.,BOFA SECURITIES EUROPE SA,BSE,Block,Purchase,16-08-2024,7163.65,49806,0.06%
Shriram Finance Ltd.,BOFA SECURITIES EUROPE SA,BSE,Block,Purchase,16-08-2024,2895.1,592746,0.16%
Reliance Industries Ltd.,BOFA SECURITIES EUROPE SA,BSE,Block,Purchase,13-08-2024,2920.3,1335717,0.01%
Reliance Industries Ltd.,BOFA SECURITIES EUROPE SA,BSE,Block,Sell,13-08-2024,2920.3,1335717,0.01%
Manglam Infra & Engineering Ltd.,BOFA SECURITIES EUROPE SA,NSE,Bulk,Purchase,02-08-2024,123.1,200000,1.14%
Manglam Infra & Engineering Ltd.,BOFA SECURITIES EUROPE SA,NSE,Bulk,Sell,02-08-2024,112.81,12000,0.07%
Jyoti CNC Automation Ltd.,BOFA SECURITIES EUROPE SA,BSE,Block,Purchase,29-07-2024,1123,260957,0.11%
Kellton Tech Solutions Ltd.,BOFA SECURITIES EUROPE SA,NSE,Bulk,Purchase,15-07-2024,175.91,637919,0.65%
Delhivery Ltd.,BOFA SECURITIES EUROPE SA,BSE,Block,Purchase,10-07-2024,388.45,296091,0.04%
Mankind Pharma Ltd.,BOFA SECURITIES EUROPE SA - ODI,NSE,Block,Purchase,10-07-2024,2082,72048,0.02%
Shivalic Power Control Ltd.,BOFA SECURITIES EUROPE SA,NSE,Bulk,Purchase,01-07-2024,311,289200,1.20%
Shivalic Power Control Ltd.,BOFA SECURITIES EUROPE SA,NSE,Bulk,Sell,01-07-2024,311,7200,0.03%
Grasim Industries Ltd.,BOFA SECURITIES EUROPE SA,BSE,Block,Purchase,26-06-2024,2546.5,1478700,0.22%
Grasim Industries Ltd.,BOFA SECURITIES EUROPE SA,BSE,Block,Sell,26-06-2024,2546.5,1478700,0.22%
Grasim Industries Ltd.,BOFA SECURITIES EUROPE SA,BSE,Block,Purchase,25-06-2024,2517,1412397,0.21%
Grasim Industries Ltd.,BOFA SECURITIES EUROPE SA,BSE,Block,Sell,25-06-2024,2517,1412397,0.21%
Dhani Services Ltd.,BOFA SECURITIES EUROPE SA,BSE,Block,Sell,25-06-2024,52.08,10000000,1.63%
Manappuram Finance Ltd.,BOFA SECURITIES EUROPE SA,BSE,Block,Sell,25-06-2024,194.5,3848759,0.45%
Ramkrishna Forgings Ltd.,BOFA SECURITIES EUROPE SA,BSE,Block,Sell,25-06-2024,920.75,3117544,1.72%
Tilaknagar Industries Ltd.,BOFA SECURITIES EUROPE SA,BSE,Block,Sell,25-06-2024,255.45,3530800,1.83%
Equinox India Developments Ltd.,BOFA SECURITIES EUROPE SA,NSE,Bulk,Purchase,20-06-2024,154.92,3437792,0.54%
Selan Exploration Technology Ltd.,BOFA SECURITIES EUROPE SA,NSE,Bulk,Purchase,13-06-2024,731.15,98327,0.65%
Rulka Electricals Ltd.,BOFA SECURITIES EUROPE SA,NSE,Bulk,Purchase,12-06-2024,465.81,34800,0.82%
Rulka Electricals Ltd.,BOFA SECURITIES EUROPE SA,NSE,Bulk,Purchase,11-06-2024,417.26,21600,0.51%
GAIL (India) Ltd.,BOFA SECURITIES EUROPE SA,BSE,Block,Purchase,06-06-2024,207,2280000,0.03%
GAIL (India) Ltd.,BOFA SECURITIES EUROPE SA,BSE,Block,Sell,06-06-2024,207,2280000,0.03%
Timken India Ltd.,BOFA SECURITIES EUROPE SA,BSE,Block,Purchase,28-05-2024,3913.35,156000,0.21%
Cipla Ltd.,BOFA SECURITIES EUROPE SA - ODI,NSE,Block,Purchase,15-05-2024,1345,186000,0.02%
Emmforce Autotech Ltd.,BOFA SECURITIES EUROPE SA,BSE,Bulk,Purchase,09-05-2024,261.85,124800,0.61%
Fortis Healthcare Ltd.,BOFA SECURITIES EUROPE SA,BSE,Block,Purchase,29-04-2024,441.45,314825,0.04%
Vinsys IT Services India Ltd.,BOFA SECURITIES EUROPE SA,NSE,Bulk,Purchase,22-04-2024,363.84,82500,0.56%
Creative Graphics Solutions India Ltd.,BOFA SECURITIES EUROPE SA,NSE,Bulk,Sell,15-04-2024,184.55,259200,1.07%
Axis Bank Ltd.,BOFA SECURITIES EUROPE SA,BSE,Block,Purchase,09-04-2024,1071,3006000,0.10%
Creative Graphics Solutions India Ltd.,BOFA SECURITIES EUROPE SA,NSE,Bulk,Purchase,09-04-2024,183.18,342400,1.41%
Thinkink Picturez Ltd.,BOFA SECURITIES EUROPE SA,BSE,Bulk,Purchase,04-04-2024,41.76,300000,0.06%
Thinkink Picturez Ltd.,BOFA SECURITIES EUROPE SA,BSE,Bulk,Purchase,03-04-2024,39.79,600000,0.13%
Grasim Industries Ltd.,BOFA SECURITIES EUROPE SA,BSE,Block,Purchase,28-03-2024,2286,638000,0.10%
Grasim Industries Ltd.,BOFA SECURITIES EUROPE SA,BSE,Block,Sell,28-03-2024,2286,638000,0.10%
One Point One Solutions Ltd.,BOFA SECURITIES EUROPE SA,NSE,Bulk,Purchase,28-03-2024,50,3000000,1.17%
Axis Bank Ltd.,BOFA SECURITIES EUROPE SA,BSE,Block,Purchase,26-03-2024,1038,4950000,0.16%
Axis Bank Ltd.,BOFA SECURITIES EUROPE SA,BSE,Block,Sell,26-03-2024,1038,4950000,0.16%
Dr. Reddy's Laboratories Ltd.,BOFA SECURITIES EUROPE SA,BSE,Block,Purchase,26-03-2024,6184.85,260000,0.03%
Dr. Reddy's Laboratories Ltd.,BOFA SECURITIES EUROPE SA,BSE,Block,Sell,26-03-2024,6184.85,260000,0.03%
Larsen & Toubro Ltd.,BOFA SECURITIES EUROPE SA,BSE,Block,Purchase,26-03-2024,3672,520000,0.04%
Larsen & Toubro Ltd.,BOFA SECURITIES EUROPE SA,BSE,Block,Sell,26-03-2024,3672,520000,0.04%
Mahindra & Mahindra Ltd.,BOFA SECURITIES EUROPE SA,BSE,Block,Purchase,26-03-2024,1880,1680000,0.14%
Mahindra & Mahindra Ltd.,BOFA SECURITIES EUROPE SA,BSE,Block,Sell,26-03-2024,1880,1680000,0.14%
Reliance Industries Ltd.,BOFA SECURITIES EUROPE SA,BSE,Block,Purchase,26-03-2024,2886.5,880000,0.01%
Reliance Industries Ltd.,BOFA SECURITIES EUROPE SA,BSE,Block,Sell,26-03-2024,2886.5,880000,0.01%
State Bank of India,BOFA SECURITIES EUROPE SA,BSE,Block,Purchase,26-03-2024,740.55,5900000,0.07%
State Bank of India,BOFA SECURITIES EUROPE SA,BSE,Block,Sell,26-03-2024,740.55,5900000,0.07%
Infosys Ltd.,BOFA SECURITIES EUROPE SA,BSE,Block,Purchase,22-03-2024,1512,4901000,0.12%
Infosys Ltd.,BOFA SECURITIES EUROPE SA,BSE,Block,Purchase,22-03-2024,1512,599000,0.01%
Infosys Ltd.,BOFA SECURITIES EUROPE SA,BSE,Block,Sell,22-03-2024,1512,4901000,0.12%
Infosys Ltd.,BOFA SECURITIES EUROPE SA,BSE,Block,Sell,22-03-2024,1512,599000,0.01%
KP Green Engineering Ltd.,BOFA SECURITIES EUROPE SA,BSE,Bulk,Purchase,22-03-2024,209.66,350000,0.70%
ITC Ltd.,BOFA SECURITIES EUROPE SA,BSE,Block,Purchase,13-03-2024,400.25,20400000,0.16%
Thinkink Picturez Ltd.,BOFA SECURITIES EUROPE SA,BSE,Bulk,Sell,12-03-2024,45.13,196156,0.04%
ICICI Bank Ltd.,BOFA SECURITIES EUROPE SA,BSE,Block,Purchase,05-03-2024,1091,8000000,0.11%
ICICI Bank Ltd.,BOFA SECURITIES EUROPE SA,BSE,Block,Sell,05-03-2024,1091,8000000,0.11%
Thinkink Picturez Ltd.,BOFA SECURITIES EUROPE SA,BSE,Bulk,Purchase,29-02-2024,78.84,307654,0.06%
Eureka Forbes Ltd.,BOFA SECURITIES EUROPE SA,BSE,Bulk,Purchase,22-02-2024,504.95,1150056,0.59%
Eureka Forbes Ltd.,BOFA SECURITIES EUROPE SA,BSE,Block,Purchase,22-02-2024,504.95,1150056,0.59%
Alpex Solar Ltd.,BOFA SECURITIES EUROPE SA,NSE,Bulk,Purchase,15-02-2024,337.47,220800,0.90%
Mankind Pharma Ltd.,BOFA SECURITIES EUROPE SA,NSE,Block,Purchase,08-02-2024,2107.35,47645,0.01%
ICICI Securities Ltd.,BOFA SECURITIES EUROPE SA,BSE,Block,Sell,25-01-2024,774,257910,0.08%
Jio Financial Services Ltd.,BOFA SECURITIES EUROPE SA,BSE,Block,Sell,25-01-2024,239.5,1441606,0.02%
Dabur India Ltd.,BOFA SECURITIES EUROPE SA,BSE,Block,Sell,24-01-2024,534,924540,0.05%
HDFC Bank Ltd.,BOFA SECURITIES EUROPE SA,BSE,Block,Sell,24-01-2024,1445,772317,0.01%
ICICI Bank Ltd.,BOFA SECURITIES EUROPE SA,BSE,Block,Purchase,24-01-2024,999.5,1200000,0.02%
ICICI Bank Ltd.,BOFA SECURITIES EUROPE SA,BSE,Block,Sell,24-01-2024,999.5,1200000,0.02%
Infosys Ltd.,BOFA SECURITIES EUROPE SA,BSE,Block,Sell,24-01-2024,1657,722325,0.02%
Page Industries Ltd.,BOFA SECURITIES EUROPE SA,BSE,Block,Sell,24-01-2024,36398,13340,0.12%
TVS Motor Company Ltd.,BOFA SECURITIES EUROPE SA,BSE,Block,Sell,24-01-2024,2000.5,154280,0.03%
Jio Financial Services Ltd.,BOFA SECURITIES EUROPE SA,BSE,Block,Sell,24-01-2024,238.75,721170,0.01%
PVR INOX Ltd.,BOFA SECURITIES EUROPE SA,BSE,Block,Sell,23-01-2024,1492.5,94165,0.10%
Jio Financial Services Ltd.,BOFA SECURITIES EUROPE SA,BSE,Block,Purchase,17-01-2024,244,2264818,0.04%
Jio Financial Services Ltd.,BOFA SECURITIES EUROPE SA,BSE,Block,Sell,17-01-2024,244,2264818,0.04%
Droneacharya Aerial Innovations Ltd.,BOFA SECURITIES EUROPE SA,BSE,Bulk,Purchase,27-12-2023,187.65,167000,0.70%
Suraj Estate Developers Ltd.,BOFA SECURITIES EUROPE SA,NSE,Bulk,Purchase,26-12-2023,343.51,409687,0.86%
Suraj Estate Developers Ltd.,BOFA SECURITIES EUROPE SA,NSE,Bulk,Sell,26-12-2023,341.92,80204,0.17%
Ami Organics Ltd.,BOFA SECURITIES EUROPE SA,NSE,Bulk,Purchase,21-12-2023,1030,525000,1.28%
India Shelter Finance Corporation Ltd.,BOFA SECURITIES EUROPE SA,NSE,Bulk,Purchase,20-12-2023,595.82,584113,0.54%
India Shelter Finance Corporation Ltd.,BOFA SECURITIES EUROPE SA,NSE,Bulk,Sell,20-12-2023,593.59,73097,0.07%
Updater Services Ltd.,BOFA SECURITIES EUROPE SA,NSE,Bulk,Sell,15-12-2023,303.5,400000,0.60%
Reliance Industries Ltd.,BOFA SECURITIES EUROPE SA,BSE,Block,Purchase,14-12-2023,2470,1750000,0.01%
PNB Housing Finance Ltd.,MORGAN STANLEY ASIA SINGAPORE PTE,NSE,Bulk,Purchase,18-11-2024,878.61,410711,0.16%
PNB Housing Finance Ltd.,MORGAN STANLEY ASIA SINGAPORE PTE,NSE,Bulk,Sell,18-11-2024,864.11,1538624,0.59%
Medplus Health Services Ltd.,MORGAN STANLEY ASIA SINGAPORE PTE,NSE,Block,Purchase,18-11-2024,700,142858,0.12%
PNB Housing Finance Ltd.,MORGAN STANLEY ASIA (SINGAPORE) PTE. - ODI,NSE,Bulk,Purchase,13-11-2024,939.3,11971482,4.61%
PNB Housing Finance Ltd.,MORGAN STANLEY ASIA SINGAPORE PTE,NSE,Bulk,Purchase,13-11-2024,939.3,2250000,0.87%
Titagarh Rail Systems Ltd.,MORGAN STANLEY ASIA SINGAPORE PTE,NSE,Bulk,Purchase,16-10-2024,1120,763738,0.57%
HDFC Bank Ltd.,MORGAN STANLEY ASIA (SINGAPORE) PTE.,BSE,Block,Purchase,03-10-2024,1726.2,1750190,0.02%
Cyient DLM Ltd.,MORGAN STANLEY ASIA SINGAPORE PTE - ODI,NSE,Bulk,Sell,30-09-2024,667,434017,0.55%
Sterling and Wilson Renewable Energy Ltd.,MORGAN STANLEY ASIA SINGAPORE PTE,NSE,Bulk,Purchase,27-09-2024,623,2025000,0.87%
Nuvama Wealth Management Ltd.,MORGAN STANLEY ASIA SINGAPORE PTE,BSE,Bulk,Purchase,27-09-2024,6702.6,342129,0.96%
Nuvama Wealth Management Ltd.,MORGAN STANLEY ASIA SINGAPORE PTE,BSE,Block,Purchase,27-09-2024,6702.6,342129,0.96%
Nuvama Wealth Management Ltd.,MORGAN STANLEY ASIA SINGAPORE PTE,BSE,Block,Purchase,27-09-2024,6702.6,62439,0.17%
Entero Healthcare Solutions Ltd.,MORGAN STANLEY ASIA SINGAPORE PTE,BSE,Block,Purchase,27-09-2024,1305,76966,0.18%
Five-Star Business Finance Ltd.,MORGAN STANLEY ASIA SINGAPORE PTE,BSE,Block,Purchase,26-09-2024,800.5,760373,0.26%
Five-Star Business Finance Ltd.,MORGAN STANLEY ASIA SINGAPORE PTE,BSE,Block,Purchase,26-09-2024,800.5,313105,0.11%
Honasa Consumer Ltd.,MORGAN STANLEY ASIA SINGAPORE PTE,NSE,Bulk,Purchase,12-09-2024,495,2417676,0.74%
Indigo Paints Ltd.,MORGAN STANLEY ASIA (SINGAPORE) PTE. - ODI,NSE,Bulk,Purchase,06-09-2024,1491.88,308255,0.65%
RBL Bank Ltd.,MORGAN STANLEY ASIA (SINGAPORE) PTE. - ODI,NSE,Block,Sell,03-09-2024,227.79,928070,0.15%
KPI Green Energy Ltd.,MORGAN STANLEY ASIA (SINGAPORE) PTE. - ODI,NSE,Block,Sell,03-09-2024,886.6,157157,0.12%
Medi Assist Healthcare Services Ltd.,MORGAN STANLEY ASIA SINGAPORE PTE,NSE,Block,Purchase,03-09-2024,611.7,163484,0.23%
Sula Vineyards Ltd.,MORGAN STANLEY ASIA (SINGAPORE) PTE. - ODI,NSE,Block,Sell,03-09-2024,487.9,228235,0.27%
Cyient DLM Ltd.,MORGAN STANLEY ASIA (SINGAPORE) PTE. - ODI,NSE,Block,Sell,03-09-2024,732.35,259753,0.33%
TCNS Clothing Co. Ltd.,MORGAN STANLEY ASIA SINGAPORE PTE,NSE,Bulk,Sell,02-09-2024,574.64,337980,0.53%
InterGlobe Aviation Ltd.,MORGAN STANLEY ASIA (SINGAPORE) PTE.,BSE,Bulk,Purchase,29-08-2024,4714.9,2854000,0.74%
TCNS Clothing Co. Ltd.,MORGAN STANLEY ASIA SINGAPORE PTE,NSE,Bulk,Sell,28-08-2024,578.75,459828,0.73%
TCNS Clothing Co. Ltd.,MORGAN STANLEY ASIA SINGAPORE PTE,NSE,Bulk,Sell,28-08-2024,576.18,353127,0.56%
Au Small Finance Bank Ltd.,MORGAN STANLEY ASIA SINGAPORE PTE,NSE,Block,Purchase,26-08-2024,630,1060001,0.14%
Ambuja Cements Ltd.,MORGAN STANLEY ASIA SINGAPORE PTE,NSE,Block,Purchase,23-08-2024,625.5,3880000,0.16%
FSN E-Commerce Ventures Ltd.,MORGAN STANLEY ASIA SINGAPORE PTE,BSE,Block,Purchase,23-08-2024,208.3,1925000,0.07%
Alkem Laboratories Ltd.,MORGAN STANLEY ASIA SINGAPORE PTE-ODI,NSE,Block,Purchase,22-08-2024,5732.15,98000,0.08%
Alkem Laboratories Ltd.,MORGAN STANLEY ASIA SINGAPORE PTE,NSE,Block,Purchase,22-08-2024,5732.15,35000,0.03%
PNB Housing Finance Ltd.,MORGAN STANLEY ASIA SINGAPORE PTE,BSE,Block,Purchase,21-08-2024,802.5,249281,0.10%
PNB Housing Finance Ltd.,MORGAN STANLEY ASIA SINGAPORE PTE,BSE,Block,Purchase,21-08-2024,802.5,124650,0.05%
Cyient DLM Ltd.,MORGAN STANLEY ASIA SINGAPORE PTE,BSE,Bulk,Purchase,21-08-2024,764.4,3617250,4.56%
Cyient DLM Ltd.,MORGAN STANLEY ASIA SINGAPORE PTE,BSE,Bulk,Purchase,21-08-2024,764.4,520471,0.66%
Nexus Select Trust REIT,MORGAN STANLEY ASIA (SINGAPORE) PTE. - ODI,NSE,Bulk,Purchase,14-08-2024,137.85,3003,0.00%
Nexus Select Trust REIT,MORGAN STANLEY ASIA (SINGAPORE) PTE. - ODI,NSE,Bulk,Sell,14-08-2024,138.33,7841479,0.52%
Nexus Select Trust REIT,MORGAN STANLEY ASIA SINGAPORE PTE ODI,NSE,Bulk,Purchase,09-08-2024,138,27661841,1.83%
Nexus Select Trust REIT,MORGAN STANLEY ASIA SINGAPORE PTE,NSE,Bulk,Purchase,09-08-2024,138,12168660,0.80%
JTL Industries Ltd.,MORGAN STANLEY ASIA (SINGAPORE) PTE.,BSE,Bulk,Sell,29-07-2024,213,1100000,0.28%
JTL Industries Ltd.,MORGAN STANLEY ASIA (SINGAPORE) PTE.,BSE,Block,Sell,29-07-2024,213,1100000,0.28%
Jyoti CNC Automation Ltd.,MORGAN STANLEY ASIA SINGAPORE PTE,NSE,Bulk,Purchase,29-07-2024,1123,1377180,0.61%
Jyoti CNC Automation Ltd.,MORGAN STANLEY ASIA SINGAPORE PTE,NSE,Block,Purchase,29-07-2024,1123,1377180,0.61%
Jyoti CNC Automation Ltd.,MORGAN STANLEY ASIA (SINGAPORE) PTE.,NSE,Block,Purchase,29-07-2024,1123,356188,0.16%
RBL Bank Ltd.,MORGAN STANLEY ASIA SINGAPORE PTE,BSE,Bulk,Purchase,25-07-2024,228,12505200,2.06%
Zomato Ltd.,MORGAN STANLEY ASIA SINGAPORE PTE,NSE,Block,Purchase,16-07-2024,226.85,440998,0.00%
Delhivery Ltd.,MORGAN STANLEY ASIA SINGAPORE PTE,BSE,Block,Purchase,10-07-2024,388.45,1950001,0.26%
Mankind Pharma Ltd.,MORGAN STANLEY ASIA SINGAPORE PTE,NSE,Block,Purchase,10-07-2024,2082,336672,0.08%
Mankind Pharma Ltd.,MORGAN STANLEY ASIA SINGAPORE PTE,NSE,Block,Purchase,10-07-2024,2082,288626,0.07%
Mankind Pharma Ltd.,MORGAN STANLEY ASIA SINGAPORE PTE,NSE,Block,Purchase,10-07-2024,2082,48032,0.01%
Mankind Pharma Ltd.,MORGAN STANLEY ASIA SINGAPORE PTE,NSE,Block,Purchase,10-07-2024,2082,48031,0.01%
HCL Technologies Ltd.,MORGAN STANLEY ASIA SINGAPORE PTE,NSE,Block,Purchase,28-06-2024,1440.5,1031316,0.04%
Samhi Hotels Ltd.,MORGAN STANLEY ASIA SINGAPORE PTE,BSE,Bulk,Purchase,28-06-2024,187.1,3092665,1.41%
Samhi Hotels Ltd.,MORGAN STANLEY ASIA SINGAPORE PTE,BSE,Block,Purchase,28-06-2024,187.1,3092665,1.41%
Stanley Lifestyles Ltd.,MORGAN STANLEY ASIA SINGAPORE PTE,BSE,Bulk,Purchase,28-06-2024,478.87,350000,0.61%
CSB Bank Ltd.,MORGAN STANLEY ASIA SINGAPORE PTE,NSE,Block,Purchase,27-06-2024,352.75,590831,0.34%
Hindustan Foods Ltd.,MORGAN STANLEY ASIA SINGAPORE PTE,NSE,Bulk,Purchase,26-06-2024,502,1070000,0.93%
Hindustan Foods Ltd.,MORGAN STANLEY ASIA SINGAPORE PTE,NSE,Block,Purchase,26-06-2024,502,1070000,0.93%
Alkem Laboratories Ltd.,MORGAN STANLEY ASIA SINGAPORE PTE,NSE,Block,Purchase,25-06-2024,4956,98495,0.08%
Aster DM Healthcare Ltd.,MORGAN STANLEY ASIA SINGAPORE PTE,BSE,Bulk,Purchase,21-06-2024,340,6666030,1.33%
IndiaMART InterMESH Ltd.,MORGAN STANLEY ASIA (SINGAPORE) PTE,BSE,Block,Purchase,21-06-2024,2601,190000,0.32%
PNB Housing Finance Ltd.,MORGAN STANLEY ASIA SINGAPORE PTE - ODI,NSE,Bulk,Purchase,20-06-2024,785,2285810,0.88%
RateGain Travel Technologies Ltd.,MORGAN STANLEY ASIA SINGAPORE PTE,NSE,Block,Purchase,20-06-2024,745,134300,0.11%
RateGain Travel Technologies Ltd.,MORGAN STANLEY ASIA SINGAPORE PTE.,NSE,Block,Purchase,20-06-2024,745,134300,0.11%
Sansera Engineering Ltd.,MORGAN STANLEY ASIA SINGAPORE PTE,NSE,Bulk,Purchase,19-06-2024,1200,333343,0.54%
Sansera Engineering Ltd.,MORGAN STANLEY ASIA SINGAPORE PTE,NSE,Block,Purchase,19-06-2024,1200,333343,0.54%
Sansera Engineering Ltd.,MORGAN STANLEY ASIA SINGAPORE PTE,NSE,Block,Purchase,19-06-2024,1200,250003,0.40%
L&T Finance Ltd.,MORGAN STANLEY ASIA SINGAPORE PTE,BSE,Bulk,Purchase,13-06-2024,170.6,31329540,1.26%
L&T Finance Ltd.,MORGAN STANLEY ASIA SINGAPORE PTE,BSE,Block,Purchase,13-06-2024,170.6,20026502,0.80%
L&T Finance Ltd.,MORGAN STANLEY ASIA SINGAPORE PTE,BSE,Block,Purchase,13-06-2024,170.6,13750998,0.55%
MphasiS Ltd.,MORGAN STANLEY ASIA SINGAPORE PTE,NSE,Bulk,Purchase,10-06-2024,2363,2225500,1.18%
KFIN Technologies Ltd.,MORGAN STANLEY ASIA SINGAPORE PTE,NSE,Bulk,Purchase,30-05-2024,712.5,1063850,0.62%
R R Kabel Ltd.,MORGAN STANLEY ASIA SINGAPORE PTE,BSE,Block,Purchase,30-05-2024,1701.1,219857,0.19%
R R Kabel Ltd.,MORGAN STANLEY ASIA SINGAPORE PTE,BSE,Block,Purchase,30-05-2024,1701.1,176973,0.16%
R R Kabel Ltd.,MORGAN STANLEY ASIA SINGAPORE PTE,BSE,Block,Purchase,30-05-2024,1701.1,97987,0.09%
Timken India Ltd.,MORGAN STANLEY ASIA SINGAPORE PTE,BSE,Block,Purchase,28-05-2024,3913.35,104000,0.14%
Inox Wind Ltd.,MORGAN STANLEY ASIA SINGAPORE PTE,NSE,Bulk,Purchase,28-05-2024,150,6666000,0.51%
Inox Wind Ltd.,MORGAN STANLEY ASIA SINGAPORE PTE,NSE,Bulk,Purchase,28-05-2024,150,1650000,0.13%
Star Health and Allied Insurance Company Ltd.,MORGAN STANLEY ASIA SINGAPORE PTE,NSE,Block,Purchase,23-05-2024,535,2918134,0.50%
Star Health and Allied Insurance Company Ltd.,MORGAN STANLEY ASIA SINGAPORE PTE,NSE,Block,Purchase,23-05-2024,535,1439485,0.24%
Apollo Tyres Ltd.,MORGAN STANLEY ASIA SINGAPORE PTE,BSE,Bulk,Purchase,22-05-2024,477.35,4014099,0.63%
Apollo Tyres Ltd.,MORGAN STANLEY ASIA SINGAPORE PTE,BSE,Block,Purchase,22-05-2024,477.35,4014099,0.63%
Apollo Tyres Ltd.,MORGAN STANLEY ASIA SINGAPORE PTE,BSE,Block,Purchase,22-05-2024,477.35,872630,0.14%
PB Fintech Ltd.,MORGAN STANLEY ASIA (SINGAPORE) PTE. - ODI,NSE,Block,Purchase,17-05-2024,1325.15,1465000,0.32%
PB Fintech Ltd.,MORGAN STANLEY ASIA (SINGAPORE) PTE.,NSE,Block,Purchase,17-05-2024,1325.15,200000,0.04%
Cipla Ltd.,MORGAN STANLEY ASIA SINGAPORE PTE,NSE,Block,Purchase,15-05-2024,1345,631500,0.08%
ICICI Lombard General Insurance Company Ltd.,MORGAN STANLEY ASIA SINGAPORE PTE,BSE,Block,Purchase,09-05-2024,1722.5,350000,0.07%
ICICI Lombard General Insurance Company Ltd.,MORGAN STANLEY ASIA SINGAPORE PTE,BSE,Block,Purchase,09-05-2024,1722.5,100000,0.02%
Grasim Industries Ltd- Partly Paidup,MORGAN STANLEY ASIA SINGAPORE PTE,NSE,Bulk,Purchase,03-05-2024,1202.05,319113,-%
SBFC Finance Ltd.,MORGAN STANLEY ASIA SINGAPORE PTE,NSE,Bulk,Purchase,30-04-2024,88,6874257,0.63%
Axis Bank Ltd.,MORGAN STANLEY ASIA SINGAPORE PTE,BSE,Block,Purchase,09-04-2024,1071,4225000,0.14%
Axis Bank Ltd.,MORGAN STANLEY ASIA SINGAPORE PTE,BSE,Block,Purchase,09-04-2024,1071,95911,0.00%
Grasim Industries Ltd- Partly Paidup,MORGAN STANLEY ASIA SINGAPORE PTE,NSE,Bulk,Sell,04-04-2024,1041.23,120204,-%
ITC Ltd.,MORGAN STANLEY ASIA SINGAPORE PTE,BSE,Block,Purchase,13-03-2024,400.25,15300000,0.12%
InterGlobe Aviation Ltd.,MORGAN STANLEY ASIA (SINGAPORE) PTE.,BSE,Bulk,Purchase,11-03-2024,3015.1,2100000,0.54%
Zomato Ltd.,MORGAN STANLEY ASIA (SINGAPORE) PTE.,BSE,Bulk,Purchase,06-03-2024,160.1,56811443,0.64%
CMS Info Systems Ltd.,MORGAN STANLEY ASIA SINGAPORE PTE,BSE,Bulk,Purchase,27-02-2024,370.05,869145,0.53%
Eureka Forbes Ltd.,MORGAN STANLEY ASIA SINGAPORE PTE,BSE,Bulk,Purchase,22-02-2024,504.95,1944294,1.00%
Eureka Forbes Ltd.,MORGAN STANLEY ASIA SINGAPORE PTE,BSE,Block,Purchase,22-02-2024,504.95,1944294,1.00%
Devyani International Ltd.,MORGAN STANLEY ASIA SINGAPORE PTE,NSE,Block,Purchase,21-02-2024,164.1,1875000,0.16%
Devyani International Ltd.,MORGAN STANLEY ASIA SINGAPORE PTE,NSE,Block,Purchase,21-02-2024,164.1,550000,0.05%
Sula Vineyards Ltd.,MORGAN STANLEY ASIA SINGAPORE PTE,NSE,Bulk,Purchase,19-02-2024,575,865500,1.03%
YES Bank Ltd.,MORGAN STANLEY ASIA (SINGAPORE) PTE.,BSE,Bulk,Purchase,15-02-2024,27.1,306305668,0.98%
Bharat Petroleum Corporation Ltd.,MORGAN STANLEY ASIA SINGAPORE PTE,BSE,Block,Purchase,14-02-2024,584,171500,0.00%
Mankind Pharma Ltd.,MORGAN STANLEY ASIA SINGAPORE PTE,NSE,Block,Purchase,08-02-2024,2107.35,50043,0.01%
One97 Communications Ltd.,MORGAN STANLEY ASIA (SINGAPORE) PTE. - ODI,NSE,Bulk,Purchase,02-02-2024,487.2,5000000,0.78%
Indigo Paints Ltd.,MORGAN STANLEY ASIA SINGAPORE PTE,NSE,Bulk,Purchase,16-01-2024,1475,275000,0.58%
Zomato Ltd.,MORGAN STANLEY ASIA SINGAPORE PTE,NSE,Block,Purchase,15-01-2024,138.15,3900000,0.04%
Ami Organics Ltd.,MORGAN STANLEY ASIA SINGAPORE PTE,NSE,Bulk,Purchase,21-12-2023,1030,807500,1.97%
Astral Ltd.,MORGAN STANLEY ASIA SINGAPORE PTE,NSE,Block,Purchase,20-12-2023,1889.8,220000,0.08%
Nippon Life India Asset Management Ltd.,MORGAN STANLEY ASIA SINGAPORE PTE,BSE,Block,Purchase,20-12-2023,445.35,225000,0.04%
Apollo Tyres Ltd.,MORGAN STANLEY ASIA SINGAPORE PTE,BSE,Block,Purchase,19-12-2023,448.35,1132000,0.18%
Apollo Tyres Ltd.,MORGAN STANLEY ASIA SINGAPORE PTE,BSE,Block,Purchase,19-12-2023,448.35,450000,0.07%
Apollo Tyres Ltd.,MORGAN STANLEY ASIA SINGAPORE PTE,BSE,Block,Purchase,19-12-2023,448.35,283000,0.04%
Apollo Tyres Ltd.,MORGAN STANLEY ASIA SINGAPORE PTE,BSE,Block,Purchase,19-12-2023,448.35,225000,0.04%
PVR INOX Ltd.,MORGAN STANLEY ASIA SINGAPORE PTE,NSE,Block,Purchase,15-12-2023,1753,57225,0.06%
Fusion Finance Ltd.,MORGAN STANLEY ASIA SINGAPORE PTE,BSE,Bulk,Purchase,14-12-2023,555.6,1780000,1.76%
Fusion Finance Ltd.,MORGAN STANLEY ASIA SINGAPORE PTE,BSE,Block,Purchase,14-12-2023,555.6,1600000,1.58%
Fusion Finance Ltd.,MORGAN STANLEY ASIA SINGAPORE PTE,BSE,Block,Purchase,14-12-2023,555.6,180000,0.18%
Axis Bank Ltd.,MORGAN STANLEY ASIA SINGAPORE PTE - ODI,NSE,Block,Purchase,13-12-2023,1119.7,3975000,0.13%
Zomato Ltd.,MORGAN STANLEY ASIA SINGAPORE PTE,NSE,Block,Purchase,08-12-2023,120.5,8355000,0.09%
Kesoram Industries Ltd.,MORGAN STANLEY ASIA SINGAPORE PTE,NSE,Bulk,Purchase,06-12-2023,154.17,2132000,0.69%
Computer Age Management Services Ltd.,MORGAN STANLEY ASIA SINGAPORE PTE,BSE,Bulk,Purchase,04-12-2023,2766,442000,0.90%
Computer Age Management Services Ltd.,MORGAN STANLEY ASIA (SINGAPORE) PTE,BSE,Bulk,Purchase,04-12-2023,2766,319139,0.65%
Computer Age Management Services Ltd.,MORGAN STANLEY ASIA SINGAPORE PTE,BSE,Block,Purchase,04-12-2023,2766,442000,0.90%
Computer Age Management Services Ltd.,MORGAN STANLEY ASIA SINGAPORE PTE,BSE,Block,Purchase,04-12-2023,2766,20000,0.04%
Zomato Ltd.,MORGAN STANLEY ASIA (SINGAPORE) PTE.,BSE,Bulk,Purchase,29-11-2023,112.7,43973993,0.50%
Zomato Ltd.,MORGAN STANLEY ASIA (SINGAPORE) PTE.,BSE,Block,Purchase,29-11-2023,112.7,43973993,0.50%
Zomato Ltd.,MORGAN STANLEY ASIA (SINGAPORE) PTE.,BSE,Block,Purchase,29-11-2023,112.7,1950000,0.02%
Praveg Ltd.,MORGAN STANLEY ASIA (SINGAPORE) PTE.,BSE,Bulk,Purchase,02-11-2023,549.98,200000,0.87%
Praveg Ltd.,MORGAN STANLEY ASIA (SINGAPORE) PTE.,BSE,Bulk,Sell,02-11-2023,601.31,6781,0.03%
Zomato Ltd.,MORGAN STANLEY ASIA SINGAPORE PTE,NSE,Block,Purchase,20-10-2023,111.2,4865717,0.06%
Zomato Ltd.,MORGAN STANLEY ASIA SINGAPORE PTE,NSE,Block,Purchase,20-10-2023,111.2,1122857,0.01%
Hi-Green Carbon Ltd.,MORGAN STANLEY ASIA (SINGAPORE) PTE.,NSE,Bulk,Sell,16-10-2023,151.45,235200,0.94%
PB Fintech Ltd.,MORGAN STANLEY ASIA SINGAPORE PTE,NSE,Block,Purchase,06-10-2023,762.8,1037784,0.23%
PB Fintech Ltd.,MORGAN STANLEY ASIA SINGAPORE PTE,NSE,Block,Purchase,06-10-2023,762.8,546202,0.12%
Hi-Green Carbon Ltd.,MORGAN STANLEY ASIA SINGAPORE PTE,NSE,Bulk,Purchase,28-09-2023,77,200000,0.80%
Signatureglobal (India) Ltd.,MORGAN STANLEY ASIA (SINGAPORE) PTE.,NSE,Bulk,Sell,27-09-2023,447.9,744793,0.53%
Samhi Hotels Ltd.,MORGAN STANLEY ASIA (SINGAPORE) PTE.,NSE,Bulk,Sell,22-09-2023,139.37,1926726,0.88%
Sula Vineyards Ltd.,MORGAN STANLEY ASIA SINGAPORE PTE,NSE,Bulk,Purchase,31-08-2023,484,1310001,1.55%
Zomato Ltd.,MORGAN STANLEY ASIA SINGAPORE PTE,NSE,Block,Purchase,30-08-2023,94.7,19640971,0.22%
Zomato Ltd.,MORGAN STANLEY ASIA SINGAPORE PTE,NSE,Block,Purchase,30-08-2023,94.7,2620000,0.03%
Ami Organics Ltd.,MORGAN STANLEY ASIA SINGAPORE PTE NON ODI,BSE,Bulk,Purchase,29-08-2023,1250,621898,1.52%
Strides Pharma Science Ltd.,MORGAN STANLEY ASIA (SINGAPORE) PTE. - ODI,NSE,Block,Purchase,28-08-2023,438,230000,0.25%
Zomato Ltd.,MORGAN STANLEY ASIA SINGAPORE PTE,BSE,Block,Purchase,28-08-2023,91,12308000,0.14%
Zomato Ltd.,MORGAN STANLEY ASIA SINGAPORE PTE,NSE,Block,Purchase,28-08-2023,90.1,7009746,0.08%
Zomato Ltd.,MORGAN STANLEY ASIA SINGAPORE PTE,BSE,Block,Purchase,28-08-2023,91,3060000,0.03%
One97 Communications Ltd.,MORGAN STANLEY ASIA SINGAPORE PTE,BSE,Bulk,Purchase,25-08-2023,895.2,3996117,0.63%
One97 Communications Ltd.,MORGAN STANLEY ASIA SINGAPORE PTE,BSE,Block,Purchase,25-08-2023,895.2,3996117,0.63%
Coforge Ltd.,MORGAN STANLEY ASIA SINGAPORE PTE,NSE,Bulk,Purchase,24-08-2023,4879.43,350000,0.52%
TRF Ltd.,MORGAN STANLEY ASIA SINGAPORE PTE,NSE,Bulk,Sell,22-08-2023,232.84,203805,1.85%
SJS Enterprises Ltd.,MORGAN STANLEY ASIA SINGAPORE PTE,NSE,Bulk,Purchase,22-08-2023,600,250000,0.81%
Repro India Ltd.,MORGAN STANLEY ASIA (SINGAPORE) PTE.,BSE,Bulk,Purchase,18-08-2023,800,164903,1.15%
Bikaji Foods International Ltd.,MORGAN STANLEY ASIA SINGAPORE PTE,BSE,Block,Purchase,08-08-2023,480,208834,0.08%
Piramal Enterprises Ltd.,MORGAN STANLEY ASIA SINGAPORE PTE,BSE,Block,Purchase,06-07-2023,941.15,142000,0.06%
TD Power Systems Ltd.,MORGAN STANLEY ASIA SINGAPORE PTE,NSE,Block,Purchase,30-06-2023,221,460000,0.29%
Sapphire Foods India Ltd.,MORGAN STANLEY ASIA SINGAPORE PTE - ODI,NSE,Block,Purchase,27-06-2023,1377.1,100000,0.03%
Sansera Engineering Ltd.,MORGAN STANLEY ASIA SINGAPORE PTE,NSE,Block,Purchase,22-06-2023,835,179641,0.29%
Shriram Finance Ltd.,MORGAN STANLEY ASIA (SINGAPORE) PTE  ODI,NSE,Block,Purchase,21-06-2023,1545,1644449,0.44%
Shriram Finance Ltd.,MORGAN STANLEY ASIA (SINGAPORE) PTE,NSE,Block,Purchase,21-06-2023,1545,540000,0.14%
HDFC Asset Management Company Ltd.,MORGAN STANLEY ASIA SINGAPORE PTE,BSE,Block,Purchase,20-06-2023,1873,420000,0.20%
Shriram Finance Ltd.,MORGAN STANLEY ASIA SINGAPORE PTE NON ODI,BSE,Block,Purchase,19-06-2023,1401,556300,0.15%
Shriram Finance Ltd.,MORGAN STANLEY ASIA SINGAPORE PTE,BSE,Block,Purchase,19-06-2023,1401,163900,0.04%
Shriram Finance Ltd.,MORGAN STANLEY ASIA SINGAPORE PTE,BSE,Block,Purchase,19-06-2023,1401,107000,0.03%
Axis Bank Ltd.,MORGAN STANLEY ASIA SINGAPORE PTE - ODI,NSE,Block,Purchase,15-06-2023,968,1325000,0.04%
HDFC Life Insurance Company Ltd.,MORGAN STANLEY ASIA SINGAPORE PTE,BSE,Block,Purchase,31-05-2023,579.6,650000,0.03%
Zee Entertainment Enterprises Ltd.,MORGAN STANLEY ASIA SINGAPORE PTE,BSE,Bulk,Purchase,17-04-2023,204.5,11019999,1.15%
Zee Entertainment Enterprises Ltd.,MORGAN STANLEY ASIA SINGAPORE PTE,BSE,Bulk,Purchase,17-04-2023,204.5,4815000,0.50%
Divgi Torqtransfer Systems Ltd.,MORGAN STANLEY ASIA (SINGAPORE) PTE.,NSE,Bulk,Sell,14-03-2023,590.32,373611,1.22%
One97 Communications Ltd.,MORGAN STANLEY ASIA (SINGAPORE) PTE.,NSE,Bulk,Purchase,10-02-2023,640,5423087,0.85%
One97 Communications Ltd.,MORGAN STANLEY ASIA (SINGAPORE) PTE.,NSE,Bulk,Sell,10-02-2023,667.66,523878,0.08%
Syngene International Ltd.,MORGAN STANLEY ASIA SINGAPORE PTE,BSE,Block,Purchase,01-02-2023,560,1035670,0.26%
Tata Metaliks Ltd.,MORGAN STANLEY ASIA SINGAPORE PTE,NSE,Bulk,Purchase,16-01-2023,834.67,198417,0.63%
One97 Communications Ltd.,MORGAN STANLEY ASIA (SINGAPORE) PTE. - ODI,NSE,Bulk,Purchase,12-01-2023,534.8,5495000,0.86%
Elin Electronics Ltd.,MORGAN STANLEY ASIA (SINGAPORE) PTE.,NSE,Bulk,Sell,30-12-2022,231.6,500000,1.01%
KFIN Technologies Ltd.,MORGAN STANLEY ASIA (SINGAPORE) PTE.,NSE,Bulk,Sell,29-12-2022,365.04,1000000,0.58%
FSN E-Commerce Ventures Ltd.,MORGAN STANLEY ASIA SINGAPORE PTE,BSE,Block,Purchase,22-11-2022,182,2917294,0.10%
Delhivery Ltd.,MORGAN STANLEY ASIA (SINGAPORE) PTE. - ODI,NSE,Bulk,Purchase,21-11-2022,330,4854607,0.65%
FSN E-Commerce Ventures Ltd.,MORGAN STANLEY ASIA SINGAPORE PTE,NSE,Block,Purchase,18-11-2022,184.55,8400000,0.29%
One97 Communications Ltd.,MORGAN STANLEY ASIA SINGAPORE PTE,NSE,Bulk,Purchase,17-11-2022,555,6003468,0.94%
FSN E-Commerce Ventures Ltd.,MORGAN STANLEY ASIA (SINGAPORE) PTE.,BSE,Bulk,Purchase,11-11-2022,186.4,8213050,0.29%
FSN E-Commerce Ventures Ltd.,MORGAN STANLEY ASIA (SINGAPORE) PTE.,BSE,Block,Purchase,11-11-2022,186.4,8213050,0.29%
Zee Entertainment Enterprises Ltd.,MORGAN STANLEY ASIA SINGAPORE PTE,NSE,Block,Purchase,18-10-2022,263.7,3279153,0.34%
PI Industries Ltd.,MORGAN STANLEY ASIA SINGAPORE PTE,BSE,Block,Purchase,23-09-2022,3150,200000,0.13%
PI Industries Ltd.,MORGAN STANLEY ASIA SINGAPORE PTE,BSE,Block,Purchase,23-09-2022,3150,100000,0.07%
ACC Ltd.,MORGAN STANLEY ASIA (SINGAPORE) PTE.,NSE,Bulk,Purchase,02-09-2022,2290,941557,0.50%
Dodla Dairy Ltd.,MORGAN STANLEY ASIA SINGAPORE PTE,BSE,Block,Purchase,01-09-2022,509,196465,0.33%
IIFL Finance Ltd.,MORGAN STANLEY ASIA SINGAPORE PTE,NSE,Bulk,Purchase,19-08-2022,334.95,3500000,0.82%
Zee Learn Ltd.,MORGAN STANLEY ASIA (SINGAPORE) PTE. - ODI,NSE,Bulk,Sell,07-01-2022,19.18,1990685,0.61%
Zee Learn Ltd.,MORGAN STANLEY ASIA (SINGAPORE) PTE. - ODI,NSE,Bulk,Sell,06-01-2022,18.44,4769108,1.46%
Sammaan Capital Ltd.,MORGAN STANLEY ASIA (SINGAPORE) PTE. - ODI,NSE,Bulk,Purchase,16-12-2021,262.35,2732476,0.37%
Aavas Financiers Ltd.,MORGAN STANLEY ASIA SINGAPORE PTE,BSE,Block,Purchase,20-08-2021,2452.5,60548,0.08%
Aavas Financiers Ltd.,MORGAN STANLEY ASIA SINGAPORE PTE,BSE,Block,Purchase,20-08-2021,2452.5,41000,0.05%
Exxaro Tiles Ltd.,MORGAN STANLEY ASIA SINGAPORE PTE,NSE,Bulk,Sell,16-08-2021,127.07,254380,0.57%
SBI Life Insurance Company Ltd.,MORGAN STANLEY ASIA SINGAPORE PTE,BSE,Block,Purchase,05-08-2021,1130,100000,0.01%
SBI Cards and Payment Services Ltd.,MORGAN STANLEY ASIA (SINGAPORE) PTE. - ODI,NSE,Bulk,Purchase,18-06-2021,1002,5409522,0.57%
Zee Learn Ltd.,MORGAN STANLEY ASIA (SINGAPORE) PTE. - ODI,NSE,Bulk,Sell,15-06-2021,18.69,4018490,1.23%
Newgen Software Technologies Ltd.,MORGAN STANLEY ASIA SINGAPORE PTE,BSE,Block,Purchase,15-06-2021,454,222000,0.16%
Delhivery Ltd.,HSBC GLOBAL INVESTMENT FUNDS INDIAN EQUITY,BSE,Block,Purchase,10-07-2024,388.45,256456,0.03%
CarTrade Tech Ltd.,HSBC GLOBAL INVESTMENT FUNDS ASIA EX JAPAN EQUITY SMALLER COMPANIES,BSE,Bulk,Purchase,24-06-2024,828,434510,0.92%
PB Fintech Ltd.,HSBC GLOBAL INVESTMENT FUNDS - ASIA EX JAPAN EQUIT,NSE,Block,Purchase,17-05-2024,1325.15,46353,0.01%
PB Fintech Ltd.,HSBC GLOBAL INVESTMENT FUNDS - MANAGED SOLUTIONS -,NSE,Block,Purchase,17-05-2024,1325.15,1838,0.00%
Delhivery Ltd.,HSBC INDIA INFRASTRUCTURE EQUITY MOTHER FUND  (HSBC GLOBAL) (HK1018480),NSE,Block,Purchase,24-04-2024,444.3,378762,0.05%
Delhivery Ltd.,HSBC GLOBAL INVESTMENT FUNDS INDIAN EQUITY,NSE,Block,Purchase,24-04-2024,444.3,174693,0.02%
Delhivery Ltd.,HSBC INDIAN EQUITY FUND (HSBC GLOBAL ) (SG1020932/CANADA),NSE,Block,Purchase,24-04-2024,444.3,2623,0.00%
ITC Ltd.,HSBC GLOBAL FUNDS ICAV - MULTIFACTOR WORLDWIDE EQUITY FUND,BSE,Block,Purchase,13-03-2024,400.25,71159,0.00%
ITC Ltd.,HSBC GLOBAL INVESTMENT FUNDS - GLOBAL EQUITY VOLATILITY FOCUSED,BSE,Block,Purchase,13-03-2024,400.25,4325,0.00%
ITC Ltd.,HSBC GLOBAL INVESTMENT FUNDS-GLOBAL EMERGING MARKETS MULTI-ASSET INCOME,BSE,Block,Purchase,13-03-2024,400.25,598,0.00%
Mankind Pharma Ltd.,HSBC GLOBAL INVESTMENT FUNDS - ASIA EX JAPAN EQUITY,NSE,Block,Purchase,08-02-2024,2107.35,8283,0.00%
Mankind Pharma Ltd.,HSBC GLOBAL INVESTMENT FUNDS - MANAGED SOLUTIONS ASIA FOCUSED GROWTH,NSE,Block,Purchase,08-02-2024,2107.35,338,0.00%
SJS Enterprises Ltd.,HSBC GLOBAL INVESTMENT FUNDS - ASIA EX JAPAN EQUITY SMALLER COMPANIES,NSE,Bulk,Purchase,22-08-2023,600,502000,1.62%
Shriram Finance Ltd.,HSBC GLOBAL INVESTMENT FUNDS  GLOBAL EMERGING MARKETS EQUITY,NSE,Block,Purchase,21-06-2023,1545,65186,0.02%
Sapphire Foods India Ltd.,HSBC GLOBAL INVESTMENT FUNDS-.ASIA EX JAPAN EQUITY SMALLER COMPANIES,BSE,Block,Purchase,15-12-2022,1347,74240,0.02%
FSN E-Commerce Ventures Ltd.,HSBC GLOBAL INVESTMENT FUNDS   ASIA EX JAPAN EQUITY SMALLER COMPANIES,NSE,Block,Purchase,18-11-2022,184.55,1353756,0.05%
FSN E-Commerce Ventures Ltd.,HSBC GLOBAL INVESTMENT FUNDS INDIAN EQUITY,NSE,Block,Purchase,18-11-2022,184.55,1269203,0.04%
FSN E-Commerce Ventures Ltd.,HSBC GLOBAL INVESTMENT FUNDS   ASIA EX JAPAN EQUITY,NSE,Block,Purchase,18-11-2022,184.55,367110,0.01%
Sammaan Capital Ltd.,HSBC GLOBAL INVESTMENT FUNDS - ASIA EX JAPAN EQUITY,NSE,Block,Purchase,16-12-2021,262.35,459655,0.06%
Sammaan Capital Ltd.,HSBC GLOBAL INVESTMENT FUNDS - MANAGED SOLUTIONS ASIA FOCUSED GROWTH,NSE,Block,Purchase,16-12-2021,262.35,30689,0.00%
Stove Kraft Ltd.,HSBC GLOBAL INVESTMENT FUNDS - ASIA EX JAPAN EQUITY SMALLER COMPANIES,NSE,Bulk,Purchase,07-09-2021,929.85,537112,1.63%
Axis Bank Ltd.,HSBC GLOBAL INVESTMENT FUNDS INDIAN EQUITY,NSE,Block,Sell,27-07-2021,756.3,204028,0.01%
Bharti Airtel Ltd.,HSBC GLOBAL INVESTMENT FUNDS INDIAN EQUITY,NSE,Block,Sell,27-07-2021,544.05,360069,0.01%
DLF Ltd.,HSBC GLOBAL INVESTMENT FUNDS INDIAN EQUITY,NSE,Block,Sell,27-07-2021,333.95,377735,0.02%
Grasim Industries Ltd.,HSBC GLOBAL INVESTMENT FUNDS INDIAN EQUITY,NSE,Block,Sell,27-07-2021,1550.25,110636,0.02%
HCL Technologies Ltd.,HSBC GLOBAL INVESTMENT FUNDS INDIAN EQUITY,NSE,Block,Sell,27-07-2021,1000.3,304454,0.01%
Housing Development Finance Corporation Ltd.,HSBC GLOBAL INVESTMENT FUNDS INDIAN EQUITY,NSE,Block,Sell,27-07-2021,2464.3,165944,0.01%
Petronet LNG Ltd.,HSBC GLOBAL INVESTMENT FUNDS INDIAN EQUITY,NSE,Block,Sell,27-07-2021,218.85,558259,0.04%
Reliance Industries Ltd.,HSBC GLOBAL INVESTMENT FUNDS INDIAN EQUITY,NSE,Block,Sell,27-07-2021,2076.85,80756,0.00%
Sun Pharmaceutical Industries Ltd.,HSBC GLOBAL INVESTMENT FUNDS INDIAN EQUITY,NSE,Block,Sell,27-07-2021,703.4,220529,0.01%
UltraTech Cement Ltd.,HSBC GLOBAL INVESTMENT FUNDS INDIAN EQUITY,NSE,Block,Sell,27-07-2021,7616.7,17221,0.01%
Apollo Hospitals Enterprise Ltd.,HSBC GLOBAL INVESTMENT FUNDS INDIAN EQUITY,NSE,Block,Sell,23-07-2021,3985.3,25601,0.02%
Axis Bank Ltd.,HSBC GLOBAL INVESTMENT FUNDS INDIAN EQUITY,NSE,Block,Sell,23-07-2021,746.75,205556,0.01%
Bharti Airtel Ltd.,HSBC GLOBAL INVESTMENT FUNDS INDIAN EQUITY,NSE,Block,Sell,23-07-2021,546.7,366245,0.01%
DLF Ltd.,HSBC GLOBAL INVESTMENT FUNDS INDIAN EQUITY,NSE,Block,Sell,23-07-2021,330.5,375226,0.02%
Grasim Industries Ltd.,HSBC GLOBAL INVESTMENT FUNDS INDIAN EQUITY,NSE,Block,Sell,23-07-2021,1582.05,106019,0.02%
HCL Technologies Ltd.,HSBC GLOBAL INVESTMENT FUNDS INDIAN EQUITY,NSE,Block,Sell,23-07-2021,978.6,307307,0.01%
Petronet LNG Ltd.,HSBC GLOBAL INVESTMENT FUNDS INDIAN EQUITY,NSE,Block,Sell,23-07-2021,220,546914,0.04%
Reliance Industries Ltd.,HSBC GLOBAL INVESTMENT FUNDS INDIAN EQUITY,NSE,Block,Sell,23-07-2021,2120.7,89355,0.00%
Sun Pharmaceutical Industries Ltd.,HSBC GLOBAL INVESTMENT FUNDS INDIAN EQUITY,NSE,Block,Sell,23-07-2021,687.3,223401,0.01%
UltraTech Cement Ltd.,HSBC GLOBAL INVESTMENT FUNDS INDIAN EQUITY,NSE,Block,Sell,23-07-2021,7459,18130,0.01%
Zee Entertainment Enterprises Ltd.,HSBC GLOBAL INVESTMENT FUNDS INDIAN EQUITY,NSE,Block,Sell,23-07-2021,204.85,493342,0.05%
Apollo Hospitals Enterprise Ltd.,HSBC GLOBAL A/C HSBC GLOBAL INVESTMENT FUNDS,NSE,Block,Purchase,20-07-2021,3883.75,27308,0.02%
Apollo Hospitals Enterprise Ltd.,HSBC GLOBAL A/C HSBC GLOBAL INVESTMENT FUNDS,NSE,Block,Sell,20-07-2021,3883.75,27308,0.02%
Axis Bank Ltd.,HSBC GLOBAL A/C HSBC GLOBAL INVESTMENT FUNDS,NSE,Block,Purchase,20-07-2021,755.2,256489,0.01%
Axis Bank Ltd.,HSBC GLOBAL A/C HSBC GLOBAL INVESTMENT FUNDS,NSE,Block,Sell,20-07-2021,755.2,256489,0.01%
Bharti Airtel Ltd.,HSBC GLOBAL A/C HSBC GLOBAL INVESTMENT FUNDS,NSE,Block,Purchase,20-07-2021,538.45,361879,0.01%
Bharti Airtel Ltd.,HSBC GLOBAL A/C HSBC GLOBAL INVESTMENT FUNDS,NSE,Block,Sell,20-07-2021,538.45,361879,0.01%
Grasim Industries Ltd.,HSBC GLOBAL A/C HSBC GLOBAL INVESTMENT FUNDS,NSE,Block,Purchase,20-07-2021,1558.8,108863,0.02%
Grasim Industries Ltd.,HSBC GLOBAL A/C HSBC GLOBAL INVESTMENT FUNDS,NSE,Block,Sell,20-07-2021,1558.8,108863,0.02%
HCL Technologies Ltd.,HSBC GLOBAL A/C HSBC GLOBAL INVESTMENT FUNDS,NSE,Block,Purchase,20-07-2021,1000.2,303015,0.01%
HCL Technologies Ltd.,HSBC GLOBAL A/C HSBC GLOBAL INVESTMENT FUNDS,NSE,Block,Sell,20-07-2021,1000.2,303015,0.01%
Housing Development Finance Corporation Ltd.,HSBC GLOBAL A/C HSBC GLOBAL INVESTMENT FUNDS,NSE,Block,Purchase,20-07-2021,2481.65,172808,0.01%
Housing Development Finance Corporation Ltd.,HSBC GLOBAL A/C HSBC GLOBAL INVESTMENT FUNDS,NSE,Block,Sell,20-07-2021,2481.65,172808,0.01%
HDFC Bank Ltd.,HSBC GLOBAL A/C HSBC GLOBAL INVESTMENT FUNDS,NSE,Block,Purchase,20-07-2021,1471,80745,0.00%
HDFC Bank Ltd.,HSBC GLOBAL A/C HSBC GLOBAL INVESTMENT FUNDS,NSE,Block,Sell,20-07-2021,1471,80745,0.00%
PI Industries Ltd.,HSBC GLOBAL A/C HSBC GLOBAL INVESTMENT FUNDS,NSE,Block,Purchase,20-07-2021,3161.95,46727,0.03%
PI Industries Ltd.,HSBC GLOBAL A/C HSBC GLOBAL INVESTMENT FUNDS,NSE,Block,Sell,20-07-2021,3161.95,46727,0.03%
Reliance Industries Ltd.,HSBC GLOBAL A/C HSBC GLOBAL INVESTMENT FUNDS,NSE,Block,Purchase,20-07-2021,2098.95,86189,0.00%
Reliance Industries Ltd.,HSBC GLOBAL A/C HSBC GLOBAL INVESTMENT FUNDS,NSE,Block,Sell,20-07-2021,2098.95,86189,0.00%
Sun Pharmaceutical Industries Ltd.,HSBC GLOBAL A/C HSBC GLOBAL INVESTMENT FUNDS,NSE,Block,Purchase,20-07-2021,689.25,225534,0.01%
Sun Pharmaceutical Industries Ltd.,HSBC GLOBAL A/C HSBC GLOBAL INVESTMENT FUNDS,NSE,Block,Sell,20-07-2021,689.25,225534,0.01%
Max Healthcare Institute Ltd.,HSBC GLOBAL INVESTMENT FUNDS-.ASIA EX JAPAN EQUITY SMALLER COMPANIES,BSE,Block,Purchase,11-09-2020,110.7,1600000,0.16%
Kotak Mahindra Bank Ltd.,HSBC GLOBAL INVESTMENT FUNDS,BSE,Block,Purchase,02-06-2020,1240,853971,0.04%
Sadbhav Infrastructure Project Ltd.,HSBC GLOBAL INVESTMENT FUNDS INDIAN EQUITY,NSE,Bulk,Sell,10-12-2019,34,3251426,0.92%
Zee Entertainment Enterprises Ltd.,HSBC GLOBAL INVESTMENT FUNDS INDIAN EQUITY,NSE,Block,Purchase,21-11-2019,304,3431985,0.36%
Zee Entertainment Enterprises Ltd.,HSBC GLOBAL INVESTMENT FUNDS - ASIA EX JAPAN EQUITY,NSE,Block,Purchase,21-11-2019,304,1665589,0.17%
Zee Entertainment Enterprises Ltd.,HSBC GLOBAL INVESTMENT FUNDS - ASIA EX JAPAN EQUITY SMALLER COMPANIES,NSE,Block,Purchase,21-11-2019,304,1491158,0.16%
Zee Entertainment Enterprises Ltd.,HSBC GLOBAL INVESTMENT FUNDS - MANAGED SOLUTIONS - ASIA FOCUSED GROWTH,NSE,Block,Purchase,21-11-2019,304,96210,0.01%
Mahanagar Gas Ltd.,HSBC GLOBAL A/C HSBC GLOBAL INVESTMENT FUNDS BRIC FREESTYLE,NSE,Block,Purchase,20-08-2019,780,685000,0.69%
Geojit Financial Services Ltd.,HSBC GLOBAL INVESTMENT FUNDS-ASIA EX JAPAN EQUITY SMALLER COMPANIES,NSE,Bulk,Sell,30-01-2019,35.59,2475971,0.89%
Au Small Finance Bank Ltd.,HSBC GLOBAL INVESTMENT FU NDS MAURITIUS LTD,BSE,Block,Purchase,10-08-2018,638,1075000,0.14%
South Indian Bank Ltd.,HSBC GLOBAL INVESTMENT FUNDS ASIA EX JAPAN EQUITY SMALLER COMPANIES,NSE,Bulk,Sell,11-10-2017,30.49,11982424,0.46%
Poonawalla Fincorp Ltd.,HSBC GLOBAL INVESTMENT FUNDASIA EX JAPAN EQUITY SMALLER COMPANIES,BSE,Bulk,Purchase,20-09-2017,180.17,2228649,0.29%
Navin Fluorine International Ltd.,HSBC GLOBAL INVESTMENT FUNDS ASIA EX JAPAN EQUITY SMALLER COMPANI,BSE,Bulk,Purchase,27-06-2017,2875,156646,0.32%
Allcargo Logistics Ltd.,HSBC GLOBAL INVESTMENT FUNDS ASIA EX JAPAN EQUITY SMALLER COMPANI,BSE,Bulk,Purchase,26-04-2017,180,2232929,0.23%
Allcargo Logistics Ltd.,HSBC GLOBAL INVESTMENT FUNDS INDIAN EQUITY,BSE,Bulk,Purchase,26-04-2017,180,1568789,0.16%
AJR Infra and Tolling Ltd.,HSBC GLOBAL INVESTMENT FU NDS MAURITIUS LTD,BSE,Bulk,Purchase,28-03-2017,3.94,7844818,0.83%
Tata Steel Long Products Ltd.,HSBC GLOBAL INVESTMENT FUNDS A/C HSBC GLOBAL INVE,NSE,Bulk,Purchase,28-02-2017,646.54,145743,0.32%
KNR Constructions Ltd.,HSBC GLOBAL INVESTMENT FUNDSASIA EX JAPAN EQUITY SMALLERCOMPANIES,BSE,Bulk,Purchase,16-01-2017,170.5,3641732,1.29%
Jaiprakash Power Ventures Ltd.,HSBC GLOBAL INVESTMENT FU NDS MAURITIUS LTD,BSE,Bulk,Purchase,22-12-2016,3.87,16564268,0.24%
Quick Heal Technologies Ltd.,HSBC GLOBAL INVESTMENT FU NDS MAURITIUS LTD,BSE,Bulk,Purchase,22-12-2016,260.45,419517,0.78%
KEI Industries Ltd.,HSBC GLOBAL INVESTMENT FUNDSASIA EX JAPAN EQUITY SMALLERCOMPANIES,BSE,Bulk,Purchase,16-12-2016,120.35,3451330,3.82%
PTC India Ltd.,HSBC GLOBAL INVESTMENT FUNDSASIA EX JAPAN EQUITY SMALLERCOMPANIES,BSE,Bulk,Purchase,16-12-2016,75.3,5771106,1.95%
UNO Minda Ltd.,HSBC GLOBAL INVST FUNDS MAURITIUS LTD ASIA EX JAPAN EQ SMALLER CO,BSE,Bulk,Purchase,15-12-2016,315.01,2120113,0.37%
Orient Paper & Industries Ltd.,HSBC GLOBAL INVST FUNDS MAURITIUS LTD ASIA EX JAPAN EQ SMALLER CO,BSE,Bulk,Purchase,15-12-2016,68.3,3296351,1.55%
Ahluwalia Contracts (India) Ltd.,HSBC GLOBAL INVESTMENT FU NDS MAURITIUS LTD,NSE,Bulk,Purchase,14-12-2016,255,975044,1.46%
Dhampur Sugar Mills Ltd.,HSBC GLOBAL INVESTMENT FUNDS-ASIA EX JAPAN EQUITY SMALLER CO,NSE,Bulk,Purchase,13-12-2016,115.4,1444791,2.21%
Escorts Kubota Ltd.,HSBC GLOBAL INVESTMENT FUNDS-ASIA EX JAPAN EQUITY SMALLER CO,NSE,Bulk,Purchase,13-12-2016,321.6,1345855,1.20%
Himatsingka Seide Ltd.,HSBC GLOBAL INVT FUNDS - ASIA EX JAPAN EQUITY SMALLER CO,NSE,Bulk,Purchase,12-12-2016,297.8,1485464,1.18%
Adani Ports & Special Economic Zone Ltd.,HSBC GLOBAL INVESTMENT FUNDS INDIAN EQUITY,BSE,Block,Purchase,24-10-2016,287,854922,0.04%
Adani Ports & Special Economic Zone Ltd.,HSBC GLOBAL INVESTMENT FU NDS MAURITIUS LTD,BSE,Block,Sell,24-10-2016,287,854922,0.04%
CG Power and Industrial Solutions Ltd.,HSBC GLOBAL INVESTMENT FUNDS INDIAN EQUITY,BSE,Block,Purchase,24-10-2016,76.5,2219688,0.15%
CG Power and Industrial Solutions Ltd.,HSBC GLOBAL INVESTMENT FU NDS MAURITIUS LTD,BSE,Block,Sell,24-10-2016,76.5,2219688,0.15%
AJR Infra and Tolling Ltd.,HSBC GLOBAL INVESTMENT FUNDS INDIAN EQUITY,BSE,Bulk,Purchase,24-10-2016,5.05,15507549,1.65%
AJR Infra and Tolling Ltd.,HSBC GLOBAL INVESTMENT FU NDS MAURITIUS LTD,BSE,Bulk,Sell,24-10-2016,5.05,15507549,1.65%
AJR Infra and Tolling Ltd.,HSBC GLOBAL INVESTMENT FUNDS INDIAN EQUITY,BSE,Block,Purchase,24-10-2016,5.05,15507549,1.65%
AJR Infra and Tolling Ltd.,HSBC GLOBAL INVESTMENT FU NDS MAURITIUS LTD,BSE,Block,Sell,24-10-2016,5.05,15507549,1.65%
ICICI Bank Ltd.,HSBC GLOBAL INVESTMENT FUNDS INDIAN EQUITY,BSE,Block,Purchase,24-10-2016,282,1661712,0.02%
ICICI Bank Ltd.,HSBC GLOBAL INVESTMENT FU NDS MAURITIUS LTD,BSE,Block,Sell,24-10-2016,282,1661712,0.02%
IRB Infrastructure Developers Ltd.,HSBC GLOBAL INVESTMENT FUNDS INDIAN EQUITY,BSE,Block,Purchase,24-10-2016,248,794451,0.01%
IRB Infrastructure Developers Ltd.,HSBC GLOBAL INVESTMENT FU NDS MAURITIUS LTD,BSE,Block,Sell,24-10-2016,248,794451,0.01%
Jindal Steel & Power Ltd.,HSBC GLOBAL INVESTMENT FUNDS INDIAN EQUITY,BSE,Block,Purchase,24-10-2016,76.5,4360894,0.43%
Jindal Steel & Power Ltd.,HSBC GLOBAL INVESTMENT FU NDS MAURITIUS LTD,BSE,Block,Sell,24-10-2016,76.5,4360894,0.43%
Jaiprakash Power Ventures Ltd.,HSBC GLOBAL INVESTMENT FUNDS INDIAN EQUITY,BSE,Block,Purchase,24-10-2016,4.5,5360136,0.08%
Jaiprakash Power Ventures Ltd.,HSBC GLOBAL INVESTMENT FU NDS MAURITIUS LTD,BSE,Block,Sell,24-10-2016,4.5,5360136,0.08%
Oil And Natural Gas Corporation Ltd.,HSBC GLOBAL INVESTMENT FUNDS INDIAN EQUITY,BSE,Block,Purchase,24-10-2016,280,692360,0.01%
Oil And Natural Gas Corporation Ltd.,HSBC GLOBAL INVESTMENT FU NDS MAURITIUS LTD,BSE,Block,Sell,24-10-2016,280,692360,0.01%
State Bank of India,HSBC GLOBAL INVESTMENT FUNDS INDIAN EQUITY,BSE,Block,Purchase,24-10-2016,258,773537,0.01%
State Bank of India,HSBC GLOBAL INVESTMENT FU NDS MAURITIUS LTD,BSE,Block,Sell,24-10-2016,258,773537,0.01%
Tata Motors Limited (DVR),HSBC GLOBAL INVESTMENT FUNDS INDIAN EQUITY,BSE,Block,Purchase,24-10-2016,357,974444,-%
Tata Motors Limited (DVR),HSBC GLOBAL INVESTMENT FU NDS MAURITIUS LTD,BSE,Block,Sell,24-10-2016,357,974444,-%
Tech Mahindra Ltd.,HSBC GLOBAL INVESTMENT FUNDS INDIAN EQUITY,BSE,Block,Purchase,24-10-2016,434,250535,0.03%
Tech Mahindra Ltd.,HSBC GLOBAL INVESTMENT FU NDS MAURITIUS LTD,BSE,Block,Sell,24-10-2016,434,250535,0.03%
Wipro Ltd.,HSBC GLOBAL INVESTMENT FUNDS INDIAN EQUITY,BSE,Block,Purchase,24-10-2016,480,366474,0.01%
Wipro Ltd.,HSBC GLOBAL INVESTMENT FU NDS MAURITIUS LTD,BSE,Block,Sell,24-10-2016,480,366474,0.01%
Manpasand Beverages Ltd.,HSBC GLOBAL INVESTMENT FUNDS INDIAN EQUITY,BSE,Bulk,Purchase,24-10-2016,721,365893,0.32%
Manpasand Beverages Ltd.,HSBC GLOBAL INVESTMENT FU NDS MAURITIUS LTD,BSE,Bulk,Sell,24-10-2016,721,365893,0.32%
Manpasand Beverages Ltd.,HSBC GLOBAL INVESTMENT FUNDS INDIAN EQUITY,BSE,Block,Purchase,24-10-2016,721,365893,0.32%
Manpasand Beverages Ltd.,HSBC GLOBAL INVESTMENT FU NDS MAURITIUS LTD,BSE,Block,Sell,24-10-2016,721,365893,0.32%
Cox & Kings Ltd.,HSBC GLOBAL INVESTMENT FUNDS INDIAN EQUITY,BSE,Bulk,Purchase,17-10-2016,219,1602846,0.91%
Cox & Kings Ltd.,HSBC GLOBAL INVESTMENT FU NDS MAURITIUS LTD,BSE,Bulk,Sell,17-10-2016,219,1602846,0.91%
Cox & Kings Ltd.,HSBC GLOBAL INVESTMENT FUNDS INDIAN EQUITY,BSE,Block,Purchase,17-10-2016,219,1602846,0.91%
Cox & Kings Ltd.,HSBC GLOBAL INVESTMENT FU NDS MAURITIUS LTD,BSE,Block,Sell,17-10-2016,219,1602846,0.91%
GVK Power & Infrastructure Ltd.,HSBC GLOBAL INVESTMENT FUNDS INDIAN EQUITY,BSE,Bulk,Purchase,17-10-2016,6.3,57135461,3.62%
GVK Power & Infrastructure Ltd.,HSBC GLOBAL INVESTMENT FU NDS MAURITIUS LTD,BSE,Bulk,Sell,17-10-2016,6.3,57135461,3.62%
GVK Power & Infrastructure Ltd.,HSBC GLOBAL INVESTMENT FUNDS INDIAN EQUITY,BSE,Block,Purchase,17-10-2016,6.3,57135461,3.62%
GVK Power & Infrastructure Ltd.,HSBC GLOBAL INVESTMENT FU NDS MAURITIUS LTD,BSE,Block,Sell,17-10-2016,6.3,57135461,3.62%
HCL Technologies Ltd.,HSBC GLOBAL INVESTMENT FUNDS INDIAN EQUITY,BSE,Block,Purchase,17-10-2016,813,493234,0.02%
HCL Technologies Ltd.,HSBC GLOBAL INVESTMENT FU NDS MAURITIUS LTD,BSE,Block,Sell,17-10-2016,813,493234,0.02%
Sammaan Capital Ltd.,HSBC GLOBAL INVESTMENT FUNDS INDIAN EQUITY,BSE,Block,Purchase,17-10-2016,840,456287,0.06%
Sammaan Capital Ltd.,HSBC GLOBAL INVESTMENT FUNDS GLOBAL EMERGING MARKETS EQUITY,BSE,Block,Purchase,17-10-2016,838,126017,0.02%
Sammaan Capital Ltd.,HSBC GLOBAL INVESTMENT FU NDS MAURITIUS LTD,BSE,Block,Sell,17-10-2016,840,456287,0.06%
IDFC Ltd.,HSBC GLOBAL INVESTMENT FUNDS INDIAN EQUITY,BSE,Block,Purchase,17-10-2016,67.35,6672717,0.42%
IDFC Ltd.,HSBC GLOBAL INVESTMENT FU NDS MAURITIUS LTD,BSE,Block,Sell,17-10-2016,67.35,6672717,0.42%
ITC Ltd.,HSBC GLOBAL INVESTMENT FUNDS INDIAN EQUITY,BSE,Block,Purchase,17-10-2016,240,1511274,0.01%
ITC Ltd.,HSBC GLOBAL INVESTMENT FU NDS MAURITIUS LTD,BSE,Block,Sell,17-10-2016,240,1511274,0.01%
Larsen & Toubro Ltd.,HSBC GLOBAL INVESTMENT FUNDS INDIAN EQUITY,BSE,Block,Purchase,17-10-2016,1472,257235,0.02%
Larsen & Toubro Ltd.,HSBC GLOBAL INVESTMENT FU NDS MAURITIUS LTD,BSE,Block,Sell,17-10-2016,1472,257235,0.02%
Aditya Birla Fashion and Retail Ltd.,HSBC GLOBAL INVESTMENT FUNDS INDIAN EQUITY,BSE,Block,Purchase,17-10-2016,140,2590573,0.24%
Aditya Birla Fashion and Retail Ltd.,HSBC GLOBAL INVESTMENT FU NDS MAURITIUS LTD,BSE,Block,Sell,17-10-2016,140,2590573,0.24%
Aditya Birla Nuvo Limited,HSBC GLOBAL INVESTMENT FUNDS INDIAN EQUITY,BSE,Block,Purchase,03-10-2016,1370,287925,-%
Aditya Birla Nuvo Limited,HSBC GLOBAL INVESTMENT FU NDS MAURITIUS LTD,BSE,Block,Sell,03-10-2016,1370,287925,-%
Axis Bank Ltd.,HSBC GLOBAL INVESTMENT FUNDS INDIAN EQUITY,BSE,Block,Purchase,03-10-2016,543,329227,0.01%
Axis Bank Ltd.,HSBC GLOBAL INVESTMENT FU NDS MAURITIUS LTD,BSE,Block,Sell,03-10-2016,543,329227,0.01%
Bank of Baroda,HSBC GLOBAL INVESTMENT FUNDS INDIAN EQUITY,BSE,Block,Purchase,03-10-2016,168,1110370,0.02%
Bank of Baroda,HSBC GLOBAL INVESTMENT FU NDS MAURITIUS LTD,BSE,Block,Sell,03-10-2016,168,1110370,0.02%
Cairn India Limited,HSBC GLOBAL INVESTMENT FUNDS INDIAN EQUITY,BSE,Block,Purchase,03-10-2016,201,1844033,-%
Cairn India Limited,HSBC GLOBAL INVESTMENT FU NDS MAURITIUS LTD,BSE,Block,Sell,03-10-2016,201,1844033,-%
HDFC Bank Ltd.,HSBC GLOBAL INVESTMENT FUNDS INDIAN EQUITY,BSE,Block,Purchase,03-10-2016,1480,178485,0.00%
HDFC Bank Ltd.,HSBC GLOBAL INVESTMENT FU NDS MAURITIUS LTD,BSE,Block,Sell,03-10-2016,1480,178485,0.00%
Indian Bank,HSBC GLOBAL INVESTMENT FUNDS INDIAN EQUITY,BSE,Block,Purchase,03-10-2016,215,1617115,0.12%
Indian Bank,HSBC GLOBAL INVESTMENT FU NDS MAURITIUS LTD,BSE,Block,Sell,03-10-2016,215,1617115,0.12%
IRB Infrastructure Developers Ltd.,HSBC GLOBAL INVESTMENT FUNDS GLOBAL EMERGING MARKETS EQUITY,BSE,Block,Purchase,03-10-2016,250,237474,0.00%
Kalpataru Projects International Ltd.,HSBC GLOBAL INVESTMENT FUNDS INDIAN EQUITY,BSE,Bulk,Purchase,03-10-2016,260,1682208,1.04%
Kalpataru Projects International Ltd.,HSBC GLOBAL INVESTMENT FU NDS MAURITIUS LTD,BSE,Bulk,Sell,03-10-2016,260,1682208,1.04%
Kalpataru Projects International Ltd.,HSBC GLOBAL INVESTMENT FUNDS INDIAN EQUITY,BSE,Block,Purchase,03-10-2016,260,1682208,1.04%
Kalpataru Projects International Ltd.,HSBC GLOBAL INVESTMENT FU NDS MAURITIUS LTD,BSE,Block,Sell,03-10-2016,260,1682208,1.04%
LIC Housing Finance Ltd.,HSBC GLOBAL INVESTMENT FUNDS INDIAN EQUITY,BSE,Block,Purchase,03-10-2016,580,783615,0.14%
LIC Housing Finance Ltd.,HSBC GLOBAL INVESTMENT FU NDS MAURITIUS LTD,BSE,Block,Sell,03-10-2016,580,783615,0.14%
Reliance Industries Ltd.,HSBC GLOBAL INVESTMENT FUNDS INDIAN EQUITY,BSE,Block,Purchase,03-10-2016,1083,417166,0.00%
Reliance Industries Ltd.,HSBC GLOBAL INVESTMENT FU NDS MAURITIUS LTD,BSE,Block,Sell,03-10-2016,1083,417166,0.00%
Axis Bank Ltd.,HSBC GLOBAL INVESTMENT FUNDS INDIAN EQUITY,BSE,Block,Purchase,26-09-2016,555,660000,0.02%
Axis Bank Ltd.,HSBC GLOBAL INVESTMENT FU NDS MAURITIUS LTD,BSE,Block,Sell,26-09-2016,555,660000,0.02%
Bank of Baroda,HSBC GLOBAL INVESTMENT FUNDS INDIAN EQUITY,BSE,Block,Purchase,26-09-2016,169,2200000,0.04%
Bank of Baroda,HSBC GLOBAL INVESTMENT FU NDS MAURITIUS LTD,BSE,Block,Sell,26-09-2016,169,2200000,0.04%
Indian Bank,SOCIETE GENERALE,BSE,Block,Sell,04-02-2026,873,618000,0.05%
CG Power and Industrial Solutions Ltd.,HSBC GLOBAL INVESTMENT FUNDS INDIAN EQUITY,BSE,Bulk,Purchase,26-09-2016,80,4440000,0.29%
CG Power and Industrial Solutions Ltd.,HSBC GLOBAL INVESTMENT FU NDS MAURITIUS LTD,BSE,Bulk,Sell,26-09-2016,80,4440000,0.29%
CG Power and Industrial Solutions Ltd.,HSBC GLOBAL INVESTMENT FUNDS INDIAN EQUITY,BSE,Block,Purchase,26-09-2016,80,4440000,0.29%
CG Power and Industrial Solutions Ltd.,HSBC GLOBAL INVESTMENT FU NDS MAURITIUS LTD,BSE,Block,Sell,26-09-2016,80,4440000,0.29%
HDFC Bank Ltd.,HSBC GLOBAL INVESTMENT FUNDS INDIAN EQUITY,BSE,Block,Purchase,26-09-2016,1512,358000,0.00%
HDFC Bank Ltd.,HSBC GLOBAL INVESTMENT FU NDS MAURITIUS LTD,BSE,Block,Sell,26-09-2016,1512,358000,0.00%
Infosys Ltd.,HSBC GLOBAL INVESTMENT FUNDS INDIAN EQUITY,BSE,Block,Purchase,26-09-2016,1040,310000,0.01%
Infosys Ltd.,HSBC GLOBAL INVESTMENT FUNDS GLOBAL EMERGING MARKETS EQUITY,BSE,Block,Purchase,26-09-2016,1040,82037,0.00%
Infosys Ltd.,HSBC GLOBAL INVESTMENT FU NDS MAURITIUS LTD,BSE,Block,Sell,26-09-2016,1040,310000,0.01%
NTPC Ltd.,HSBC GLOBAL INVESTMENT FUNDS INDIAN EQUITY,BSE,Block,Purchase,26-09-2016,157,2740000,0.03%
NTPC Ltd.,HSBC GLOBAL INVESTMENT FU NDS MAURITIUS LTD,BSE,Block,Sell,26-09-2016,157,2740000,0.03%
State Bank of India,HSBC GLOBAL INVESTMENT FUNDS INDIAN EQUITY,BSE,Block,Purchase,26-09-2016,254,1554000,0.02%
State Bank of India,HSBC GLOBAL INVESTMENT FU NDS MAURITIUS LTD,BSE,Block,Sell,26-09-2016,254,1554000,0.02%
Crompton Greaves Consumer Electricals Ltd.,HSBC GLOBAL INVESTMENT FUNDS INDIAN EQUITY,BSE,Bulk,Purchase,26-09-2016,157,6659688,1.03%
Crompton Greaves Consumer Electricals Ltd.,HSBC GLOBAL INVESTMENT FU NDS MAURITIUS LTD,BSE,Bulk,Sell,26-09-2016,157,6659688,1.03%
Crompton Greaves Consumer Electricals Ltd.,HSBC GLOBAL INVESTMENT FUNDS INDIAN EQUITY,BSE,Block,Purchase,26-09-2016,157,6659688,1.03%
Crompton Greaves Consumer Electricals Ltd.,HSBC GLOBAL INVESTMENT FU NDS MAURITIUS LTD,BSE,Block,Sell,26-09-2016,157,6659688,1.03%
Cox & Kings Ltd.,HSBC GLOBAL INVESTMENT FUNDS INDIAN EQUITY,BSE,Bulk,Purchase,19-09-2016,232,1570000,0.89%
Cox & Kings Ltd.,HSBC GLOBAL INVESTMENT FU NDS MAURITIUS LTD,BSE,Bulk,Sell,19-09-2016,232,1570000,0.89%
Cox & Kings Ltd.,HSBC GLOBAL INVESTMENT FUNDS INDIAN EQUITY,BSE,Block,Purchase,19-09-2016,232,1570000,0.89%
Cox & Kings Ltd.,HSBC GLOBAL INVESTMENT FU NDS MAURITIUS LTD,BSE,Block,Sell,19-09-2016,232,1570000,0.89%
HCL Technologies Ltd.,HSBC GLOBAL INVESTMENT FUNDS INDIAN EQUITY,BSE,Block,Purchase,19-09-2016,785,508000,0.02%
HCL Technologies Ltd.,HSBC GLOBAL INVESTMENT FU NDS MAURITIUS LTD,BSE,Block,Sell,19-09-2016,785,508000,0.02%
IDFC Ltd.,HSBC GLOBAL INVESTMENT FUNDS INDIAN EQUITY,BSE,Block,Purchase,19-09-2016,60.9,6320000,0.40%
IDFC Ltd.,HSBC GLOBAL INVESTMENT FU NDS MAURITIUS LTD,BSE,Block,Sell,19-09-2016,60.9,6320000,0.40%
Infosys Ltd.,HSBC GLOBAL INVESTMENT FUNDS INDIAN EQUITY,BSE,Block,Purchase,19-09-2016,1050,435000,0.01%
Infosys Ltd.,HSBC GLOBAL INVESTMENT FU NDS MAURITIUS LTD,BSE,Block,Sell,19-09-2016,1050,435000,0.01%
ITC Ltd.,HSBC GLOBAL INVESTMENT FUNDS INDIAN EQUITY,BSE,Block,Purchase,19-09-2016,260,1420000,0.01%
ITC Ltd.,HSBC GLOBAL INVESTMENT FU NDS MAURITIUS LTD,BSE,Block,Sell,19-09-2016,260,1420000,0.01%
Tech Mahindra Ltd.,HSBC GLOBAL INVESTMENT FUNDS INDIAN EQUITY,BSE,Block,Purchase,19-09-2016,465,896000,0.09%
Tech Mahindra Ltd.,HSBC GLOBAL INVESTMENT FU NDS MAURITIUS LTD,BSE,Block,Sell,19-09-2016,465,896000,0.09%
IDFC First Bank Ltd.,HSBC GLOBAL INVESTMENT FUNDS INDIAN EQUITY,BSE,Block,Purchase,19-09-2016,66,6320000,0.09%
IDFC First Bank Ltd.,HSBC GLOBAL INVESTMENT FU NDS MAURITIUS LTD,BSE,Block,Sell,19-09-2016,66,6320000,0.09%
ITC Ltd.,HSBC GLOBAL INVESTMENT FU NDS MAURITIUS LTD,BSE,Block,Purchase,15-09-2016,253,761663,0.01%
ITC Ltd.,HSBC GLOBAL INVESTMENT FU NDS MAURITIUS LTD,BSE,Block,Purchase,07-09-2016,262.75,510000,0.00%
Afcons Infrastructure Ltd.,GOLDMAN SACHS FUNDS - GOLDMAN SACHS INDIA EQUITY PORTFOLIO,NSE,Bulk,Purchase,04-11-2024,443.65,2529066,0.69%
ideaForge Technology Ltd.,GOLDMAN SACHS FUNDS - GOLDMAN SACHS INDIA EQUITY PORTFOLIO,NSE,Bulk,Sell,10-10-2024,657.67,649507,1.51%
R Systems International Ltd.,GOLDMAN SACHS FUNDS GOLDMAN SACHS INDIA EQUITY PORTFOLIO,BSE,Block,Purchase,04-10-2024,465.15,2845189,2.40%
Nuvama Wealth Management Ltd.,GOLDMAN SACHS FUNDS - GOLDMAN SACHS INDIA EQUITY PORTFOLIO,BSE,Bulk,Purchase,27-09-2024,6702.6,324539,0.91%
Nuvama Wealth Management Ltd.,GOLDMAN SACHS FUNDS - GOLDMAN SACHS INDIA EQUITY PORTFOLIO,BSE,Block,Purchase,27-09-2024,6702.6,324539,0.91%
Five-Star Business Finance Ltd.,GOLDMAN SACHS FUNDS - GOLDMAN SACHS INDIA EQUITY PORTFOLIO,BSE,Block,Purchase,26-09-2024,800.5,709804,0.24%
India Shelter Finance Corporation Ltd.,GOLDMAN SACHS FUNDS GOLDMAN SACHS INDIA EQUITY PORTFOLIO,BSE,Bulk,Purchase,16-09-2024,752.35,742392,0.69%
Arvind Fashions Ltd.,GOLDMAN SACHS FUNDS - GOLDMAN SACHS INDIA EQUITY PORTFOLIO,BSE,Bulk,Purchase,11-09-2024,574.73,1311062,0.98%
Arvind Fashions Ltd.,GOLDMAN SACHS FUNDS - GOLDMAN SACHS INDIA EQUITY PORTFOLIO,NSE,Bulk,Purchase,11-09-2024,580.71,1006382,0.76%
Medi Assist Healthcare Services Ltd.,GOLDMAN SACHS FUNDS - GOLDMAN SACHS INDIA EQUITY PORTFOLIO,NSE,Bulk,Purchase,03-09-2024,611.7,1155631,1.64%
Medi Assist Healthcare Services Ltd.,GOLDMAN SACHS FUNDS - GOLDMAN SACHS INDIA EQUITY PORTFOLIO,NSE,Block,Purchase,03-09-2024,611.7,1155631,1.64%
Bajaj Consumer Care Ltd.,GOLDMAN SACHS FUNDS - GOLDMAN SACHS INDIA EQUITY PORTFOLIO,NSE,Bulk,Sell,05-08-2024,256.02,2418186,1.76%
Archean Chemical Industries Ltd.,GOLDMAN SACHS FUNDS - GOLDMAN SACHS INDIA EQUITY PORTFOLIO,BSE,Bulk,Purchase,27-06-2024,658,628128,0.51%
Restaurant Brands Asia Ltd.,GOLDMAN SACHS FUNDS - GOLDMAN SACHS INDIA EQUITY PORTFOLIO,BSE,Bulk,Sell,25-06-2024,104.05,4797361,0.96%
CarTrade Tech Ltd.,GOLDMAN SACHS FUNDS GOLDMAN SACHS INDIA EQUITY PORTFOLIO,BSE,Bulk,Purchase,24-06-2024,828,619960,1.31%
Spandana Sphoorty Financial Ltd.,GOLDMAN SACHS FUNDS - GOLDMAN SACHS INDIA EQUITY PORTFOLIO,NSE,Bulk,Purchase,18-06-2024,760,1034598,1.45%
Restaurant Brands Asia Ltd.,GOLDMAN SACHS FUNDS - GOLDMAN SACHS INDIA EQUITY PORTFOLIO,BSE,Bulk,Sell,14-06-2024,105.53,4059827,0.81%
Awfis Space Solutions Ltd,GOLDMAN SACHS FDS GOLDMAN SACHS INDIA EQ PORTFOLIO,NSE,Bulk,Purchase,30-05-2024,438.18,1075039,1.52%
TBO Tek Ltd.,GOLDMAN SACHS FDS GOLDMAN SACHS INDIA EQ PORTFOLIO,NSE,Bulk,Purchase,15-05-2024,1411.35,653187,0.60%
Mold-Tek Packaging Ltd.,GOLDMAN SACHS FUNDS - GOLDMAN SACHS INDIA EQUITY PORTFOLIO,NSE,Bulk,Sell,14-03-2024,804.98,236368,0.71%
Praveg Ltd.,GOLDMAN SACHS FUNDS - GOLDMAN SACHS INDIA EQUITY PORTFOLIO,BSE,Bulk,Purchase,11-03-2024,850,534171,2.34%
Eureka Forbes Ltd.,GOLDMAN SACHS FUNDS - GOLDMAN SACHS INDIA EQUITY PORTFOLIO,BSE,Bulk,Purchase,22-02-2024,504.95,2345220,1.21%
Eureka Forbes Ltd.,GOLDMAN SACHS FUNDS - GOLDMAN SACHS INDIA EQUITY PORTFOLIO,BSE,Block,Purchase,22-02-2024,504.95,2345220,1.21%
Devyani International Ltd.,GOLDMAN SACHS FUNDS - GOLDMAN SACHS INDIA EQUITY PORTFOLIO,NSE,Block,Purchase,21-02-2024,164.1,1851955,0.15%
Bharat Petroleum Corporation Ltd.,GOLDMAN SACHS FUNDS GOLDMAN SACHS INDIA EQUITY PORTFOLIO,BSE,Block,Purchase,14-02-2024,584,411885,0.01%
Kalyan Jewellers India Ltd.,GOLDMAN SACHS FUNDS - GOLDMAN SACHS INDIA EQUITY PORTFOLIO,NSE,Bulk,Purchase,08-02-2024,334,5847101,0.57%
Kalyan Jewellers India Ltd.,GOLDMAN SACHS FUNDS - GOLDMAN SACHS INDIA EQUITY PORTFOLIO,NSE,Block,Purchase,08-02-2024,334,5847101,0.57%
Paradeep Phosphates Ltd.,GOLDMAN SACHS FUNDS - GOLDMAN SACHS INDIA EQUITY PORTFOLIO,NSE,Bulk,Sell,08-02-2024,76.05,7474568,0.92%
Avalon Technologies Ltd.,GOLDMAN SACHS FUNDS - GOLDMAN SACHS INDIA EQUITY PORTFOLIO,NSE,Bulk,Sell,08-02-2024,474.01,1493822,2.26%
Medi Assist Healthcare Services Ltd.,GOLDMAN SACHS FUNDS - GOLDMAN SACHS INDIA EQUITY PORTFOLIO,NSE,Bulk,Purchase,23-01-2024,468.65,1534472,2.18%
Pricol Ltd.,GOLDMAN SACHS INDIA LIMITED,NSE,Bulk,Purchase,17-01-2024,343.5,1490024,1.22%
Pricol Ltd.,GOLDMAN SACHS INDIA LIMITED,NSE,Block,Purchase,17-01-2024,343.5,1490024,1.22%
India Shelter Finance Corporation Ltd.,GOLDMAN SACHS FUNDS - GOLDMAN SACHS INDIA EQUITY PORTFOLIO,NSE,Bulk,Purchase,20-12-2023,593.08,591027,0.55%
Archean Chemical Industries Ltd.,GOLDMAN SACHS FDS GOLDMAN SACHS INDIA EQ PORTFOLIO,NSE,Bulk,Purchase,18-12-2023,600,623609,0.51%
Pricol Ltd.,GOLDMAN SACHS INDIA LIMITED,BSE,Bulk,Purchase,08-12-2023,333,2894619,2.37%
Mahindra Logistics Ltd.,GOLDMAN SACHS FUNDS - GOLDMAN SACHS INDIA EQUITY PORTFOLIO,NSE,Bulk,Sell,08-12-2023,376.19,592042,0.82%
ASK Automotive Ltd.,GOLDMANSACHS FUNDS GOLDMANSACHS INDIA EQUITY PORTFOLIO,NSE,Bulk,Purchase,15-11-2023,310.05,2320653,1.18%
IKIO Lighting Ltd.,GOLDMAN SACHS FUNDS GOLDMAN SACHS INDIA EQUITY PORTFOLIO,NSE,Bulk,Sell,06-11-2023,346.77,634055,0.82%
CMS Info Systems Ltd.,GOLDMAN SACHS FUNDS - GOLDMAN SACHS INDIA EQUITY PORTFOLIO,BSE,Bulk,Purchase,10-08-2023,356,1190527,0.72%
360 One Wam Ltd.,GOLDMAN SACHS FUNDS - GOLDMAN SACHS INDIA EQUITY PORTFOLIO,BSE,Block,Purchase,08-08-2023,500,1492910,0.38%
360 One Wam Ltd.,GOLDMAN SACHS FUNDS - GOLDMAN SACHS INDIA EQUITY PORTFOLIO,BSE,Block,Purchase,08-08-2023,500,222992,0.06%
Spandana Sphoorty Financial Ltd.,GOLDMAN SACHS FUNDS GOLDMAN SACHS INDIA EQUITY PORTFOLIO,NSE,Bulk,Purchase,31-07-2023,830,357532,0.50%
Landmark Cars Ltd.,GOLDMAN SACHS FUNDS - GOLDMAN SACHS INDIA EQUITY PORTFOLIO,NSE,Bulk,Purchase,23-06-2023,658,277850,0.67%
Landmark Cars Ltd.,GOLDMAN SACHS FUNDS - GOLDMAN SACHS INDIA EQUITY PORTFOLIO,NSE,Block,Purchase,23-06-2023,658,277850,0.67%
Avalon Technologies Ltd.,GOLDMAN SACHS FUNDS - GOLDMAN SACHS INDIA EQUITY PORTFOLIO,NSE,Bulk,Purchase,18-04-2023,412.91,350230,0.53%
Landmark Cars Ltd.,GOLDMAN SACHS FUNDS - GOLDMAN SACHS INDIA EQUITY PORTFOLIO,NSE,Bulk,Purchase,23-12-2022,466.55,392421,0.95%
Sula Vineyards Ltd.,GOLDMAN SACHS FUNDS GOLDMAN SACHS INDIA EQUITY PORTFOLIO,NSE,Bulk,Purchase,22-12-2022,351.48,695864,0.82%
Kaynes Technology India Ltd.,GOLDMAN SACHS FUNDS - GOLDMAN SACHS INDIA EQUITY PORTFOLIO,NSE,Bulk,Purchase,22-11-2022,705.28,466038,0.73%
Bikaji Foods International Ltd.,GOLDMAN SACHS FUNDS - GOLDMAN SACHS INDIA EQUITY PORTFOLIO,NSE,Bulk,Purchase,16-11-2022,324.5,1745354,0.70%
Paradeep Phosphates Ltd.,GOLDMAN SACHS FUNDS - GOLDMAN SACHS INDIA EQUITY PORTFOLIO,NSE,Bulk,Purchase,27-05-2022,45.95,4132211,0.51%
C.E. Info Systems Ltd.,GOLDMAN SACHS FUNDS - GOLDMAN SACHS INDIA EQUITY PORTFOLIO,NSE,Bulk,Purchase,21-12-2021,1392.99,376708,0.69%
RateGain Travel Technologies Ltd.,GOLDMAN SACHS FUNDS - GOLDMAN SACHS INDIA EQUITY PORTFOLIO,NSE,Bulk,Purchase,17-12-2021,361.71,719727,0.61%
SJS Enterprises Ltd.,GOLDMAN SACHS FUNDS - GOLDMAN SACHS INDIA EQUITY PORTFOLIO,NSE,Bulk,Purchase,15-11-2021,527.04,254786,0.82%
APL Apollo Tubes Ltd.,GOLDMAN SACHS FUNDS GOLDMAN SACHS INDIA EQUITY PORTFOLIO,BSE,Bulk,Purchase,05-10-2021,870.9,2908770,1.05%
APL Apollo Tubes Ltd.,GOLDMAN SACHS INDIA FUND LIMITED,BSE,Bulk,Sell,05-10-2021,870.9,2908770,1.05%
APL Apollo Tubes Ltd.,GOLDMAN SACHS FUNDS GOLDMAN SACHS INDIA EQUITY PORTFOLIO,BSE,Block,Purchase,05-10-2021,870.9,2908770,1.05%
APL Apollo Tubes Ltd.,GOLDMAN SACHS INDIA FUND LIMITED,BSE,Block,Sell,05-10-2021,870.9,2908770,1.05%
ICICI Bank Ltd.,GOLDMAN SACHS FDS GOLDMAN SACHS INDIA EQ PORTFOLIO,BSE,Block,Purchase,28-09-2021,729.9,4734822,0.07%
ICICI Bank Ltd.,GOLDMAN SACHS INDIA FUND LIMITED,BSE,Block,Sell,28-09-2021,729.9,4734822,0.07%
Reliance Industries Ltd.,GOLDMAN SACHS FUNDS - GOLDMAN SACHS INDIA EQUITY PORTFOLIO,BSE,Block,Purchase,28-09-2021,2525.2,900000,0.01%
Reliance Industries Ltd.,GOLDMAN SACHS INDIA LIMITED,BSE,Block,Sell,28-09-2021,2525.2,900000,0.01%
Sundram Fasteners Ltd.,GOLDMAN SACHS FUNDS - GOLDMAN SACHS INDIA EQUITY PORTFOLIO,BSE,Block,Purchase,28-09-2021,908.7,1011052,0.48%
Sundram Fasteners Ltd.,GOLDMAN SACHS INDIA LIMITED,BSE,Block,Sell,28-09-2021,908.7,1011052,0.48%
Tata Communications Ltd.,GOLDMAN SACHS FUNDS - GOLDMAN SACHS INDIA EQUITY PORTFOLIO,BSE,Block,Purchase,28-09-2021,1427.55,200000,0.07%
Tata Communications Ltd.,GOLDMAN SACHS INDIA LIMITED,BSE,Block,Sell,28-09-2021,1427.55,200000,0.07%
Tube Investments of India Ltd.,GOLDMAN SACHS FDS GOLDMAN SACHS INDIA EQ PORTFOLIO,BSE,Block,Purchase,28-09-2021,1438.7,675107,0.35%
Tube Investments of India Ltd.,GOLDMAN SACHS INDIA FUND LIMITED,BSE,Block,Sell,28-09-2021,1438.7,675107,0.35%
Stove Kraft Ltd.,GOLDMAN SACHS FDS GOLDMAN SACHS INDIA EQ PORTFOLIO,BSE,Block,Purchase,28-09-2021,943.35,957763,2.90%
Stove Kraft Ltd.,GOLDMAN SACHS INDIA FUND LIMITED,BSE,Block,Sell,28-09-2021,943.35,957763,2.90%
Sonata Software Ltd.,GOLDMAN SACHS FDS GOLDMAN SACHS INDIA EQ PORTFOLIO,BSE,Bulk,Purchase,24-09-2021,922.6,998925,0.36%
Sonata Software Ltd.,GOLDMAN SACHS INDIA FUND LIMITED,BSE,Bulk,Sell,24-09-2021,922.6,998925,0.36%
Sonata Software Ltd.,GOLDMAN SACHS FDS GOLDMAN SACHS INDIA EQ PORTFOLIO,BSE,Block,Purchase,24-09-2021,922.6,998925,0.36%
Sonata Software Ltd.,GOLDMAN SACHS INDIA FUND LIMITED,BSE,Block,Sell,24-09-2021,922.6,998925,0.36%
Tata Communications Ltd.,GOLDMAN SACHS FUNDS - GOLDMAN SACHS INDIA EQUITY PORTFOLIO,BSE,Block,Purchase,24-09-2021,1460.2,1003500,0.35%
Tata Communications Ltd.,GOLDMAN SACHS INDIA LIMITED,BSE,Block,Sell,24-09-2021,1460.2,1003500,0.35%
Tata Power Company Ltd.,GOLDMAN SACHS FDS GOLDMAN SACHS INDIA EQ PORTFOLIO,BSE,Block,Purchase,24-09-2021,143.65,10839103,0.34%
Tata Power Company Ltd.,GOLDMAN SACHS INDIA FUND LIMITED,BSE,Block,Sell,24-09-2021,143.65,10839103,0.34%
Torrent Pharmaceuticals Ltd.,GOLDMAN SACHS FDS GOLDMAN SACHS INDIA EQ PORTFOLIO,BSE,Block,Purchase,24-09-2021,3102.2,377285,0.11%
Torrent Pharmaceuticals Ltd.,GOLDMAN SACHS INDIA FUND LIMITED,BSE,Block,Sell,24-09-2021,3102.2,377285,0.11%
Trent Ltd.,GOLDMAN SACHS FUNDS - GOLDMAN SACHS INDIA EQUITY PORTFOLIO,BSE,Block,Purchase,24-09-2021,1009.7,785616,0.22%
Trent Ltd.,GOLDMAN SACHS INDIA LIMITED,BSE,Block,Sell,24-09-2021,1009.7,785616,0.22%
Zensar Technologies Ltd.,GOLDMAN SACHS FUNDS - GOLDMAN SACHS INDIA EQUITY PORTFOLIO,BSE,Bulk,Purchase,24-09-2021,508,2575839,1.14%
Zensar Technologies Ltd.,GOLDMAN SACHS INDIA LIMITED,BSE,Bulk,Sell,24-09-2021,508,2575839,1.14%
Zensar Technologies Ltd.,GOLDMAN SACHS FUNDS - GOLDMAN SACHS INDIA EQUITY PORTFOLIO,BSE,Block,Purchase,24-09-2021,508,2575839,1.14%
Zensar Technologies Ltd.,GOLDMAN SACHS INDIA LIMITED,BSE,Block,Sell,24-09-2021,508,2575839,1.14%
Route Mobile Ltd.,GOLDMAN SACHS FDS GOLDMAN SACHS INDIA EQ PORTFOLIO,BSE,Bulk,Purchase,24-09-2021,1998.35,874445,1.39%
Route Mobile Ltd.,GOLDMAN SACHS INDIA FUND LIMITED,BSE,Bulk,Sell,24-09-2021,1998.35,874445,1.39%
Route Mobile Ltd.,GOLDMAN SACHS FDS GOLDMAN SACHS INDIA EQ PORTFOLIO,BSE,Block,Purchase,24-09-2021,1998.35,874445,1.39%
Route Mobile Ltd.,GOLDMAN SACHS INDIA FUND LIMITED,BSE,Block,Sell,24-09-2021,1998.35,874445,1.39%
ICICI Bank Ltd.,GOLDMAN SACHS FDS GOLDMAN SACHS INDIA EQ PORTFOLIO,BSE,Block,Purchase,22-09-2021,711.25,11700000,0.17%
ICICI Bank Ltd.,GOLDMAN SACHS INDIA FUND LIMITED,BSE,Block,Sell,22-09-2021,711.25,11700000,0.17%
Persistent Systems Ltd.,GOLDMAN SACHS FUNDS  GOLDMAN SACHS INDIA EQUITY PORTFOLIO,BSE,Block,Purchase,20-09-2021,3539.35,402479,0.26%
Persistent Systems Ltd.,GOLDMAN SACHS INDIA FUND LIMITED,BSE,Block,Sell,20-09-2021,3539.35,402479,0.26%
State Bank of India,GOLDMAN SACHS FUNDS  GOLDMAN SACHS INDIA EQUITY PORTFOLIO,BSE,Block,Purchase,20-09-2021,454.05,6706742,0.08%
State Bank of India,GOLDMAN SACHS INDIA FUND LIMITED,BSE,Block,Sell,20-09-2021,454.05,6706742,0.08%
PNC Infratech Ltd.,GOLDMAN SACHS FUNDS  GOLDMAN SACHS INDIA EQUITY PORTFOLIO,BSE,Block,Purchase,20-09-2021,369.45,4407843,1.72%
PNC Infratech Ltd.,GOLDMAN SACHS INDIA FUND LIMITED,BSE,Block,Sell,20-09-2021,369.45,4407843,1.72%
SBI Cards and Payment Services Ltd.,GOLDMAN SACHS FUNDS  GOLDMAN SACHS INDIA EQUITY PORTFOLIO,BSE,Block,Purchase,20-09-2021,1078,1408831,0.15%
SBI Cards and Payment Services Ltd.,GOLDMAN SACHS INDIA FUND LIMITED,BSE,Block,Sell,20-09-2021,1078,1408831,0.15%
Rossari Biotech Ltd.,GOLDMAN SACHS FUNDS  GOLDMAN SACHS INDIA EQUITY PORTFOLIO,BSE,Block,Purchase,20-09-2021,1478.65,666135,1.20%
Rossari Biotech Ltd.,GOLDMAN SACHS INDIA FUND LIMITED,BSE,Block,Sell,20-09-2021,1478.65,666135,1.20%
RailTel Corporation of India Ltd.,GOLDMAN SACHS FUNDS  GOLDMAN SACHS INDIA EQUITY PORTFOLIO,BSE,Block,Purchase,20-09-2021,130.65,6963219,2.17%
RailTel Corporation of India Ltd.,GOLDMAN SACHS INDIA FUND LIMITED,BSE,Block,Sell,20-09-2021,130.65,6963219,2.17%
CarTrade Tech Ltd.,GOLDMAN SACHS FUNDS  GOLDMAN SACHS INDIA EQUITY PORTFOLIO,BSE,Block,Purchase,20-09-2021,1452.25,162234,0.34%
CarTrade Tech Ltd.,GOLDMAN SACHS INDIA FUND LIMITED,BSE,Block,Sell,20-09-2021,1452.25,162234,0.34%
Lupin Ltd.,GOLDMAN SACHS FUNDS - GOLDMAN SACHS INDIA EQUITY PORTFOLIO,BSE,Block,Purchase,16-09-2021,989.8,1265614,0.28%
Lupin Ltd.,GOLDMAN SACHS ASSET MANAGEMENT LLC A/C GOLDMAN SACHS INDIA FUND LIMITED,BSE,Block,Sell,16-09-2021,989.8,1265614,0.28%
Marico Ltd.,GOLDMAN SACHS FUNDS - GOLDMAN SACHS INDIA EQUITY PORTFOLIO,BSE,Block,Purchase,16-09-2021,561.75,3098442,0.24%
Marico Ltd.,GOLDMAN SACHS ASSET MANAGEMENT LLC A/C GOLDMAN SACHS INDIA FUND LIMITED,BSE,Block,Sell,16-09-2021,561.75,3098442,0.24%
Syngene International Ltd.,GOLDMAN SACHS FUNDS - GOLDMAN SACHS INDIA EQUITY PORTFOLIO,BSE,Block,Purchase,16-09-2021,666.2,1815280,0.45%
Syngene International Ltd.,GOLDMAN SACHS ASSET MANAGEMENT LLC A/C GOLDMAN SACHS INDIA FUND LIMITED,BSE,Block,Sell,16-09-2021,666.2,1815280,0.45%
L&T Technology Services Ltd.,GOLDMAN SACHS FUNDS - GOLDMAN SACHS INDIA EQUITY PORTFOLIO,BSE,Block,Purchase,16-09-2021,4573.2,412348,0.39%
L&T Technology Services Ltd.,GOLDMAN SACHS ASSET MANAGEMENT LLC A/C GOLDMAN SACHS INDIA FUND LIMITED,BSE,Block,Sell,16-09-2021,4573.2,412348,0.39%
Mahindra Logistics Ltd.,GOLDMAN SACHS FUNDS - GOLDMAN SACHS INDIA EQUITY PORTFOLIO,BSE,Bulk,Purchase,16-09-2021,713.85,1630031,2.26%
Mahindra Logistics Ltd.,GOLDMAN SACHS ASSET MANAGEMENT LLC A/C GOLDMAN SACHS INDIA FUND LIMITED,BSE,Bulk,Sell,16-09-2021,713.85,1630031,2.26%
Mahindra Logistics Ltd.,GOLDMAN SACHS FUNDS - GOLDMAN SACHS INDIA EQUITY PORTFOLIO,BSE,Block,Purchase,16-09-2021,713.85,1630031,2.26%
Mahindra Logistics Ltd.,GOLDMAN SACHS ASSET MANAGEMENT LLC A/C GOLDMAN SACHS INDIA FUND LIMITED,BSE,Block,Sell,16-09-2021,713.85,1630031,2.26%
Newgen Software Technologies Ltd.,GOLDMAN SACHS FUNDS - GOLDMAN SACHS INDIA EQUITY PORTFOLIO,BSE,Bulk,Purchase,16-09-2021,607.85,2678786,1.91%
Newgen Software Technologies Ltd.,GOLDMAN SACHS ASSET MANAGEMENT LLC A/C GOLDMAN SACHS INDIA FUND LIMITED,BSE,Bulk,Sell,16-09-2021,607.85,2678786,1.91%
Newgen Software Technologies Ltd.,GOLDMAN SACHS FUNDS - GOLDMAN SACHS INDIA EQUITY PORTFOLIO,BSE,Block,Purchase,16-09-2021,607.85,2678786,1.91%
Newgen Software Technologies Ltd.,GOLDMAN SACHS ASSET MANAGEMENT LLC A/C GOLDMAN SACHS INDIA FUND LIMITED,BSE,Block,Sell,16-09-2021,607.85,2678786,1.91%
Laxmi Organic Industries Ltd.,GOLDMAN SACHS FUNDS - GOLDMAN SACHS INDIA EQUITY PORTFOLIO,BSE,Bulk,Purchase,16-09-2021,598.15,1995234,0.73%
Laxmi Organic Industries Ltd.,GOLDMAN SACHS ASSET MANAGEMENT LLC A/C GOLDMAN SACHS INDIA FUND LIMITED,BSE,Bulk,Sell,16-09-2021,598.15,1995234,0.73%
Laxmi Organic Industries Ltd.,GOLDMAN SACHS FUNDS - GOLDMAN SACHS INDIA EQUITY PORTFOLIO,BSE,Block,Purchase,16-09-2021,598.15,1995234,0.73%
Laxmi Organic Industries Ltd.,GOLDMAN SACHS ASSET MANAGEMENT LLC A/C GOLDMAN SACHS INDIA FUND LIMITED,BSE,Block,Sell,16-09-2021,598.15,1995234,0.73%
JK Cement Ltd.,GOLDMAN SACHS FUNDS - GOLDMAN SACHS INDIA EQUITY PORTFOLIO,BSE,Block,Purchase,14-09-2021,3471.85,346260,0.45%
JK Cement Ltd.,GOLDMAN SACHS INDIA LIMITED,BSE,Block,Sell,14-09-2021,3471.85,346260,0.45%
Kajaria Ceramics Ltd.,GOLDMAN SACHS FUNDS - GOLDMAN SACHS INDIA EQUITY PORTFOLIO,BSE,Bulk,Purchase,14-09-2021,1172.6,1362000,0.86%
Kajaria Ceramics Ltd.,GOLDMAN SACHS INDIA LIMITED,BSE,Bulk,Sell,14-09-2021,1172.6,1362000,0.86%
Kajaria Ceramics Ltd.,GOLDMAN SACHS FUNDS - GOLDMAN SACHS INDIA EQUITY PORTFOLIO,BSE,Block,Purchase,14-09-2021,1172.6,1362000,0.86%
Kajaria Ceramics Ltd.,GOLDMAN SACHS INDIA LIMITED,BSE,Block,Sell,14-09-2021,1172.6,1362000,0.86%
KEI Industries Ltd.,GOLDMAN SACHS FUNDS - GOLDMAN SACHS INDIA EQUITY PORTFOLIO,BSE,Bulk,Purchase,14-09-2021,804.9,1472757,1.63%
KEI Industries Ltd.,GOLDMAN SACHS INDIA LIMITED,BSE,Bulk,Sell,14-09-2021,804.9,1472757,1.63%
KEI Industries Ltd.,GOLDMAN SACHS FUNDS - GOLDMAN SACHS INDIA EQUITY PORTFOLIO,BSE,Block,Purchase,14-09-2021,804.9,1472757,1.63%
KEI Industries Ltd.,GOLDMAN SACHS INDIA LIMITED,BSE,Block,Sell,14-09-2021,804.9,1472757,1.63%
Kotak Mahindra Bank Ltd.,GOLDMAN SACHS FUNDS - GOLDMAN SACHS INDIA EQUITY PORTFOLIO,BSE,Block,Purchase,14-09-2021,1836.8,1424768,0.07%
Kotak Mahindra Bank Ltd.,GOLDMAN SACHS INDIA LIMITED,BSE,Block,Sell,14-09-2021,1836.8,1424768,0.07%
ISGEC Heavy Engineering Ltd.,GOLDMAN SACHS FUNDS - GOLDMAN SACHS INDIA EQUITY PORTFOLIO,BSE,Bulk,Purchase,14-09-2021,729.45,1383655,1.88%
ISGEC Heavy Engineering Ltd.,GOLDMAN SACHS INDIA LIMITED,BSE,Bulk,Sell,14-09-2021,729.45,1383655,1.88%
ISGEC Heavy Engineering Ltd.,GOLDMAN SACHS FUNDS - GOLDMAN SACHS INDIA EQUITY PORTFOLIO,BSE,Block,Purchase,14-09-2021,729.45,1383655,1.88%
ISGEC Heavy Engineering Ltd.,GOLDMAN SACHS INDIA LIMITED,BSE,Block,Sell,14-09-2021,729.45,1383655,1.88%
Sona BLW Precision Forgings Ltd.,GOLDMAN SACHS FUNDS - GOLDMAN SACHS INDIA EQUITY PORTFOLIO,BSE,Bulk,Purchase,14-09-2021,583.55,3553374,0.57%
Sona BLW Precision Forgings Ltd.,GOLDMAN SACHS INDIA LIMITED,BSE,Bulk,Sell,14-09-2021,583.55,3553374,0.57%
Sona BLW Precision Forgings Ltd.,GOLDMAN SACHS FUNDS - GOLDMAN SACHS INDIA EQUITY PORTFOLIO,BSE,Block,Purchase,14-09-2021,583.55,3553374,0.57%
Sona BLW Precision Forgings Ltd.,GOLDMAN SACHS INDIA LIMITED,BSE,Block,Sell,14-09-2021,583.55,3553374,0.57%
Devyani International Ltd.,GOLDMAN SACHS FUNDS - GOLDMAN SACHS INDIA EQUITY PORTFOLIO,BSE,Block,Purchase,14-09-2021,115.2,3714480,0.31%
Devyani International Ltd.,GOLDMAN SACHS INDIA LIMITED,BSE,Block,Sell,14-09-2021,115.2,3714480,0.31%
Brigade Enterprises Ltd.,GOLDMAN SACHS FUNDS - GOLDMAN SACHS INDIA EQUITY PORTFOLIO,BSE,Bulk,Purchase,09-09-2021,401.45,1417910,0.58%
Brigade Enterprises Ltd.,GOLDMAN SACHS INDIA LIMITED,BSE,Bulk,Sell,09-09-2021,401.45,1417910,0.58%
Brigade Enterprises Ltd.,GOLDMAN SACHS FUNDS - GOLDMAN SACHS INDIA EQUITY PORTFOLIO,BSE,Block,Purchase,09-09-2021,401.45,1417910,0.58%
Brigade Enterprises Ltd.,GOLDMAN SACHS INDIA LIMITED,BSE,Block,Sell,09-09-2021,401.45,1417910,0.58%
Escorts Kubota Ltd.,GOLDMAN SACHS FUNDS - GOLDMAN SACHS INDIA EQUITY PORTFOLIO,BSE,Block,Purchase,09-09-2021,1383,481324,0.43%
Escorts Kubota Ltd.,GOLDMAN SACHS INDIA LIMITED,BSE,Block,Sell,09-09-2021,1383,481324,0.43%
Federal Bank Ltd.,GOLDMAN SACHS FUNDS - GOLDMAN SACHS INDIA EQUITY PORTFOLIO,BSE,Bulk,Purchase,09-09-2021,83.05,11339015,0.46%
Federal Bank Ltd.,GOLDMAN SACHS INDIA LIMITED,BSE,Bulk,Sell,09-09-2021,83.05,11339015,0.46%
Federal Bank Ltd.,GOLDMAN SACHS FUNDS - GOLDMAN SACHS INDIA EQUITY PORTFOLIO,BSE,Block,Purchase,09-09-2021,83.05,11339015,0.46%
Federal Bank Ltd.,GOLDMAN SACHS INDIA LIMITED,BSE,Block,Sell,09-09-2021,83.05,11339015,0.46%
Gujarat Gas Ltd.,GOLDMAN SACHS FUNDS GOLDMAN SACHS INDIA EQUITY PORTFOLIO,BSE,Block,Purchase,09-09-2021,688.9,2433514,0.35%
Gujarat Gas Ltd.,GOLDMAN SACHS INDIA FUND LIMITED,BSE,Block,Sell,09-09-2021,688.9,2433514,0.35%
HDFC Bank Ltd.,GOLDMAN SACHS FUNDS GOLDMAN SACHS INDIA EQUITY PORTFOLIO,BSE,Block,Purchase,09-09-2021,1577.1,787098,0.01%
HDFC Bank Ltd.,GOLDMAN SACHS INDIA FUND LIMITED,BSE,Block,Sell,09-09-2021,1577.1,787098,0.01%
Info Edge (India) Ltd.,GOLDMAN SACHS FUNDS - GOLDMAN SACHS INDIA EQUITY PORTFOLIO,BSE,Block,Purchase,09-09-2021,6720.45,519283,0.40%
Info Edge (India) Ltd.,GOLDMAN SACHS INDIA LIMITED,BSE,Block,Sell,09-09-2021,6720.45,519283,0.40%
Oberoi Realty Ltd.,GOLDMAN SACHS FUNDS GOLDMAN SACHS INDIA EQUITY PORTFOLIO,BSE,Block,Purchase,09-09-2021,774.4,1690681,0.46%
Oberoi Realty Ltd.,GOLDMAN SACHS INDIA FUND LIMITED,BSE,Block,Sell,09-09-2021,774.4,1690681,0.46%
Balrampur Chini Mills Ltd.,GOLDMAN SACHS FUNDS - GOLDMAN SACHS INDIA EQUITY PORTFOLIO,BSE,Bulk,Purchase,07-09-2021,364.7,4333235,2.15%
Balrampur Chini Mills Ltd.,GOLDMAN SACHS ASSET MANAGEMENT LLC A/C GOLDMAN SACHS INDIA FUND LIMITED,BSE,Bulk,Sell,07-09-2021,364.7,4333235,2.15%
Balrampur Chini Mills Ltd.,GOLDMAN SACHS FUNDS - GOLDMAN SACHS INDIA EQUITY PORTFOLIO,BSE,Block,Purchase,07-09-2021,364.7,4333235,2.15%
Balrampur Chini Mills Ltd.,GOLDMAN SACHS ASSET MANAGEMENT LLC A/C GOLDMAN SACHS INDIA FUND LIMITED,BSE,Block,Sell,07-09-2021,364.7,4333235,2.15%
Hindalco Industries Ltd.,GOLDMAN SACHS FUNDS - GOLDMAN SACHS INDIA EQUITY PORTFOLIO,BSE,Block,Purchase,07-09-2021,469.2,6176216,0.27%
Hindalco Industries Ltd.,GOLDMAN SACHS ASSET MANAGEMENT LLC A/C GOLDMAN SACHS INDIA FUND LIMITED,BSE,Block,Sell,07-09-2021,469.2,6176216,0.27%
Jubilant Foodworks Ltd.,GOLDMAN SACHS FUNDS - GOLDMAN SACHS INDIA EQUITY PORTFOLIO,BSE,Block,Purchase,07-09-2021,4152.95,533395,0.08%
Jubilant Foodworks Ltd.,GOLDMAN SACHS ASSET MANAGEMENT LLC A/C GOLDMAN SACHS INDIA FUND LIMITED,BSE,Block,Sell,07-09-2021,4152.95,533395,0.08%
Mahindra Lifespace Developers Ltd.,GOLDMAN SACHS FUNDS - GOLDMAN SACHS INDIA EQUITY PORTFOLIO,BSE,Bulk,Purchase,07-09-2021,818.45,865775,0.56%
Mahindra Lifespace Developers Ltd.,GOLDMAN SACHS ASSET MANAGEMENT LLC A/C GOLDMAN SACHS INDIA FUND LIMITED,BSE,Bulk,Sell,07-09-2021,818.45,865775,0.56%
Mahindra Lifespace Developers Ltd.,GOLDMAN SACHS FUNDS - GOLDMAN SACHS INDIA EQUITY PORTFOLIO,BSE,Block,Purchase,07-09-2021,818.45,865775,0.56%
Mahindra Lifespace Developers Ltd.,GOLDMAN SACHS ASSET MANAGEMENT LLC A/C GOLDMAN SACHS INDIA FUND LIMITED,BSE,Block,Sell,07-09-2021,818.45,865775,0.56%
Coforge Ltd.,GOLDMAN SACHS FUNDS - GOLDMAN SACHS INDIA EQUITY PORTFOLIO,BSE,Bulk,Purchase,07-09-2021,5282.45,414520,0.62%
Coforge Ltd.,GOLDMAN SACHS ASSET MANAGEMENT LLC A/C GOLDMAN SACHS INDIA FUND LIMITED,BSE,Bulk,Sell,07-09-2021,5282.45,414520,0.62%
Coforge Ltd.,GOLDMAN SACHS FUNDS - GOLDMAN SACHS INDIA EQUITY PORTFOLIO,BSE,Block,Purchase,07-09-2021,5282.45,414520,0.62%
Coforge Ltd.,GOLDMAN SACHS ASSET MANAGEMENT LLC A/C GOLDMAN SACHS INDIA FUND LIMITED,BSE,Block,Sell,07-09-2021,5282.45,414520,0.62%
Atul Ltd.,GOLDMAN SACHS FUNDS GOLDMAN SACHS INDIA EQUITY PORTFOLIO,BSE,Bulk,Purchase,02-09-2021,9238.45,173831,0.59%
Atul Ltd.,GOLDMAN SACHS INDIA FUND LIMITED,BSE,Bulk,Sell,02-09-2021,9238.45,173831,0.59%
Atul Ltd.,GOLDMAN SACHS FUNDS GOLDMAN SACHS INDIA EQUITY PORTFOLIO,BSE,Block,Purchase,02-09-2021,9238.45,173831,0.59%
Atul Ltd.,GOLDMAN SACHS INDIA FUND LIMITED,BSE,Block,Sell,02-09-2021,9238.45,173831,0.59%
Ipca Laboratories Ltd.,GOLDMAN SACHS FUNDS GOLDMAN SACHS INDIA EQUITY PORTFOLIO,BSE,Bulk,Purchase,02-09-2021,2531.9,927874,0.37%
Ipca Laboratories Ltd.,GOLDMAN SACHS INDIA FUND LIMITED,BSE,Bulk,Sell,02-09-2021,2531.9,927874,0.37%
Ipca Laboratories Ltd.,GOLDMAN SACHS FUNDS GOLDMAN SACHS INDIA EQUITY PORTFOLIO,BSE,Block,Purchase,02-09-2021,2531.9,927874,0.37%
Ipca Laboratories Ltd.,GOLDMAN SACHS INDIA FUND LIMITED,BSE,Block,Sell,02-09-2021,2531.9,927874,0.37%
Gland Pharma Ltd.,GOLDMAN SACHS FUNDS GOLDMAN SACHS INDIA EQUITY PORTFOLIO,BSE,Block,Purchase,02-09-2021,3903.05,400293,0.24%
Gland Pharma Ltd.,GOLDMAN SACHS INDIA FUND LIMITED,BSE,Block,Sell,02-09-2021,3903.05,400293,0.24%
Apollo Hospitals Enterprise Ltd.,GOLDMAN SACHS FUNDS GOLDMAN SACHS INDIA EQUITY PORTFOLIO,BSE,Block,Purchase,31-08-2021,4755.65,396992,0.28%
Apollo Hospitals Enterprise Ltd.,GOLDMAN SACHS INDIA FUND LIMITED,BSE,Block,Sell,31-08-2021,4755.65,396992,0.28%
Bajaj Finserv Ltd.,GOLDMAN SACHS FUNDS GOLDMAN SACHS INDIA EQUITY PORTFOLIO,BSE,Block,Purchase,31-08-2021,16551.65,206682,0.01%
Bajaj Finserv Ltd.,GOLDMAN SACHS INDIA FUND LIMITED,BSE,Block,Sell,31-08-2021,16551.65,206682,0.01%
Crompton Greaves Consumer Electricals Ltd.,GOLDMAN SACHS FUNDS GOLDMAN SACHS INDIA EQUITY PORTFOLIO,BSE,Block,Purchase,31-08-2021,470.9,3125092,0.49%
Crompton Greaves Consumer Electricals Ltd.,GOLDMAN SACHS INDIA FUND LIMITED,BSE,Block,Sell,31-08-2021,470.9,3125092,0.49%
Valiant Organics Ltd.,GOLDMAN SACHS FUNDS  GOLDMAN SACHS INDIA EQUITY PORTFOLIO,BSE,Bulk,Purchase,31-08-2021,1299.05,213004,0.77%
Valiant Organics Ltd.,GOLDMAN SACHS INDIA FUND LIMITED,BSE,Bulk,Sell,31-08-2021,1299.05,213004,0.77%
Valiant Organics Ltd.,GOLDMAN SACHS FUNDS GOLDMAN SACHS INDIA EQUITY PORTFOLIO,BSE,Block,Purchase,31-08-2021,1299.05,213004,0.77%
Valiant Organics Ltd.,GOLDMAN SACHS INDIA FUND LIMITED,BSE,Block,Sell,31-08-2021,1299.05,213004,0.77%
TCNS Clothing Co. Ltd.,NOMURA SINGAPORE LIMITED,NSE,Bulk,Sell,28-08-2024,578.13,320494,0.51%
Seamec Ltd.,NOMURA SINGAPORE LIMITED,NSE,Bulk,Sell,26-08-2024,1525,190000,0.75%
Seamec Ltd.,NOMURA SINGAPORE LIMITED,NSE,Block,Sell,26-08-2024,1525,190000,0.75%
Seamec Ltd.,NOMURA SINGAPORE LIMITED,NSE,Bulk,Sell,23-08-2024,1500,279000,1.10%
Seamec Ltd.,NOMURA SINGAPORE LIMITED,NSE,Block,Sell,23-08-2024,1500,279000,1.10%
PNB Housing Finance Ltd.,NOMURA SINGAPORE LIMITED,BSE,Block,Purchase,21-08-2024,802.5,124650,0.05%
Omaxe Ltd.,NOMURA SINGAPORE LIMITED,NSE,Bulk,Sell,28-06-2024,109.5,2606465,1.43%
Omaxe Ltd.,NOMURA SINGAPORE LIMITED,NSE,Bulk,Sell,27-06-2024,106.75,2700000,1.48%
Deep Energy Resources Ltd.,NOMURA SINGAPORE LIMITED,NSE,Bulk,Sell,26-06-2024,170.75,206553,0.65%
GSS Infotech Ltd.,NOMURA SINGAPORE LIMITED,NSE,Bulk,Sell,26-06-2024,92.75,160000,0.61%
Rossell India Ltd.,NOMURA SINGAPORE LIMITED,NSE,Bulk,Sell,26-06-2024,553.5,555803,1.47%
Paisalo Digital Ltd.,NOMURA SINGAPORE LIMITED,NSE,Bulk,Sell,26-06-2024,75.47,14800000,1.65%
Tree House Education & Accessories Ltd.,NOMURA SINGAPORE LIMITED,NSE,Bulk,Sell,26-06-2024,26.26,340000,0.80%
UFO Moviez India Ltd.,NOMURA SINGAPORE LIMITED,NSE,Bulk,Sell,26-06-2024,137.8,257261,0.66%
Salasar Techno Engineering Ltd.,NOMURA SINGAPORE LIMITED,NSE,Bulk,Sell,26-06-2024,19.27,13880000,0.80%
Krystal Integrated Services Ltd.,NOMURA SINGAPORE LIMITED,NSE,Bulk,Sell,21-03-2024,736.74,500000,3.58%
GPT Healthcare Ltd.,NOMURA SINGAPORE LIMITED,NSE,Bulk,Sell,29-02-2024,202.46,453693,0.55%
Mankind Pharma Ltd.,NOMURA SINGAPORE LIMITED,NSE,Block,Purchase,08-02-2024,2107.35,50043,0.01%
Salasar Techno Engineering Ltd.,NOMURA SINGAPORE LIMITED,NSE,Bulk,Sell,01-02-2024,28.2,3470000,0.20%
Computer Age Management Services Ltd.,NOMURA SINGAPORE LIMITED,BSE,Block,Purchase,04-12-2023,2766,36500,0.07%
PB Fintech Ltd.,NOMURA SINGAPORE LIMITED,NSE,Block,Purchase,06-10-2023,762.8,163860,0.04%
Restaurant Brands Asia Ltd.,NOMURA SINGAPORE LIMITED,NSE,Block,Purchase,15-09-2023,119.1,1050150,0.21%
Zomato Ltd.,NOMURA SINGAPORE LIMITED,NSE,Block,Purchase,30-08-2023,94.7,1310000,0.01%
HMA Agro Industries Ltd.,NOMURA SINGAPORE LIMITED,NSE,Bulk,Sell,04-07-2023,626.9,466032,0.09%
TD Power Systems Ltd.,NOMURA SINGAPORE LIMITED,NSE,Block,Purchase,30-06-2023,221,460000,0.29%
Rama Steel Tubes Ltd.,NOMURA SINGAPORE LIMITED,NSE,Bulk,Sell,10-01-2023,42.8,500000,0.03%
Inox Green Energy Services Ltd.,NOMURA SINGAPORE LIMITED,NSE,Bulk,Sell,23-11-2022,60.35,1460728,0.40%
Rama Steel Tubes Ltd.,NOMURA SINGAPORE LIMITED,NSE,Bulk,Purchase,11-11-2022,164.15,500000,0.03%
CSB Bank Ltd.,NOMURA SINGAPORE LIMITED,NSE,Bulk,Sell,25-10-2022,232.3,2639673,1.52%
Zee Entertainment Enterprises Ltd.,NOMURA SINGAPORE LIMITED,NSE,Block,Purchase,18-10-2022,263.7,405997,0.04%
BLS International Services Ltd.,NOMURA SINGAPORE LIMITED,NSE,Bulk,Purchase,29-08-2022,230,1100000,0.27%
Easy Trip Planners Ltd.,NOMURA SINGAPORE LIMITED,NSE,Bulk,Purchase,02-08-2022,399,1150000,0.06%
BLS International Services Ltd.,NOMURA SINGAPORE LIMITED,NSE,Bulk,Purchase,11-07-2022,214,1250000,0.30%
Rama Steel Tubes Ltd.,NOMURA SINGAPORE LIMITED,NSE,Bulk,Purchase,15-06-2022,371,100000,0.01%
KBC Global Ltd.,NOMURA SINGAPORE LIMITED,NSE,Bulk,Sell,15-06-2022,4.4,19620000,2.01%
Vaxtex Cotfab Ltd.,NOMURA SINGAPORE LIMITED,NSE,Bulk,Purchase,11-05-2022,35.6,265000,0.14%
Hariom Pipe Industries Ltd.,NOMURA SINGAPORE LIMITED,NSE,Bulk,Sell,13-04-2022,225.84,345190,1.11%
Veranda Learning Solutions Ltd.,NOMURA SINGAPORE LIMITED,BSE,Bulk,Sell,12-04-2022,162.51,778600,1.09%
Veranda Learning Solutions Ltd.,NOMURA SINGAPORE LIMITED,BSE,Bulk,Sell,11-04-2022,160.97,978581,1.37%
Lancer Container Lines Ltd.,NOMURA SINGAPORE LIMITED,BSE,Bulk,Purchase,31-03-2022,163.99,450000,0.20%
Vikas Ecotech Ltd.,NOMURA SINGAPORE LIMITED,NSE,Bulk,Purchase,24-03-2022,5.35,6600000,0.37%
Easy Trip Planners Ltd.,NOMURA SINGAPORE LIMITED,BSE,Bulk,Purchase,28-02-2022,275,600000,0.03%
Dhani Services Ltd.,NOMURA SINGAPORE LIMITED,NSE,Bulk,Purchase,03-02-2022,153,10000000,1.63%
Seacoast Shipping Services Ltd.,NOMURA SINGAPORE LIMITED,BSE,Bulk,Purchase,17-01-2022,19.71,5000000,0.93%
Vishal Fabrics Ltd.,NOMURA SINGAPORE LIMITED,NSE,Bulk,Purchase,30-08-2021,112.25,705000,0.36%
Pricol Ltd.,NOMURA SINGAPORE LIMITED,BSE,Bulk,Purchase,09-06-2021,89.45,1888646,1.55%
Paramount Communications Ltd.,NOMURA SINGAPORE LIMITED,NSE,Bulk,Sell,04-06-2021,13.12,1252644,0.41%
Vikas Ecotech Ltd.,NOMURA SINGAPORE LIMITED,NSE,Bulk,Sell,27-04-2021,2.06,5220000,0.30%
Seamec Ltd.,NOMURA SINGAPORE LIMITED,NSE,Bulk,Purchase,01-04-2021,449.96,250000,0.98%
Seamec Ltd.,NOMURA SINGAPORE LIMITED,NSE,Bulk,Purchase,31-03-2021,454.97,160000,0.63%
TruCap Finance Ltd.,NOMURA SINGAPORE LIMITED,BSE,Bulk,Purchase,05-02-2021,380,135000,0.12%
Vikas Ecotech Ltd.,NOMURA SINGAPORE LIMITED,NSE,Bulk,Sell,11-01-2021,3.7,1680000,0.09%
TruCap Finance Ltd.,NOMURA SINGAPORE LIMITED,BSE,Bulk,Purchase,08-01-2021,411,150000,0.13%
PNC Infratech Ltd.,NOMURA SINGAPORE LIMITED,BSE,Block,Purchase,06-01-2021,175,750000,0.29%
CSB Bank Ltd.,NOMURA SINGAPORE LIMITED,NSE,Bulk,Purchase,16-12-2020,214.5,1496357,0.86%
CSB Bank Ltd.,NOMURA SINGAPORE LIMITED,NSE,Block,Purchase,16-12-2020,214.5,1496357,0.86%
GSS Infotech Ltd.,NOMURA SINGAPORE LIMITED,NSE,Bulk,Sell,19-08-2020,21.33,700000,2.68%
Tourism Finance Corporation of India Ltd.,NOMURA SINGAPORE LIMITED,NSE,Bulk,Sell,23-03-2020,32.85,2644952,2.86%
Eris Lifesciences Ltd.,NOMURA SINGAPORE LIMITED,BSE,Bulk,Purchase,15-11-2019,410,950000,0.70%
Cerebra Integrated Technologies Ltd.,NOMURA SINGAPORE LIMITED,BSE,Bulk,Purchase,14-11-2019,18.5,1699000,1.40%
Cerebra Integrated Technologies Ltd.,NOMURA SINGAPORE LIMITED,NSE,Bulk,Purchase,14-11-2019,19,1054239,0.87%
Lypsa Gems & Jewellery Ltd.,NOMURA SINGAPORE LIMITED,NSE,Bulk,Sell,14-08-2019,3.85,488663,1.66%
Deep Energy Resources Ltd.,NOMURA SINGAPORE LIMITED,NSE,Bulk,Sell,07-08-2019,110.63,199734,0.62%
SORIL Infra Resources Ltd.,NOMURA SINGAPORE LIMITED,NSE,Bulk,Sell,07-08-2019,95.38,192022,0.61%
Usha Martin Ltd.,NOMURA SINGAPORE LIMITED,NSE,Bulk,Sell,07-08-2019,26.65,1652266,0.54%
Ducon Infratechnologies Ltd.,NOMURA SINGAPORE LIMITED,NSE,Bulk,Purchase,30-05-2019,16.5,600000,0.18%
Vikas Lifecare Ltd.,NOMURA SINGAPORE LIMITED,NSE,Bulk,Purchase,22-05-2019,4.13,11928292,0.64%
Lakshmi Vilas Bank Ltd.(Amalgmated),NOMURA SINGAPORE LIMITED,BSE,Bulk,Sell,02-05-2019,73.9,5580000,1.66%
Inox Wind Ltd.,NOMURA SINGAPORE LIMITED,NSE,Bulk,Sell,05-12-2018,79.3,2375000,0.18%
Inox Wind Ltd.,NOMURA SINGAPORE LIMITED,BSE,Bulk,Sell,05-12-2018,80.3,2375000,0.18%
Paramount Communications Ltd.,NOMURA SINGAPORE LIMITED,NSE,Bulk,Purchase,22-11-2018,8.45,2823126,0.93%
Vikas Ecotech Ltd.,NOMURA SINGAPORE LIMITED,NSE,Bulk,Purchase,16-11-2018,14,3500000,0.20%
Vikas Ecotech Ltd.,NOMURA SINGAPORE LIMITED,BSE,Bulk,Purchase,16-11-2018,14,3500000,0.20%
Infibeam Avenues Ltd.,NOMURA SINGAPORE LIMITED,NSE,Bulk,Sell,08-10-2018,60.09,8800694,0.32%
GSS Infotech Ltd.,NOMURA SINGAPORE LIMITED,NSE,Bulk,Purchase,01-10-2018,99.49,100000,0.38%
Lakshmi Vilas Bank Ltd.(Amalgmated),NOMURA SINGAPORE LIMITED,NSE,Bulk,Sell,01-10-2018,74.91,1489613,0.44%
Infibeam Avenues Ltd.,NOMURA SINGAPORE LIMITED,NSE,Bulk,Purchase,10-05-2018,167.75,3000000,0.11%
GSS Infotech Ltd.,NOMURA SINGAPORE LIMITED,NSE,Bulk,Purchase,18-04-2018,73.99,300000,1.15%
GSS Infotech Ltd.,NOMURA SINGAPORE LIMITED,BSE,Bulk,Purchase,18-04-2018,74,200000,0.76%
GSS Infotech Ltd.,NOMURA SINGAPORE LIMITED,NSE,Bulk,Purchase,16-04-2018,61,100000,0.38%
IRB InvIT Fund,NOMURA SINGAPORE LIMITED,BSE,Bulk,Purchase,13-03-2018,82.75,6405000,1.10%
PG Electroplast Ltd.,NOMURA SINGAPORE LIMITED,NSE,Bulk,Sell,06-03-2018,340,100000,0.04%
Hubtown Ltd.,NOMURA SINGAPORE LIMITED,NSE,Bulk,Purchase,28-11-2017,130.1,410000,0.32%
Mercator Ltd.,NOMURA SINGAPORE LIMITED,BSE,Bulk,Sell,20-11-2017,40.65,4514888,1.49%
Bharat Road Network Ltd.,NOMURA SINGAPORE LIMITED,NSE,Bulk,Sell,18-09-2017,209.9,1702523,2.03%
Bharat Road Network Ltd.,NOMURA SINGAPORE LIMITED,BSE,Bulk,Sell,18-09-2017,209.01,965000,1.15%
Ramkrishna Forgings Ltd.,NOMURA SINGAPORE LIMITED,NSE,Bulk,Sell,01-06-2017,459.73,226206,0.13%
IRB InvIT Fund,NOMURA SINGAPORE LIMITED,NSE,Bulk,Sell,18-05-2017,102.04,2905000,0.50%
Sadbhav Infrastructure Project Ltd.,NOMURA ASSET MGMT SINGAPORE LIMITED ASTRO TRUST SERIES TRICERATOP,BSE,Bulk,Purchase,05-05-2017,104.5,13225812,3.75%
Sadbhav Infrastructure Project Ltd.,NOMURA ASSET MGMT SINGAPORE LIMITED ASTRO TRUST SERIES TRICERATOP,BSE,Block,Purchase,05-05-2017,104.5,13225812,3.75%
Ansal Properties & Infrastructure Ltd.,NOMURA SINGAPORE LIMITED,NSE,Bulk,Sell,07-04-2017,20.17,1011776,0.64%
Ansal Properties & Infrastructure Ltd.,NOMURA SINGAPORE LIMITED,NSE,Bulk,Sell,06-04-2017,19.01,905000,0.57%
Jain Irrigation Systems Ltd.,NOMURA SINGAPORE LIMITED,NSE,Bulk,Sell,23-02-2017,93.59,3379000,0.49%
Lypsa Gems & Jewellery Ltd.,NOMURA SINGAPORE LIMITED,NSE,Bulk,Purchase,20-02-2017,68,125000,0.42%
Lypsa Gems & Jewellery Ltd.,NOMURA SINGAPORE LIMITED,NSE,Bulk,Purchase,06-02-2017,66,125000,0.42%
Mercator Ltd.,NOMURA SINGAPORE LIMITED,BSE,Bulk,Sell,30-01-2017,42.6,9600000,3.17%
Eveready Industries India Ltd.,NOMURA SINGAPORE LIMITED,NSE,Bulk,Purchase,15-12-2016,216.75,410793,0.57%
Vardhman Acrylics Ltd.,NOMURA SINGAPORE LIMITED,NSE,Bulk,Purchase,08-12-2016,45.95,487247,0.61%
Neuland Laboratories Ltd.,NOMURA ASSET MNGT SINGAPORE LTD ACCOUNT NOMURA FUNDS IRELA,NSE,Bulk,Purchase,07-11-2016,1023.71,58262,0.45%
Aarey Drugs & Pharmaceuticals Ltd.,NOMURA SINGAPORE LIMITED,BSE,Bulk,Purchase,07-11-2016,50.25,94274,0.33%
OnMobile Global Ltd.,NOMURA SINGAPORE LIMITED,BSE,Bulk,Purchase,04-11-2016,105.75,859666,0.81%
Karnataka Bank Ltd.,NOMURA SINGAPORE LIMITED,NSE,Bulk,Sell,27-10-2016,119.23,2640000,0.70%
Karnataka Bank Ltd.,NOMURA SINGAPORE LIMITED,NSE,Bulk,Purchase,20-10-2016,154.87,1379000,0.36%
Dwarikesh Sugar Industries Ltd.,NOMURA SINGAPORE LIMITED,BSE,Bulk,Sell,30-09-2016,243.53,200000,0.11%
Multi Commodity Exchange of India Ltd.,NOMURA SINGAPORE LIMITED,NSE,Bulk,Purchase,29-09-2016,1352.69,397800,0.78%
RPP Infra Projects Ltd.,NOMURA SINGAPORE LIMITED,NSE,Bulk,Purchase,03-08-2016,176,150000,0.39%
Max India Ltd.(Old),NOMURA SINGAPORE LIMITED,NSE,Bulk,Purchase,22-07-2016,127.12,1600000,0.59%
Infibeam Avenues Ltd.,NOMURA SINGAPORE LIMITED,NSE,Bulk,Sell,04-04-2016,450.52,884284,0.03%
Housing Development & Infrastructure Ltd.,NOMURA SINGAPORE LIMITED,NSE,Bulk,Sell,27-08-2015,63.16,4700000,0.99%
Edelweiss Financial Services Ltd.,NOMURA SINGAPORE LIMITED,BSE,Bulk,Purchase,24-07-2015,60,5000000,0.53%
Housing Development & Infrastructure Ltd.,NOMURA SINGAPORE LIMITED,BSE,Bulk,Purchase,22-06-2015,89.25,2438451,0.51%
Marico Kaya Enterprises Limited,NOMURA SINGAPORE LIMITED,NSE,Bulk,Purchase,10-02-2015,1349.98,110000,-%
Era Infra Engineering Ltd.,NOMURA SINGAPORE LIMITED,BSE,Bulk,Purchase,05-09-2014,17.2,4800386,1.45%
Housing Development & Infrastructure Ltd.,NOMURA SINGAPORE LIMITED,NSE,Bulk,Sell,11-06-2014,105.95,2098000,0.44%
Ansal Properties & Infrastructure Ltd.,NOMURA SINGAPORE LIMITED,BSE,Bulk,Purchase,04-04-2014,17.4,2099439,1.33%
Housing Development & Infrastructure Ltd.,NOMURA SINGAPORE LIMITED,NSE,Bulk,Purchase,04-04-2014,67.45,4411000,0.93%
Ansal Properties & Infrastructure Ltd.,NOMURA SINGAPORE LIMITED,BSE,Bulk,Purchase,05-03-2014,17.4,4987920,3.17%
Karnataka Bank Ltd.,NOMURA SINGAPORE LIMITED,NSE,Bulk,Purchase,14-10-2013,108,1174000,0.31%
GB Global Ltd.,NOMURA SINGAPORE LIMITED,NSE,Bulk,Purchase,04-12-2012,243.99,265000,0.53%
Welspun Corp Ltd.,NOMURA SINGAPORE LIMITED,NSE,Bulk,Sell,31-05-2012,118.03,1404000,0.54%
Alok Industries Ltd.,NOMURA SINGAPORE LIMITED,NSE,Bulk,Purchase,26-04-2012,19.33,6321153,0.13%
Sun TV Network Ltd.,NOMURA ASSET MANAGEMENT SINGAPORE LTD,BSE,Block,Purchase,14-12-2007,406,677000,0.17%
Cipla Ltd.,SOCIETE GENERALE,NSE,Block,Purchase,02-12-2024,1518.75,216967,0.03%
Cipla Ltd.,BOFA SECURITIES EUROPE SA,NSE,Block,Purchase,02-12-2024,1518.75,139082,0.02%
Cipla Ltd.,BOFA SECURITIES EUROPE SA - ODI,NSE,Block,Purchase,02-12-2024,1518.75,133519,0.02%
Home First Finance Company India Ltd.,BOFA SECURITIES EUROPE SA ODI,BSE,Bulk,Purchase,02-12-2024,990,554784,0.62%
Cipla Ltd.,MORGAN STANLEY ASIA SINGAPORE PTE,NSE,Block,Purchase,02-12-2024,1518.75,244784,0.03%
Niyogin Fintech Ltd.,MORGAN STANLEY ASIA (SINGAPORE) PTE.,BSE,Bulk,Purchase,26-11-2024,55.65,671365,0.71%
Home First Finance Company India Ltd.,GOLDMAN SACHS FUNDS - GOLDMAN SACHS INDIA EQUITY PORTFOLIO,BSE,Bulk,Purchase,02-12-2024,989.98,859710,0.96%
Vishal Fabrics Ltd.,NOMURA SINGAPORE LIMITED,BSE,Bulk,Sell,27-11-2024,28.46,2115000,1.07%
Awfis Space Solutions Ltd,SOCIETE GENERALE,NSE,Block,Purchase,11-12-2024,709.9,279816,0.40%
Awfis Space Solutions Ltd,SOCIETE GENERALE,NSE,Block,Purchase,11-12-2024,709.9,140872,0.20%
Indus Towers Ltd.,SOCIETE GENERALE - ODI,NSE,Block,Purchase,05-12-2024,353.7,3929057,0.15%
Indus Towers Ltd.,BOFA SECURITIES EUROPE SA,NSE,Block,Purchase,05-12-2024,353.7,12350005,0.47%
Indus Towers Ltd.,BOFA SECURITIES EUROPE SA -FPI,NSE,Block,Purchase,05-12-2024,353.7,283001,0.01%
Awfis Space Solutions Ltd,MORGAN STANLEY ASIA SINGAPORE PTE,NSE,Block,Purchase,11-12-2024,709.9,279276,0.39%
Indus Towers Ltd.,MORGAN STANLEY ASIA SINGAPORE PTE -ODI,NSE,Bulk,Purchase,05-12-2024,353.7,21050010,0.80%
Indus Towers Ltd.,MORGAN STANLEY ASIA SINGAPORE PTE -ODI,NSE,Block,Purchase,05-12-2024,353.7,21050010,0.80%
Awfis Space Solutions Ltd,GOLDMAN SACHS FUNDS - GOLDMAN SACHS INDIA EQUITY PORTFOLIO,NSE,Bulk,Purchase,11-12-2024,709.9,856599,1.21%
Awfis Space Solutions Ltd,GOLDMAN SACHS FUNDS - GOLDMAN SACHS INDIA EQUITY PORTFOLIO,NSE,Block,Purchase,11-12-2024,709.9,856599,1.21%
Awfis Space Solutions,SOCIETE GENERALE,NSE,Block,Purchase,11-12-2024,709.9,279816,0.40%
Awfis Space Solutions,SOCIETE GENERALE,NSE,Block,Purchase,11-12-2024,709.9,140872,0.20%
Indus Towers,SOCIETE GENERALE - ODI,NSE,Block,Purchase,05-12-2024,353.7,3929057,0.15%
Cipla,SOCIETE GENERALE,NSE,Block,Purchase,02-12-2024,1518.75,216967,0.03%
Tilaknagar Industries,SOCIETE GENERALE,BSE,Bulk,Purchase,18-11-2024,338.65,1816625,0.94%
Tilaknagar Industries,SOCIETE GENERALE,BSE,Block,Purchase,18-11-2024,338.65,1816625,0.94%
Ramkrishna Forgings,SOCIETE GENERALE - ODI,NSE,Block,Sell,14-11-2024,922.8,200000,0.11%
PNB Housing Finance,SOCIETE GENERALE - ODI,NSE,Bulk,Purchase,13-11-2024,939.3,1709750,0.66%
Tilaknagar Industries,SOCIETE GENERALE,BSE,Block,Purchase,31-10-2024,287.8,400000,0.21%
IndusInd Bank,SOCIETE GENERALE,NSE,Bulk,Purchase,25-10-2024,1083.79,29725,0.00%
IndusInd Bank,SOCIETE GENERALE,NSE,Bulk,Sell,25-10-2024,1070.61,3930435,0.50%
Cigniti Technologies,SOCIETE GENERALE,NSE,Bulk,Purchase,23-10-2024,1423.15,227666,0.83%
Cigniti Technologies,SOCIETE GENERALE,NSE,Bulk,Sell,23-10-2024,1425.29,539,0.00%
Garuda Construction and En...,SOCIETE GENERALE,NSE,Bulk,Sell,15-10-2024,105,721527,0.97%
Transformers & Rectifiers,SOCIETE GENERALE,NSE,Block,Purchase,14-10-2024,780.3,238972,0.16%
Sterling and Wilson,SOCIETE GENERALE,NSE,Bulk,Purchase,27-09-2024,623,2010000,0.86%
Nuvama Wealth,SOCIETE GENERALE,BSE,Block,Purchase,27-09-2024,6702.6,87414,0.24%
Entero Healthcare,SOCIETE GENERALE,BSE,Block,Purchase,27-09-2024,1305,96207,0.22%
Gulf Oil Lubricants,SOCIETE GENERALE,BSE,Block,Purchase,26-09-2024,1351,93000,0.19%
Five-Star Business Finance,SOCIETE GENERALE,BSE,Block,Purchase,26-09-2024,800.5,626211,0.21%
Spicejet,SOCIETE GENERALE,BSE,Bulk,Purchase,25-09-2024,62.43,940912,0.14%
Spicejet,SOCIETE GENERALE,BSE,Bulk,Sell,25-09-2024,62.9,8356757,1.22%
Brace Port Logistics,SELVAMURTHY    AKILANDESWARI,NSE,Bulk,Purchase,29-08-2024,181.76,73600,0.65%
Rajputana Industries,SELVAMURTHY    AKILANDESWARI,NSE,Bulk,Purchase,12-08-2024,91.52,123000,0.55%
Effwa Infra & Research,SELVAMURTHY    AKILANDESWARI,NSE,Bulk,Purchase,31-07-2024,330.66,121600,0.53%
Durlax Top Surface,SELVAMURTHY    AKILANDESWARI,NSE,Bulk,Purchase,04-07-2024,84.98,84000,0.51%
Diensten Tech,SELVAMURTHY    AKILANDESWARI,NSE,Bulk,Purchase,04-07-2024,263.65,42000,0.51%
Medicamen Organics,SELVAMURTHY    AKILANDESWARI,NSE,Bulk,Purchase,28-06-2024,135.09,200000,1.71%
Quest Laboratories,SELVAMURTHY    AKILANDESWARI,NSE,Bulk,Purchase,30-05-2024,114.77,159600,0.97%
Indian Emulsifiers,SELVAMURTHY    AKILANDESWARI,NSE,Bulk,Purchase,22-05-2024,426.15,62000,0.51%
Piotex Industries,SELVAMURTHY AKILANDESWARI,BSE,Bulk,Purchase,17-05-2024,111.06,54000,1.06%
Sungarner Energies,SELVAMURTHY    AKILANDESWARI,NSE,Bulk,Sell,06-05-2024,440.75,28000,1.21%
Mafia Trends,SELVAMURTHY AKILANDESWARI,BSE,Bulk,Sell,12-04-2024,12.92,44000,0.99%
Owais Metal & Mineral,SELVAMURTHY    AKILANDESWARI,NSE,Bulk,Purchase,04-03-2024,249.3,121600,0.67%
Thaai Casting,SELVAMURTHY  AKILANDESWARI,NSE,Bulk,Purchase,23-02-2024,180.41,116800,0.50%
Nirman Agri Genetics,SELVAMURTHY  AKILANDESWARI,NSE,Bulk,Sell,14-02-2024,304.88,60600,0.76%
Vedant Asset,SELVAMURTHY AKILANDESWARI,BSE,Bulk,Sell,02-01-2024,40.84,21000,0.76%
Trident Techlabs,SELVAMURTHY  AKILANDESWARI,NSE,Bulk,Purchase,29-12-2023,98.15,120000,0.69%
Vedant Asset,SELVAMURTHY AKILANDESWARI,BSE,Bulk,Sell,27-12-2023,40.13,15000,0.54%
Medplus Health,FRANKLIN TEMPLETON MUTUAL FUND,NSE,Block,Purchase,18-11-2024,700,1607867,1.34%
Shivalik Bimetal Controls,FRANKLIN TEMPLETON MUTUAL FUND,NSE,Bulk,Purchase,27-09-2024,610.6,1770912,3.07%
Shivalik Bimetal Controls,FRANKLIN TEMPLETON MUTUAL FUND,NSE,Block,Purchase,27-09-2024,610.6,1770912,3.07%
Rolex Rings,FRANKLIN TEMPLETON MUTUAL FUND,BSE,Bulk,Purchase,27-08-2024,2421.08,156096,0.57%
Eris Lifesciences,FRANKLIN TEMPLETON MUTUAL FUND,NSE,Bulk,Purchase,15-07-2024,1000.04,1094201,0.80%
Stanley Lifestyles,FRANKLIN TEMPLETON MUTUAL FUND,NSE,Bulk,Purchase,28-06-2024,475,1100000,1.93%
Aster DM Healthcare,FRANKLIN TEMPLETON MUTUAL FUND,BSE,Bulk,Purchase,21-06-2024,340,3157002,0.63%
Devyani Intl,FRANKLIN TEMPLETON MUTUAL FUND,NSE,Block,Purchase,21-02-2024,164.1,5000000,0.41%
Kalyan Jewellers,FRANKLIN TEMPLETON MUTUAL FUND,NSE,Block,Purchase,08-02-2024,344.2,3063102,0.30%
Indus Towers,BOFA SECURITIES EUROPE SA,NSE,Block,Purchase,05-12-2024,353.7,12350005,0.47%
Indus Towers,BOFA SECURITIES EUROPE SA -FPI,NSE,Block,Purchase,05-12-2024,353.7,283001,0.01%
Cipla,BOFA SECURITIES EUROPE SA,NSE,Block,Purchase,02-12-2024,1518.75,139082,0.02%
Cipla,BOFA SECURITIES EUROPE SA - ODI,NSE,Block,Purchase,02-12-2024,1518.75,133519,0.02%
Home First Finance,BOFA SECURITIES EUROPE SA ODI,BSE,Bulk,Purchase,02-12-2024,990,554784,0.62%
Tilaknagar Industries,BOFA SECURITIES EUROPE SA,BSE,Bulk,Sell,18-11-2024,338.65,1816625,0.94%
Tilaknagar Industries,BOFA SECURITIES EUROPE SA,BSE,Block,Sell,18-11-2024,338.65,1816625,0.94%
Tilaknagar Industries,BOFA SECURITIES EUROPE SA,BSE,Block,Sell,31-10-2024,287.8,400000,0.21%
Hindustan Oil,BOFA SECURITIES EUROPE SA,NSE,Bulk,Purchase,30-09-2024,230,714537,0.54%
Exxaro Tiles,BOFA SECURITIES EUROPE SA,NSE,Bulk,Purchase,24-09-2024,96.22,666366,0.15%
Positron Energy,BOFA SECURITIES EUROPE SA,NSE,Bulk,Purchase,18-09-2024,441.41,50400,0.66%
Kopran,BOFA SECURITIES EUROPE SA,NSE,Bulk,Purchase,13-09-2024,348.65,251971,0.52%
Thinkink Picturez,BOFA SECURITIES EUROPE SA,BSE,Bulk,Sell,06-09-2024,5.11,1464835,0.31%
Baazar Style Retail,BOFA SECURITIES EUROPE SA,NSE,Bulk,Purchase,06-09-2024,412.42,525433,0.70%
Baazar Style Retail,BOFA SECURITIES EUROPE SA,NSE,Bulk,Sell,06-09-2024,399.29,10637,0.01%
Au SF Bank,BOFA SECURITIES EUROPE SA,NSE,Block,Purchase,26-08-2024,630,80003,0.01%
Au SF Bank,BOFA SECURITIES EUROPE SA,NSE,Block,Purchase,26-08-2024,630,79000,0.01%
Interarch Building,BOFA SECURITIES EUROPE SA,NSE,Bulk,Purchase,26-08-2024,1287.75,130000,0.78%
Shriram Finance,BOFA SECURITIES EUROPE SA,NSE,Block,Purchase,19-08-2024,2981.5,296373,0.08%
Schaeffler,BOFA SECURITIES EUROPE SA,BSE,Block,Purchase,16-08-2024,3955.6,233007,0.15%
Linde,BOFA SECURITIES EUROPE SA,BSE,Block,Purchase,16-08-2024,7163.65,49806,0.06%
Shriram Finance,BOFA SECURITIES EUROPE SA,BSE,Block,Purchase,16-08-2024,2895.1,592746,0.16%
Reliance Industries,BOFA SECURITIES EUROPE SA,BSE,Block,Purchase,13-08-2024,2920.3,1335717,0.01%
Reliance Industries,BOFA SECURITIES EUROPE SA,BSE,Block,Sell,13-08-2024,2920.3,1335717,0.01%
Manglam Infra,BOFA SECURITIES EUROPE SA,NSE,Bulk,Purchase,02-08-2024,123.1,200000,1.14%
Manglam Infra,BOFA SECURITIES EUROPE SA,NSE,Bulk,Sell,02-08-2024,112.81,12000,0.07%
Jyoti CNC Automation,BOFA SECURITIES EUROPE SA,BSE,Block,Purchase,29-07-2024,1123,260957,0.11%
Kellton Tech,BOFA SECURITIES EUROPE SA,NSE,Bulk,Purchase,15-07-2024,175.91,637919,0.65%
Delhivery,BOFA SECURITIES EUROPE SA,BSE,Block,Purchase,10-07-2024,388.45,296091,0.04%
Mankind Pharma,BOFA SECURITIES EUROPE SA - ODI,NSE,Block,Purchase,10-07-2024,2082,72048,0.02%
Shivalic Power,BOFA SECURITIES EUROPE SA,NSE,Bulk,Purchase,01-07-2024,311,289200,1.20%
Shivalic Power,BOFA SECURITIES EUROPE SA,NSE,Bulk,Sell,01-07-2024,311,7200,0.03%
Grasim Industries,BOFA SECURITIES EUROPE SA,BSE,Block,Purchase,26-06-2024,2546.5,1478700,0.22%
Grasim Industries,BOFA SECURITIES EUROPE SA,BSE,Block,Sell,26-06-2024,2546.5,1478700,0.22%
Grasim Industries,BOFA SECURITIES EUROPE SA,BSE,Block,Purchase,25-06-2024,2517,1412397,0.21%
Grasim Industries,BOFA SECURITIES EUROPE SA,BSE,Block,Sell,25-06-2024,2517,1412397,0.21%
Dhani Services,BOFA SECURITIES EUROPE SA,BSE,Block,Sell,25-06-2024,52.08,10000000,1.63%
Manappuram Finance,BOFA SECURITIES EUROPE SA,BSE,Block,Sell,25-06-2024,194.5,3848759,0.45%
Ramkrishna Forgings,BOFA SECURITIES EUROPE SA,BSE,Block,Sell,25-06-2024,920.75,3117544,1.72%
Tilaknagar Industries,BOFA SECURITIES EUROPE SA,BSE,Block,Sell,25-06-2024,255.45,3530800,1.82%
Equinox Developments,BOFA SECURITIES EUROPE SA,NSE,Bulk,Purchase,20-06-2024,154.92,3437792,0.54%
Selan Exploration,BOFA SECURITIES EUROPE SA,NSE,Bulk,Purchase,13-06-2024,731.15,98327,0.65%
Rulka Electricals,BOFA SECURITIES EUROPE SA,NSE,Bulk,Purchase,12-06-2024,465.81,34800,0.82%
Rulka Electricals,BOFA SECURITIES EUROPE SA,NSE,Bulk,Purchase,11-06-2024,417.26,21600,0.51%
GAIL,BOFA SECURITIES EUROPE SA,BSE,Block,Purchase,06-06-2024,207,2280000,0.03%
GAIL,BOFA SECURITIES EUROPE SA,BSE,Block,Sell,06-06-2024,207,2280000,0.03%
Timken,BOFA SECURITIES EUROPE SA,BSE,Block,Purchase,28-05-2024,3913.35,156000,0.21%
Cipla,BOFA SECURITIES EUROPE SA - ODI,NSE,Block,Purchase,15-05-2024,1345,186000,0.02%
Emmforce Autotech,BOFA SECURITIES EUROPE SA,BSE,Bulk,Purchase,09-05-2024,261.85,124800,0.61%
Fortis Healthcare,BOFA SECURITIES EUROPE SA,BSE,Block,Purchase,29-04-2024,441.45,314825,0.04%
Vinsys IT Services,BOFA SECURITIES EUROPE SA,NSE,Bulk,Purchase,22-04-2024,363.84,82500,0.56%
Creative Graphics,BOFA SECURITIES EUROPE SA,NSE,Bulk,Sell,15-04-2024,184.55,259200,1.07%
Axis Bank,BOFA SECURITIES EUROPE SA,BSE,Block,Purchase,09-04-2024,1071,3006000,0.10%
Creative Graphics,BOFA SECURITIES EUROPE SA,NSE,Bulk,Purchase,09-04-2024,183.18,342400,1.41%
Thinkink Picturez,BOFA SECURITIES EUROPE SA,BSE,Bulk,Purchase,04-04-2024,41.76,300000,0.06%
Thinkink Picturez,BOFA SECURITIES EUROPE SA,BSE,Bulk,Purchase,03-04-2024,39.79,600000,0.13%
Grasim Industries,BOFA SECURITIES EUROPE SA,BSE,Block,Purchase,28-03-2024,2286,638000,0.10%
Grasim Industries,BOFA SECURITIES EUROPE SA,BSE,Block,Sell,28-03-2024,2286,638000,0.10%
One Point One Solutions,BOFA SECURITIES EUROPE SA,NSE,Bulk,Purchase,28-03-2024,50,3000000,1.17%
Axis Bank,BOFA SECURITIES EUROPE SA,BSE,Block,Purchase,26-03-2024,1038,4950000,0.16%
Axis Bank,BOFA SECURITIES EUROPE SA,BSE,Block,Sell,26-03-2024,1038,4950000,0.16%
Dr. Reddy's Labs,BOFA SECURITIES EUROPE SA,BSE,Block,Purchase,26-03-2024,6184.85,260000,0.03%
Dr. Reddy's Labs,BOFA SECURITIES EUROPE SA,BSE,Block,Sell,26-03-2024,6184.85,260000,0.03%
Larsen & Toubro,BOFA SECURITIES EUROPE SA,BSE,Block,Purchase,26-03-2024,3672,520000,0.04%
Larsen & Toubro,BOFA SECURITIES EUROPE SA,BSE,Block,Sell,26-03-2024,3672,520000,0.04%
Mahindra & Mahindra,BOFA SECURITIES EUROPE SA,BSE,Block,Purchase,26-03-2024,1880,1680000,0.14%
Mahindra & Mahindra,BOFA SECURITIES EUROPE SA,BSE,Block,Sell,26-03-2024,1880,1680000,0.14%
Reliance Industries,BOFA SECURITIES EUROPE SA,BSE,Block,Purchase,26-03-2024,2886.5,880000,0.01%
Reliance Industries,BOFA SECURITIES EUROPE SA,BSE,Block,Sell,26-03-2024,2886.5,880000,0.01%
State Bank,BOFA SECURITIES EUROPE SA,BSE,Block,Purchase,26-03-2024,740.55,5900000,0.07%
State Bank,BOFA SECURITIES EUROPE SA,BSE,Block,Sell,26-03-2024,740.55,5900000,0.07%
Infosys,BOFA SECURITIES EUROPE SA,BSE,Block,Purchase,22-03-2024,1512,4901000,0.12%
Infosys,BOFA SECURITIES EUROPE SA,BSE,Block,Purchase,22-03-2024,1512,599000,0.01%
Infosys,BOFA SECURITIES EUROPE SA,BSE,Block,Sell,22-03-2024,1512,4901000,0.12%
Infosys,BOFA SECURITIES EUROPE SA,BSE,Block,Sell,22-03-2024,1512,599000,0.01%
KP Green Engineering,BOFA SECURITIES EUROPE SA,BSE,Bulk,Purchase,22-03-2024,209.66,350000,0.70%
ITC,BOFA SECURITIES EUROPE SA,BSE,Block,Purchase,13-03-2024,400.25,20400000,0.16%
Thinkink Picturez,BOFA SECURITIES EUROPE SA,BSE,Bulk,Sell,12-03-2024,45.13,196156,0.04%
ICICI Bank,BOFA SECURITIES EUROPE SA,BSE,Block,Purchase,05-03-2024,1091,8000000,0.11%
ICICI Bank,BOFA SECURITIES EUROPE SA,BSE,Block,Sell,05-03-2024,1091,8000000,0.11%
Thinkink Picturez,BOFA SECURITIES EUROPE SA,BSE,Bulk,Purchase,29-02-2024,78.84,307654,0.06%
Eureka Forbes,BOFA SECURITIES EUROPE SA,BSE,Bulk,Purchase,22-02-2024,504.95,1150056,0.59%
Eureka Forbes,BOFA SECURITIES EUROPE SA,BSE,Block,Purchase,22-02-2024,504.95,1150056,0.59%
Alpex Solar,BOFA SECURITIES EUROPE SA,NSE,Bulk,Purchase,15-02-2024,337.47,220800,0.90%
Mankind Pharma,BOFA SECURITIES EUROPE SA,NSE,Block,Purchase,08-02-2024,2107.35,47645,0.01%
ICICI Securities,BOFA SECURITIES EUROPE SA,BSE,Block,Sell,25-01-2024,774,257910,0.08%
Jio Financial,BOFA SECURITIES EUROPE SA,BSE,Block,Sell,25-01-2024,239.5,1441606,0.02%
Dabur,BOFA SECURITIES EUROPE SA,BSE,Block,Sell,24-01-2024,534,924540,0.05%
HDFC Bank,BOFA SECURITIES EUROPE SA,BSE,Block,Sell,24-01-2024,1445,772317,0.01%
ICICI Bank,BOFA SECURITIES EUROPE SA,BSE,Block,Purchase,24-01-2024,999.5,1200000,0.02%
ICICI Bank,BOFA SECURITIES EUROPE SA,BSE,Block,Sell,24-01-2024,999.5,1200000,0.02%
Infosys,BOFA SECURITIES EUROPE SA,BSE,Block,Sell,24-01-2024,1657,722325,0.02%
Page Industries,BOFA SECURITIES EUROPE SA,BSE,Block,Sell,24-01-2024,36398,13340,0.12%
TVS Motor Company,BOFA SECURITIES EUROPE SA,BSE,Block,Sell,24-01-2024,2000.5,154280,0.03%
Jio Financial,BOFA SECURITIES EUROPE SA,BSE,Block,Sell,24-01-2024,238.75,721170,0.01%
PVR INOX,BOFA SECURITIES EUROPE SA,BSE,Block,Sell,23-01-2024,1492.5,94165,0.10%
Jio Financial,BOFA SECURITIES EUROPE SA,BSE,Block,Purchase,17-01-2024,244,2264818,0.04%
Jio Financial,BOFA SECURITIES EUROPE SA,BSE,Block,Sell,17-01-2024,244,2264818,0.04%
Droneacharya Aerial,BOFA SECURITIES EUROPE SA,BSE,Bulk,Purchase,27-12-2023,187.65,167000,0.70%
Suraj Estate,BOFA SECURITIES EUROPE SA,NSE,Bulk,Purchase,26-12-2023,343.51,409687,0.86%
Suraj Estate,BOFA SECURITIES EUROPE SA,NSE,Bulk,Sell,26-12-2023,341.92,80204,0.17%
Shoppers Stop,MORGAN STANLEY ASIA SINGAPORE PTE,NSE,Bulk,Purchase,18-12-2024,627.6,637351,0.58%
Shoppers Stop,MORGAN STANLEY ASIA SINGAPORE PTE,NSE,Block,Purchase,18-12-2024,627.6,637351,0.58%
Awfis Space Solutions,MORGAN STANLEY ASIA SINGAPORE PTE,NSE,Block,Purchase,11-12-2024,709.9,279276,0.39%
Indus Towers,MORGAN STANLEY ASIA SINGAPORE PTE -ODI,NSE,Bulk,Purchase,05-12-2024,353.7,21050010,0.80%
Indus Towers,MORGAN STANLEY ASIA SINGAPORE PTE -ODI,NSE,Block,Purchase,05-12-2024,353.7,21050010,0.80%
Cipla,MORGAN STANLEY ASIA SINGAPORE PTE,NSE,Block,Purchase,02-12-2024,1518.75,244784,0.03%
Niyogin Fintech,MORGAN STANLEY ASIA (SINGAPORE) PTE.,BSE,Bulk,Purchase,26-11-2024,55.65,671365,0.71%
PNB Housing Finance,MORGAN STANLEY ASIA SINGAPORE PTE,NSE,Bulk,Purchase,18-11-2024,878.61,410711,0.16%
PNB Housing Finance,MORGAN STANLEY ASIA SINGAPORE PTE,NSE,Bulk,Sell,18-11-2024,864.11,1538624,0.59%
Medplus Health,MORGAN STANLEY ASIA SINGAPORE PTE,NSE,Block,Purchase,18-11-2024,700,142858,0.12%
PNB Housing Finance,MORGAN STANLEY ASIA (SINGAPORE) PTE. - ODI,NSE,Bulk,Purchase,13-11-2024,939.3,11971482,4.61%
PNB Housing Finance,MORGAN STANLEY ASIA SINGAPORE PTE,NSE,Bulk,Purchase,13-11-2024,939.3,2250000,0.87%
Titagarh Rail Systems,MORGAN STANLEY ASIA SINGAPORE PTE,NSE,Bulk,Purchase,16-10-2024,1120,763738,0.57%
HDFC Bank,MORGAN STANLEY ASIA (SINGAPORE) PTE.,BSE,Block,Purchase,03-10-2024,1726.2,1750190,0.02%
Cyient DLM,MORGAN STANLEY ASIA SINGAPORE PTE - ODI,NSE,Bulk,Sell,30-09-2024,667,434017,0.55%
Sterling and Wilson,MORGAN STANLEY ASIA SINGAPORE PTE,NSE,Bulk,Purchase,27-09-2024,623,2025000,0.87%
Nuvama Wealth,MORGAN STANLEY ASIA SINGAPORE PTE,BSE,Bulk,Purchase,27-09-2024,6702.6,342129,0.95%
Nuvama Wealth,MORGAN STANLEY ASIA SINGAPORE PTE,BSE,Block,Purchase,27-09-2024,6702.6,342129,0.95%
Nuvama Wealth,MORGAN STANLEY ASIA SINGAPORE PTE,BSE,Block,Purchase,27-09-2024,6702.6,62439,0.17%
Entero Healthcare,MORGAN STANLEY ASIA SINGAPORE PTE,BSE,Block,Purchase,27-09-2024,1305,76966,0.18%
Five-Star Business Finance,MORGAN STANLEY ASIA SINGAPORE PTE,BSE,Block,Purchase,26-09-2024,800.5,760373,0.26%
Five-Star Business Finance,MORGAN STANLEY ASIA SINGAPORE PTE,BSE,Block,Purchase,26-09-2024,800.5,313105,0.11%
Honasa Consumer,MORGAN STANLEY ASIA SINGAPORE PTE,NSE,Bulk,Purchase,12-09-2024,495,2417676,0.74%
Indigo Paints,MORGAN STANLEY ASIA (SINGAPORE) PTE. - ODI,NSE,Bulk,Purchase,06-09-2024,1491.88,308255,0.65%
RBL Bank,MORGAN STANLEY ASIA (SINGAPORE) PTE. - ODI,NSE,Block,Sell,03-09-2024,227.79,928070,0.15%
KPI Green Energy,MORGAN STANLEY ASIA (SINGAPORE) PTE. - ODI,NSE,Block,Sell,03-09-2024,886.6,157157,0.12%
Medi Assist Healthcare,MORGAN STANLEY ASIA SINGAPORE PTE,NSE,Block,Purchase,03-09-2024,611.7,163484,0.23%
Sula Vineyards,MORGAN STANLEY ASIA (SINGAPORE) PTE. - ODI,NSE,Block,Sell,03-09-2024,487.9,228235,0.27%
Cyient DLM,MORGAN STANLEY ASIA (SINGAPORE) PTE. - ODI,NSE,Block,Sell,03-09-2024,732.35,259753,0.33%
TCNS Clothing Co.,MORGAN STANLEY ASIA SINGAPORE PTE,NSE,Bulk,Sell,02-09-2024,574.64,337980,0.53%
InterGlobe Aviation,MORGAN STANLEY ASIA (SINGAPORE) PTE.,BSE,Bulk,Purchase,29-08-2024,4714.9,2854000,0.74%
TCNS Clothing Co.,MORGAN STANLEY ASIA SINGAPORE PTE,NSE,Bulk,Sell,28-08-2024,578.75,459828,0.73%
TCNS Clothing Co.,MORGAN STANLEY ASIA SINGAPORE PTE,NSE,Bulk,Sell,28-08-2024,576.18,353127,0.56%
Au SF Bank,MORGAN STANLEY ASIA SINGAPORE PTE,NSE,Block,Purchase,26-08-2024,630,1060001,0.14%
Ambuja Cements,MORGAN STANLEY ASIA SINGAPORE PTE,NSE,Block,Purchase,23-08-2024,625.5,3880000,0.16%
Delhivery,HSBC GLOBAL INVESTMENT FUNDS INDIAN EQUITY,BSE,Block,Purchase,10-07-2024,388.45,256456,0.03%
CarTrade Tech,HSBC GLOBAL INVESTMENT FUNDS ASIA EX JAPAN EQUITY SMALLER COMPANIES,BSE,Bulk,Purchase,24-06-2024,828,434510,0.92%
PB Fintech,HSBC GLOBAL INVESTMENT FUNDS - ASIA EX JAPAN EQUIT,NSE,Block,Purchase,17-05-2024,1325.15,46353,0.01%
PB Fintech,HSBC GLOBAL INVESTMENT FUNDS - MANAGED SOLUTIONS -,NSE,Block,Purchase,17-05-2024,1325.15,1838,0.00%
Delhivery,HSBC INDIA INFRASTRUCTURE EQUITY MOTHER FUND  (HSBC GLOBAL) (HK1018480),NSE,Block,Purchase,24-04-2024,444.3,378762,0.05%
Delhivery,HSBC GLOBAL INVESTMENT FUNDS INDIAN EQUITY,NSE,Block,Purchase,24-04-2024,444.3,174693,0.02%
Delhivery,HSBC INDIAN EQUITY FUND (HSBC GLOBAL ) (SG1020932/CANADA),NSE,Block,Purchase,24-04-2024,444.3,2623,0.00%
ITC,HSBC GLOBAL FUNDS ICAV - MULTIFACTOR WORLDWIDE EQUITY FUND,BSE,Block,Purchase,13-03-2024,400.25,71159,0.00%
ITC,HSBC GLOBAL INVESTMENT FUNDS - GLOBAL EQUITY VOLATILITY FOCUSED,BSE,Block,Purchase,13-03-2024,400.25,4325,0.00%
ITC,HSBC GLOBAL INVESTMENT FUNDS-GLOBAL EMERGING MARKETS MULTI-ASSET INCOME,BSE,Block,Purchase,13-03-2024,400.25,598,0.00%
Mankind Pharma,HSBC GLOBAL INVESTMENT FUNDS - ASIA EX JAPAN EQUITY,NSE,Block,Purchase,08-02-2024,2107.35,8283,0.00%
Mankind Pharma,HSBC GLOBAL INVESTMENT FUNDS - MANAGED SOLUTIONS ASIA FOCUSED GROWTH,NSE,Block,Purchase,08-02-2024,2107.35,338,0.00%
SJS Enterprises,HSBC GLOBAL INVESTMENT FUNDS - ASIA EX JAPAN EQUITY SMALLER COMPANIES,NSE,Bulk,Purchase,22-08-2023,600,502000,1.60%
Shriram Finance,HSBC GLOBAL INVESTMENT FUNDS  GLOBAL EMERGING MARKETS EQUITY,NSE,Block,Purchase,21-06-2023,1545,65186,0.02%
Sapphire Foods,HSBC GLOBAL INVESTMENT FUNDS-.ASIA EX JAPAN EQUITY SMALLER COMPANIES,BSE,Block,Purchase,15-12-2022,1347,74240,0.02%
FSN E-Commerce,HSBC GLOBAL INVESTMENT FUNDS   ASIA EX JAPAN EQUITY SMALLER COMPANIES,NSE,Block,Purchase,18-11-2022,184.55,1353756,0.05%
FSN E-Commerce,HSBC GLOBAL INVESTMENT FUNDS INDIAN EQUITY,NSE,Block,Purchase,18-11-2022,184.55,1269203,0.04%
FSN E-Commerce,HSBC GLOBAL INVESTMENT FUNDS   ASIA EX JAPAN EQUITY,NSE,Block,Purchase,18-11-2022,184.55,367110,0.01%
Sammaan Capital,HSBC GLOBAL INVESTMENT FUNDS - ASIA EX JAPAN EQUITY,NSE,Block,Purchase,16-12-2021,262.35,459655,0.06%
Sammaan Capital,HSBC GLOBAL INVESTMENT FUNDS - MANAGED SOLUTIONS ASIA FOCUSED GROWTH,NSE,Block,Purchase,16-12-2021,262.35,30689,0.00%
Stove Kraft,HSBC GLOBAL INVESTMENT FUNDS - ASIA EX JAPAN EQUITY SMALLER COMPANIES,NSE,Bulk,Purchase,07-09-2021,929.85,537112,1.63%
Axis Bank,HSBC GLOBAL INVESTMENT FUNDS INDIAN EQUITY,NSE,Block,Sell,27-07-2021,756.3,204028,0.01%
Bharti Airtel,HSBC GLOBAL INVESTMENT FUNDS INDIAN EQUITY,NSE,Block,Sell,27-07-2021,544.05,360069,0.01%
DLF,HSBC GLOBAL INVESTMENT FUNDS INDIAN EQUITY,NSE,Block,Sell,27-07-2021,333.95,377735,0.02%
Grasim Industries,HSBC GLOBAL INVESTMENT FUNDS INDIAN EQUITY,NSE,Block,Sell,27-07-2021,1550.25,110636,0.02%
HCL Technologies,HSBC GLOBAL INVESTMENT FUNDS INDIAN EQUITY,NSE,Block,Sell,27-07-2021,1000.3,304454,0.01%
Housing Development,HSBC GLOBAL INVESTMENT FUNDS INDIAN EQUITY,NSE,Block,Sell,27-07-2021,2464.3,165944,0.01%
Petronet LNG,HSBC GLOBAL INVESTMENT FUNDS INDIAN EQUITY,NSE,Block,Sell,27-07-2021,218.85,558259,0.04%
Reliance Industries,HSBC GLOBAL INVESTMENT FUNDS INDIAN EQUITY,NSE,Block,Sell,27-07-2021,2076.85,80756,0.00%
Sun Pharmaceutical,HSBC GLOBAL INVESTMENT FUNDS INDIAN EQUITY,NSE,Block,Sell,27-07-2021,703.4,220529,0.01%
UltraTech Cement,HSBC GLOBAL INVESTMENT FUNDS INDIAN EQUITY,NSE,Block,Sell,27-07-2021,7616.7,17221,0.01%
Apollo Hospitals,HSBC GLOBAL INVESTMENT FUNDS INDIAN EQUITY,NSE,Block,Sell,23-07-2021,3985.3,25601,0.02%
Axis Bank,HSBC GLOBAL INVESTMENT FUNDS INDIAN EQUITY,NSE,Block,Sell,23-07-2021,746.75,205556,0.01%
Bharti Airtel,HSBC GLOBAL INVESTMENT FUNDS INDIAN EQUITY,NSE,Block,Sell,23-07-2021,546.7,366245,0.01%
DLF,HSBC GLOBAL INVESTMENT FUNDS INDIAN EQUITY,NSE,Block,Sell,23-07-2021,330.5,375226,0.02%
Grasim Industries,HSBC GLOBAL INVESTMENT FUNDS INDIAN EQUITY,NSE,Block,Sell,23-07-2021,1582.05,106019,0.02%
HCL Technologies,HSBC GLOBAL INVESTMENT FUNDS INDIAN EQUITY,NSE,Block,Sell,23-07-2021,978.6,307307,0.01%
Petronet LNG,HSBC GLOBAL INVESTMENT FUNDS INDIAN EQUITY,NSE,Block,Sell,23-07-2021,220,546914,0.04%
Reliance Industries,HSBC GLOBAL INVESTMENT FUNDS INDIAN EQUITY,NSE,Block,Sell,23-07-2021,2120.7,89355,0.00%
Sun Pharmaceutical,HSBC GLOBAL INVESTMENT FUNDS INDIAN EQUITY,NSE,Block,Sell,23-07-2021,687.3,223401,0.01%
UltraTech Cement,HSBC GLOBAL INVESTMENT FUNDS INDIAN EQUITY,NSE,Block,Sell,23-07-2021,7459,18130,0.01%
Zee Entertainment,HSBC GLOBAL INVESTMENT FUNDS INDIAN EQUITY,NSE,Block,Sell,23-07-2021,204.85,493342,0.05%
Apollo Hospitals,HSBC GLOBAL A/C HSBC GLOBAL INVESTMENT FUNDS,NSE,Block,Purchase,20-07-2021,3883.75,27308,0.02%
Apollo Hospitals,HSBC GLOBAL A/C HSBC GLOBAL INVESTMENT FUNDS,NSE,Block,Sell,20-07-2021,3883.75,27308,0.02%
Axis Bank,HSBC GLOBAL A/C HSBC GLOBAL INVESTMENT FUNDS,NSE,Block,Purchase,20-07-2021,755.2,256489,0.01%
Axis Bank,HSBC GLOBAL A/C HSBC GLOBAL INVESTMENT FUNDS,NSE,Block,Sell,20-07-2021,755.2,256489,0.01%
Bharti Airtel,HSBC GLOBAL A/C HSBC GLOBAL INVESTMENT FUNDS,NSE,Block,Purchase,20-07-2021,538.45,361879,0.01%
Bharti Airtel,HSBC GLOBAL A/C HSBC GLOBAL INVESTMENT FUNDS,NSE,Block,Sell,20-07-2021,538.45,361879,0.01%
Grasim Industries,HSBC GLOBAL A/C HSBC GLOBAL INVESTMENT FUNDS,NSE,Block,Purchase,20-07-2021,1558.8,108863,0.02%
Grasim Industries,HSBC GLOBAL A/C HSBC GLOBAL INVESTMENT FUNDS,NSE,Block,Sell,20-07-2021,1558.8,108863,0.02%
HCL Technologies,HSBC GLOBAL A/C HSBC GLOBAL INVESTMENT FUNDS,NSE,Block,Purchase,20-07-2021,1000.2,303015,0.01%
HCL Technologies,HSBC GLOBAL A/C HSBC GLOBAL INVESTMENT FUNDS,NSE,Block,Sell,20-07-2021,1000.2,303015,0.01%
Housing Development,HSBC GLOBAL A/C HSBC GLOBAL INVESTMENT FUNDS,NSE,Block,Purchase,20-07-2021,2481.65,172808,0.01%
Housing Development,HSBC GLOBAL A/C HSBC GLOBAL INVESTMENT FUNDS,NSE,Block,Sell,20-07-2021,2481.65,172808,0.01%
HDFC Bank,HSBC GLOBAL A/C HSBC GLOBAL INVESTMENT FUNDS,NSE,Block,Purchase,20-07-2021,1471,80745,0.00%
HDFC Bank,HSBC GLOBAL A/C HSBC GLOBAL INVESTMENT FUNDS,NSE,Block,Sell,20-07-2021,1471,80745,0.00%
PI Industries,HSBC GLOBAL A/C HSBC GLOBAL INVESTMENT FUNDS,NSE,Block,Purchase,20-07-2021,3161.95,46727,0.03%
PI Industries,HSBC GLOBAL A/C HSBC GLOBAL INVESTMENT FUNDS,NSE,Block,Sell,20-07-2021,3161.95,46727,0.03%
Reliance Industries,HSBC GLOBAL A/C HSBC GLOBAL INVESTMENT FUNDS,NSE,Block,Purchase,20-07-2021,2098.95,86189,0.00%
Reliance Industries,HSBC GLOBAL A/C HSBC GLOBAL INVESTMENT FUNDS,NSE,Block,Sell,20-07-2021,2098.95,86189,0.00%
Sun Pharmaceutical,HSBC GLOBAL A/C HSBC GLOBAL INVESTMENT FUNDS,NSE,Block,Purchase,20-07-2021,689.25,225534,0.01%
Sun Pharmaceutical,HSBC GLOBAL A/C HSBC GLOBAL INVESTMENT FUNDS,NSE,Block,Sell,20-07-2021,689.25,225534,0.01%
Max Healthcare,HSBC GLOBAL INVESTMENT FUNDS-.ASIA EX JAPAN EQUITY SMALLER COMPANIES,BSE,Block,Purchase,11-09-2020,110.7,1600000,0.16%
Kotak Mahindra Bank,HSBC GLOBAL INVESTMENT FUNDS,BSE,Block,Purchase,02-06-2020,1240,853971,0.04%
Sadbhav Infra,HSBC GLOBAL INVESTMENT FUNDS INDIAN EQUITY,NSE,Bulk,Sell,10-12-2019,34,3251426,0.92%
Zee Entertainment,HSBC GLOBAL INVESTMENT FUNDS INDIAN EQUITY,NSE,Block,Purchase,21-11-2019,304,3431985,0.36%
Zee Entertainment,HSBC GLOBAL INVESTMENT FUNDS - ASIA EX JAPAN EQUITY,NSE,Block,Purchase,21-11-2019,304,1665589,0.17%
Zee Entertainment,HSBC GLOBAL INVESTMENT FUNDS - ASIA EX JAPAN EQUITY SMALLER COMPANIES,NSE,Block,Purchase,21-11-2019,304,1491158,0.16%
Zee Entertainment,HSBC GLOBAL INVESTMENT FUNDS - MANAGED SOLUTIONS - ASIA FOCUSED GROWTH,NSE,Block,Purchase,21-11-2019,304,96210,0.01%
Mahanagar Gas,HSBC GLOBAL A/C HSBC GLOBAL INVESTMENT FUNDS BRIC FREESTYLE,NSE,Block,Purchase,20-08-2019,780,685000,0.69%
Geojit Fin Serv,HSBC GLOBAL INVESTMENT FUNDS-ASIA EX JAPAN EQUITY SMALLER COMPANIES,NSE,Bulk,Sell,30-01-2019,35.59,2475971,0.89%
Au SF Bank,HSBC GLOBAL INVESTMENT FU NDS MAURITIUS LTD,BSE,Block,Purchase,10-08-2018,638,1075000,0.14%
South n Bank,HSBC GLOBAL INVESTMENT FUNDS ASIA EX JAPAN EQUITY SMALLER COMPANIES,NSE,Bulk,Sell,11-10-2017,30.49,11982424,0.46%
Poonawalla Fincorp,HSBC GLOBAL INVESTMENT FUNDASIA EX JAPAN EQUITY SMALLER COMPANIES,BSE,Bulk,Purchase,20-09-2017,180.17,2228649,0.29%
Navin Fluorine,HSBC GLOBAL INVESTMENT FUNDS ASIA EX JAPAN EQUITY SMALLER COMPANI,BSE,Bulk,Purchase,27-06-2017,2875,156646,0.32%
Allcargo Logistics,HSBC GLOBAL INVESTMENT FUNDS ASIA EX JAPAN EQUITY SMALLER COMPANI,BSE,Bulk,Purchase,26-04-2017,180,2232929,0.23%
Allcargo Logistics,HSBC GLOBAL INVESTMENT FUNDS INDIAN EQUITY,BSE,Bulk,Purchase,26-04-2017,180,1568789,0.16%
AJR Infra & Tolling,HSBC GLOBAL INVESTMENT FU NDS MAURITIUS LTD,BSE,Bulk,Purchase,28-03-2017,3.94,7844818,0.83%
Tata Steel Long Products,HSBC GLOBAL INVESTMENT FUNDS A/C HSBC GLOBAL INVE,NSE,Bulk,Purchase,28-02-2017,646.54,145743,0.32%
KNR Constructions,HSBC GLOBAL INVESTMENT FUNDSASIA EX JAPAN EQUITY SMALLERCOMPANIES,BSE,Bulk,Purchase,16-01-2017,170.5,3641732,1.29%
Jaiprakash Power,HSBC GLOBAL INVESTMENT FU NDS MAURITIUS LTD,BSE,Bulk,Purchase,22-12-2016,3.87,16564268,0.24%
Quick Heal Tech,HSBC GLOBAL INVESTMENT FU NDS MAURITIUS LTD,BSE,Bulk,Purchase,22-12-2016,260.45,419517,0.78%
KEI Industries,HSBC GLOBAL INVESTMENT FUNDSASIA EX JAPAN EQUITY SMALLERCOMPANIES,BSE,Bulk,Purchase,16-12-2016,120.35,3451330,3.61%
PTC,HSBC GLOBAL INVESTMENT FUNDSASIA EX JAPAN EQUITY SMALLERCOMPANIES,BSE,Bulk,Purchase,16-12-2016,75.3,5771106,1.95%
UNO Minda,HSBC GLOBAL INVST FUNDS MAURITIUS LTD ASIA EX JAPAN EQ SMALLER CO,BSE,Bulk,Purchase,15-12-2016,315.01,2120113,0.37%
Orient Paper,HSBC GLOBAL INVST FUNDS MAURITIUS LTD ASIA EX JAPAN EQ SMALLER CO,BSE,Bulk,Purchase,15-12-2016,68.3,3296351,1.55%
Ahluwalia Contracts,HSBC GLOBAL INVESTMENT FU NDS MAURITIUS LTD,NSE,Bulk,Purchase,14-12-2016,255,975044,1.46%
Dhampur Sugar Mills,HSBC GLOBAL INVESTMENT FUNDS-ASIA EX JAPAN EQUITY SMALLER CO,NSE,Bulk,Purchase,13-12-2016,115.4,1444791,2.21%
Escorts Kubota,HSBC GLOBAL INVESTMENT FUNDS-ASIA EX JAPAN EQUITY SMALLER CO,NSE,Bulk,Purchase,13-12-2016,321.6,1345855,1.20%
Himatsingka Seide,HSBC GLOBAL INVT FUNDS - ASIA EX JAPAN EQUITY SMALLER CO,NSE,Bulk,Purchase,12-12-2016,297.8,1485464,1.18%
Adani Ports,HSBC GLOBAL INVESTMENT FUNDS INDIAN EQUITY,BSE,Block,Purchase,24-10-2016,287,854922,0.04%
Adani Ports,HSBC GLOBAL INVESTMENT FU NDS MAURITIUS LTD,BSE,Block,Sell,24-10-2016,287,854922,0.04%
CG Power & Industrial,HSBC GLOBAL INVESTMENT FUNDS INDIAN EQUITY,BSE,Block,Purchase,24-10-2016,76.5,2219688,0.15%
CG Power & Industrial,HSBC GLOBAL INVESTMENT FU NDS MAURITIUS LTD,BSE,Block,Sell,24-10-2016,76.5,2219688,0.15%
AJR Infra & Tolling,HSBC GLOBAL INVESTMENT FUNDS INDIAN EQUITY,BSE,Bulk,Purchase,24-10-2016,5.05,15507549,1.65%
AJR Infra & Tolling,HSBC GLOBAL INVESTMENT FU NDS MAURITIUS LTD,BSE,Bulk,Sell,24-10-2016,5.05,15507549,1.65%
AJR Infra & Tolling,HSBC GLOBAL INVESTMENT FUNDS INDIAN EQUITY,BSE,Block,Purchase,24-10-2016,5.05,15507549,1.65%
AJR Infra & Tolling,HSBC GLOBAL INVESTMENT FU NDS MAURITIUS LTD,BSE,Block,Sell,24-10-2016,5.05,15507549,1.65%
ICICI Bank,HSBC GLOBAL INVESTMENT FUNDS INDIAN EQUITY,BSE,Block,Purchase,24-10-2016,282,1661712,0.02%
ICICI Bank,HSBC GLOBAL INVESTMENT FU NDS MAURITIUS LTD,BSE,Block,Sell,24-10-2016,282,1661712,0.02%
IRB Infrastructure,HSBC GLOBAL INVESTMENT FUNDS INDIAN EQUITY,BSE,Block,Purchase,24-10-2016,248,794451,0.01%
IRB Infrastructure,HSBC GLOBAL INVESTMENT FU NDS MAURITIUS LTD,BSE,Block,Sell,24-10-2016,248,794451,0.01%
Jindal Steel & Power,HSBC GLOBAL INVESTMENT FUNDS INDIAN EQUITY,BSE,Block,Purchase,24-10-2016,76.5,4360894,0.43%
Jindal Steel & Power,HSBC GLOBAL INVESTMENT FU NDS MAURITIUS LTD,BSE,Block,Sell,24-10-2016,76.5,4360894,0.43%
Jaiprakash Power,HSBC GLOBAL INVESTMENT FUNDS INDIAN EQUITY,BSE,Block,Purchase,24-10-2016,4.5,5360136,0.08%
Jaiprakash Power,HSBC GLOBAL INVESTMENT FU NDS MAURITIUS LTD,BSE,Block,Sell,24-10-2016,4.5,5360136,0.08%
Oil And Natural Gas,HSBC GLOBAL INVESTMENT FUNDS INDIAN EQUITY,BSE,Block,Purchase,24-10-2016,280,692360,0.01%
Oil And Natural Gas,HSBC GLOBAL INVESTMENT FU NDS MAURITIUS LTD,BSE,Block,Sell,24-10-2016,280,692360,0.01%
State Bank,HSBC GLOBAL INVESTMENT FUNDS INDIAN EQUITY,BSE,Block,Purchase,24-10-2016,258,773537,0.01%
State Bank,HSBC GLOBAL INVESTMENT FU NDS MAURITIUS LTD,BSE,Block,Sell,24-10-2016,258,773537,0.01%
Tata Motors DVR,HSBC GLOBAL INVESTMENT FUNDS INDIAN EQUITY,BSE,Block,Purchase,24-10-2016,357,974444,-%
Tata Motors DVR,HSBC GLOBAL INVESTMENT FU NDS MAURITIUS LTD,BSE,Block,Sell,24-10-2016,357,974444,-%
Tech Mahindra,HSBC GLOBAL INVESTMENT FUNDS INDIAN EQUITY,BSE,Block,Purchase,24-10-2016,434,250535,0.03%
Tech Mahindra,HSBC GLOBAL INVESTMENT FU NDS MAURITIUS LTD,BSE,Block,Sell,24-10-2016,434,250535,0.03%
Wipro,HSBC GLOBAL INVESTMENT FUNDS INDIAN EQUITY,BSE,Block,Purchase,24-10-2016,480,366474,0.00%
Wipro,HSBC GLOBAL INVESTMENT FU NDS MAURITIUS LTD,BSE,Block,Sell,24-10-2016,480,366474,0.00%
Manpasand Beverages,HSBC GLOBAL INVESTMENT FUNDS INDIAN EQUITY,BSE,Bulk,Purchase,24-10-2016,721,365893,0.32%
Manpasand Beverages,HSBC GLOBAL INVESTMENT FU NDS MAURITIUS LTD,BSE,Bulk,Sell,24-10-2016,721,365893,0.32%
Manpasand Beverages,HSBC GLOBAL INVESTMENT FUNDS INDIAN EQUITY,BSE,Block,Purchase,24-10-2016,721,365893,0.32%
Manpasand Beverages,HSBC GLOBAL INVESTMENT FU NDS MAURITIUS LTD,BSE,Block,Sell,24-10-2016,721,365893,0.32%
Cox & Kings,HSBC GLOBAL INVESTMENT FUNDS INDIAN EQUITY,BSE,Bulk,Purchase,17-10-2016,219,1602846,0.91%
Cox & Kings,HSBC GLOBAL INVESTMENT FU NDS MAURITIUS LTD,BSE,Bulk,Sell,17-10-2016,219,1602846,0.91%
Cox & Kings,HSBC GLOBAL INVESTMENT FUNDS INDIAN EQUITY,BSE,Block,Purchase,17-10-2016,219,1602846,0.91%
Cox & Kings,HSBC GLOBAL INVESTMENT FU NDS MAURITIUS LTD,BSE,Block,Sell,17-10-2016,219,1602846,0.91%
GVK Power & Infra,HSBC GLOBAL INVESTMENT FUNDS INDIAN EQUITY,BSE,Bulk,Purchase,17-10-2016,6.3,57135461,3.62%
GVK Power & Infra,HSBC GLOBAL INVESTMENT FU NDS MAURITIUS LTD,BSE,Bulk,Sell,17-10-2016,6.3,57135461,3.62%
GVK Power & Infra,HSBC GLOBAL INVESTMENT FUNDS INDIAN EQUITY,BSE,Block,Purchase,17-10-2016,6.3,57135461,3.62%
GVK Power & Infra,HSBC GLOBAL INVESTMENT FU NDS MAURITIUS LTD,BSE,Block,Sell,17-10-2016,6.3,57135461,3.62%
HCL Technologies,HSBC GLOBAL INVESTMENT FUNDS INDIAN EQUITY,BSE,Block,Purchase,17-10-2016,813,493234,0.02%
HCL Technologies,HSBC GLOBAL INVESTMENT FU NDS MAURITIUS LTD,BSE,Block,Sell,17-10-2016,813,493234,0.02%
Sammaan Capital,HSBC GLOBAL INVESTMENT FUNDS INDIAN EQUITY,BSE,Block,Purchase,17-10-2016,840,456287,0.06%
Sammaan Capital,HSBC GLOBAL INVESTMENT FUNDS GLOBAL EMERGING MARKETS EQUITY,BSE,Block,Purchase,17-10-2016,838,126017,0.02%
Sammaan Capital,HSBC GLOBAL INVESTMENT FU NDS MAURITIUS LTD,BSE,Block,Sell,17-10-2016,840,456287,0.06%
IDFC,HSBC GLOBAL INVESTMENT FUNDS INDIAN EQUITY,BSE,Block,Purchase,17-10-2016,67.35,6672717,0.42%
IDFC,HSBC GLOBAL INVESTMENT FU NDS MAURITIUS LTD,BSE,Block,Sell,17-10-2016,67.35,6672717,0.42%
ITC,HSBC GLOBAL INVESTMENT FUNDS INDIAN EQUITY,BSE,Block,Purchase,17-10-2016,240,1511274,0.01%
ITC,HSBC GLOBAL INVESTMENT FU NDS MAURITIUS LTD,BSE,Block,Sell,17-10-2016,240,1511274,0.01%
Larsen & Toubro,HSBC GLOBAL INVESTMENT FUNDS INDIAN EQUITY,BSE,Block,Purchase,17-10-2016,1472,257235,0.02%
Larsen & Toubro,HSBC GLOBAL INVESTMENT FU NDS MAURITIUS LTD,BSE,Block,Sell,17-10-2016,1472,257235,0.02%
Aditya Birla Fashion,HSBC GLOBAL INVESTMENT FUNDS INDIAN EQUITY,BSE,Block,Purchase,17-10-2016,140,2590573,0.24%
Aditya Birla Fashion,HSBC GLOBAL INVESTMENT FU NDS MAURITIUS LTD,BSE,Block,Sell,17-10-2016,140,2590573,0.24%
Aditya Birla Nuvo,HSBC GLOBAL INVESTMENT FUNDS INDIAN EQUITY,BSE,Block,Purchase,03-10-2016,1370,287925,-%
Aditya Birla Nuvo,HSBC GLOBAL INVESTMENT FU NDS MAURITIUS LTD,BSE,Block,Sell,03-10-2016,1370,287925,-%
Axis Bank,HSBC GLOBAL INVESTMENT FUNDS INDIAN EQUITY,BSE,Block,Purchase,03-10-2016,543,329227,0.01%
Axis Bank,HSBC GLOBAL INVESTMENT FU NDS MAURITIUS LTD,BSE,Block,Sell,03-10-2016,543,329227,0.01%
Awfis Space Solutions,GOLDMAN SACHS FUNDS - GOLDMAN SACHS INDIA EQUITY PORTFOLIO,NSE,Bulk,Purchase,11-12-2024,709.9,856599,1.21%
Awfis Space Solutions,GOLDMAN SACHS FUNDS - GOLDMAN SACHS INDIA EQUITY PORTFOLIO,NSE,Block,Purchase,11-12-2024,709.9,856599,1.21%
Home First Finance,GOLDMAN SACHS FUNDS - GOLDMAN SACHS INDIA EQUITY PORTFOLIO,BSE,Bulk,Purchase,02-12-2024,989.98,859710,0.96%
Vishal Fabrics,NOMURA SINGAPORE LIMITED,BSE,Bulk,Sell,27-11-2024,28.46,2115000,1.07%
TCNS Clothing Co.,NOMURA SINGAPORE LIMITED,NSE,Bulk,Sell,28-08-2024,578.13,320494,0.51%
Seamec,NOMURA SINGAPORE LIMITED,NSE,Bulk,Sell,26-08-2024,1525,190000,0.75%
Seamec,NOMURA SINGAPORE LIMITED,NSE,Block,Sell,26-08-2024,1525,190000,0.75%
Seamec,NOMURA SINGAPORE LIMITED,NSE,Bulk,Sell,23-08-2024,1500,279000,1.10%
Seamec,NOMURA SINGAPORE LIMITED,NSE,Block,Sell,23-08-2024,1500,279000,1.10%
PNB Housing Finance,NOMURA SINGAPORE LIMITED,BSE,Block,Purchase,21-08-2024,802.5,124650,0.05%
Omaxe,NOMURA SINGAPORE LIMITED,NSE,Bulk,Sell,28-06-2024,109.5,2606465,1.43%
Omaxe,NOMURA SINGAPORE LIMITED,NSE,Bulk,Sell,27-06-2024,106.75,2700000,1.48%
Deep Energy Resources,NOMURA SINGAPORE LIMITED,NSE,Bulk,Sell,26-06-2024,170.75,206553,0.65%
GSS Infotech,NOMURA SINGAPORE LIMITED,NSE,Bulk,Sell,26-06-2024,92.75,160000,0.61%
Rossell,NOMURA SINGAPORE LIMITED,NSE,Bulk,Sell,26-06-2024,553.5,555803,1.47%
Paisalo Digital,NOMURA SINGAPORE LIMITED,NSE,Bulk,Sell,26-06-2024,75.47,14800000,1.65%
Tree House Education,NOMURA SINGAPORE LIMITED,NSE,Bulk,Sell,26-06-2024,26.26,340000,0.80%
UFO Moviez,NOMURA SINGAPORE LIMITED,NSE,Bulk,Sell,26-06-2024,137.8,257261,0.66%
Salasar Techno,NOMURA SINGAPORE LIMITED,NSE,Bulk,Sell,26-06-2024,19.27,13880000,0.80%
Krystal Integrated,NOMURA SINGAPORE LIMITED,NSE,Bulk,Sell,21-03-2024,736.74,500000,3.58%
GPT Healthcare,NOMURA SINGAPORE LIMITED,NSE,Bulk,Sell,29-02-2024,202.46,453693,0.55%
Mankind Pharma,NOMURA SINGAPORE LIMITED,NSE,Block,Purchase,08-02-2024,2107.35,50043,0.01%
Salasar Techno,NOMURA SINGAPORE LIMITED,NSE,Bulk,Sell,01-02-2024,28.2,3470000,0.20%
Computer Age Mgmt,NOMURA SINGAPORE LIMITED,BSE,Block,Purchase,04-12-2023,2766,36500,0.07%
PB Fintech,NOMURA SINGAPORE LIMITED,NSE,Block,Purchase,06-10-2023,762.8,163860,0.04%
Restaurant Brands Asia,NOMURA SINGAPORE LIMITED,NSE,Block,Purchase,15-09-2023,119.1,1050150,0.21%
Zomato,NOMURA SINGAPORE LIMITED,NSE,Block,Purchase,30-08-2023,94.7,1310000,0.01%
HMA Agro Industries,NOMURA SINGAPORE LIMITED,NSE,Bulk,Sell,04-07-2023,626.9,466032,0.09%
TD Power Systems,NOMURA SINGAPORE LIMITED,NSE,Block,Purchase,30-06-2023,221,460000,0.29%
Rama Steel Tubes,NOMURA SINGAPORE LIMITED,NSE,Bulk,Sell,10-01-2023,42.8,500000,0.03%
Inox Green Energy,NOMURA SINGAPORE LIMITED,NSE,Bulk,Sell,23-11-2022,60.35,1460728,0.40%
Rama Steel Tubes,NOMURA SINGAPORE LIMITED,NSE,Bulk,Purchase,11-11-2022,164.15,500000,0.03%
CSB Bank,NOMURA SINGAPORE LIMITED,NSE,Bulk,Sell,25-10-2022,232.3,2639673,1.52%
Zee Entertainment,NOMURA SINGAPORE LIMITED,NSE,Block,Purchase,18-10-2022,263.7,405997,0.04%
BLS International ,NOMURA SINGAPORE LIMITED,NSE,Bulk,Purchase,29-08-2022,230,1100000,0.27%
Easy Trip Planners,NOMURA SINGAPORE LIMITED,NSE,Bulk,Purchase,02-08-2022,399,1150000,0.03%
BLS International ,NOMURA SINGAPORE LIMITED,NSE,Bulk,Purchase,11-07-2022,214,1250000,0.30%
Rama Steel Tubes,NOMURA SINGAPORE LIMITED,NSE,Bulk,Purchase,15-06-2022,371,100000,0.01%
KBC Global,NOMURA SINGAPORE LIMITED,NSE,Bulk,Sell,15-06-2022,4.4,19620000,2.01%
Vaxtex Cotfab,NOMURA SINGAPORE LIMITED,NSE,Bulk,Purchase,11-05-2022,35.6,265000,0.14%
Hariom Pipe,NOMURA SINGAPORE LIMITED,NSE,Bulk,Sell,13-04-2022,225.84,345190,1.11%
Veranda Learning,NOMURA SINGAPORE LIMITED,BSE,Bulk,Sell,12-04-2022,162.51,778600,1.09%
Veranda Learning,NOMURA SINGAPORE LIMITED,BSE,Bulk,Sell,11-04-2022,160.97,978581,1.37%
Lancer Container,NOMURA SINGAPORE LIMITED,BSE,Bulk,Purchase,31-03-2022,163.99,450000,0.20%
Vikas Ecotech,NOMURA SINGAPORE LIMITED,NSE,Bulk,Purchase,24-03-2022,5.35,6600000,0.37%
Easy Trip Planners,NOMURA SINGAPORE LIMITED,BSE,Bulk,Purchase,28-02-2022,275,600000,0.02%
Dhani Services,NOMURA SINGAPORE LIMITED,NSE,Bulk,Purchase,03-02-2022,153,10000000,1.63%
Seacoast Shipping,NOMURA SINGAPORE LIMITED,BSE,Bulk,Purchase,17-01-2022,19.71,5000000,0.93%
Vishal Fabrics,NOMURA SINGAPORE LIMITED,NSE,Bulk,Purchase,30-08-2021,112.25,705000,0.36%
Pricol,NOMURA SINGAPORE LIMITED,BSE,Bulk,Purchase,09-06-2021,89.45,1888646,1.55%
Paramount Comm,NOMURA SINGAPORE LIMITED,NSE,Bulk,Sell,04-06-2021,13.12,1252644,0.41%
Vikas Ecotech,NOMURA SINGAPORE LIMITED,NSE,Bulk,Sell,27-04-2021,2.06,5220000,0.30%
Seamec,NOMURA SINGAPORE LIMITED,NSE,Bulk,Purchase,01-04-2021,449.96,250000,0.98%
Seamec,NOMURA SINGAPORE LIMITED,NSE,Bulk,Purchase,31-03-2021,454.97,160000,0.63%
TruCap Finance,NOMURA SINGAPORE LIMITED,BSE,Bulk,Purchase,05-02-2021,380,135000,0.12%
Vikas Ecotech,NOMURA SINGAPORE LIMITED,NSE,Bulk,Sell,11-01-2021,3.7,1680000,0.09%
TruCap Finance,NOMURA SINGAPORE LIMITED,BSE,Bulk,Purchase,08-01-2021,411,150000,0.13%
PNC Infratech,NOMURA SINGAPORE LIMITED,BSE,Block,Purchase,06-01-2021,175,750000,0.29%
CSB Bank,NOMURA SINGAPORE LIMITED,NSE,Bulk,Purchase,16-12-2020,214.5,1496357,0.86%
CSB Bank,NOMURA SINGAPORE LIMITED,NSE,Block,Purchase,16-12-2020,214.5,1496357,0.86%
GSS Infotech,NOMURA SINGAPORE LIMITED,NSE,Bulk,Sell,19-08-2020,21.33,700000,2.68%
Tourism Finance,NOMURA SINGAPORE LIMITED,NSE,Bulk,Sell,23-03-2020,32.85,2644952,2.86%
Eris Lifesciences,NOMURA SINGAPORE LIMITED,BSE,Bulk,Purchase,15-11-2019,410,950000,0.70%
Cerebra Integrated,NOMURA SINGAPORE LIMITED,BSE,Bulk,Purchase,14-11-2019,18.5,1699000,1.40%
Cerebra Integrated,NOMURA SINGAPORE LIMITED,NSE,Bulk,Purchase,14-11-2019,19,1054239,0.87%
Lypsa Jewellery,NOMURA SINGAPORE LIMITED,NSE,Bulk,Sell,14-08-2019,3.85,488663,1.66%
Deep Energy Resources,NOMURA SINGAPORE LIMITED,NSE,Bulk,Sell,07-08-2019,110.63,199734,0.62%
SORIL Infra Resources,NOMURA SINGAPORE LIMITED,NSE,Bulk,Sell,07-08-2019,95.38,192022,0.61%
Usha Martin,NOMURA SINGAPORE LIMITED,NSE,Bulk,Sell,07-08-2019,26.65,1652266,0.54%
Ducon InfraTech,NOMURA SINGAPORE LIMITED,NSE,Bulk,Purchase,30-05-2019,16.5,600000,0.18%
Vikas Lifecare,NOMURA SINGAPORE LIMITED,NSE,Bulk,Purchase,22-05-2019,4.13,11928292,0.64%
Lakshmi Vilas Bank,NOMURA SINGAPORE LIMITED,BSE,Bulk,Sell,02-05-2019,73.9,5580000,1.66%
Inox Wind,NOMURA SINGAPORE LIMITED,NSE,Bulk,Sell,05-12-2018,79.3,2375000,0.18%
Inox Wind,NOMURA SINGAPORE LIMITED,BSE,Bulk,Sell,05-12-2018,80.3,2375000,0.18%
Paramount Comm,NOMURA SINGAPORE LIMITED,NSE,Bulk,Purchase,22-11-2018,8.45,2823126,0.93%
Vikas Ecotech,NOMURA SINGAPORE LIMITED,NSE,Bulk,Purchase,16-11-2018,14,3500000,0.20%
Vikas Ecotech,NOMURA SINGAPORE LIMITED,BSE,Bulk,Purchase,16-11-2018,14,3500000,0.20%
Infibeam Avenues,NOMURA SINGAPORE LIMITED,NSE,Bulk,Sell,08-10-2018,60.09,8800694,0.32%
GSS Infotech,NOMURA SINGAPORE LIMITED,NSE,Bulk,Purchase,01-10-2018,99.49,100000,0.38%
Lakshmi Vilas Bank,NOMURA SINGAPORE LIMITED,NSE,Bulk,Sell,01-10-2018,74.91,1489613,0.44%
Infibeam Avenues,NOMURA SINGAPORE LIMITED,NSE,Bulk,Purchase,10-05-2018,167.75,3000000,0.11%
GSS Infotech,NOMURA SINGAPORE LIMITED,NSE,Bulk,Purchase,18-04-2018,73.99,300000,1.15%
GSS Infotech,NOMURA SINGAPORE LIMITED,BSE,Bulk,Purchase,18-04-2018,74,200000,0.76%
GSS Infotech,NOMURA SINGAPORE LIMITED,NSE,Bulk,Purchase,16-04-2018,61,100000,0.38%
Toss the Coin Ltd.,SELVAMURTHY AKILANDESWARI,BSE,Bulk,Purchase,23-12-2024,409,24000,1.27%
Reliance Industries,BOFA SECURITIES EUROPE SA,BSE,Block,Purchase,23-12-2024,1215,2750298,0.02%
Reliance Industries,BOFA SECURITIES EUROPE SA,BSE,Block,Sell,23-12-2024,1215,2750298,0.02%
Sanathan Textiles Ltd.,SOCIETE GENERALE,NSE,Bulk,Purchase,27-12-2024,401.42,695688,0.82%
Sanathan Textiles Ltd.,SOCIETE GENERALE,NSE,Bulk,Sell,27-12-2024,409.26,41180,0.05%
Concord Enviro Systems Ltd.,MORGAN STANLEY ASIA SINGAPORE PTE,NSE,Bulk,Sell,27-12-2024,827.51,110022,0.60%
Concord Enviro Systems Ltd.,MORGAN STANLEY ASIA SINGAPORE PTE,NSE,Bulk,Sell,27-12-2024,827.51,110022,0.53%
Identical Brains Studios Ltd.,SELVAMURTHY    AKILANDESWARI,NSE,Bulk,Purchase,09-01-2025,70.84,74000,0.53%
Landmark Immigration Consu...,SELVAMURTHY AKILANDESWARI,BSE,Bulk,Purchase,23-01-2025,75.35,105600,0.51%
Laxmi Dental,GOLDMAN SACHS FUNDS - GOLDMAN SACHS INDIA EQUITY PORTFOLIO,NSE,Bulk,Purchase,20-01-2025,545.66,1386597,2.52%
Landmark Immigration Consu...,SELVAMURTHY AKILANDESWARI,BSE,Bulk,Purchase,30-01-2025,58.53,104000,0.50%
Sterling and Wilson,MORGAN STANLEY ASIA SINGAPORE PTE,NSE,Bulk,Purchase,11-02-2025,282.2,3644105,1.56%
Sterling and Wilson,GOLDMAN SACHS FUNDS - GOLDMAN SACHS INDIA EQUITY PORTFOLIO,NSE,Bulk,Sell,11-02-2025,282.46,3427631,1.47%
ISGEC Heavy Engg,GOLDMAN SACHS FUNDS - GOLDMAN SACHS INDIA EQUITY PORTFOLIO,NSE,Bulk,Sell,20-02-2025,915.49,1043192,1.42%
Sterlite Tech,GOLDMAN SACHS FUNDS - GOLDMAN SACHS INDIA EQUITY PORTFOLIO,BSE,Bulk,Sell,05-03-2025,81.04,10377562,2.13%
TeamLease Services,GOLDMAN SACHS FUNDS - GOLDMAN SACHS INDIA EQUITY PORTFOLIO,NSE,Bulk,Sell,28-02-2025,1865,167802,1.00%
TeamLease Services,GOLDMAN SACHS FUNDS - GOLDMAN SACHS INDIA EQUITY PORTFOLIO,NSE,Bulk,Sell,25-02-2025,1960,89314,0.53%
Max Financial,SOCIETE GENERALE,NSE,Block,Purchase,27-03-2025,1112,235594,0.07%
Manappuram Finance,BOFA SECURITIES EUROPE SA,NSE,Bulk,Purchase,21-03-2025,227.2,302331,0.04%
Manappuram Finance,BOFA SECURITIES EUROPE SA,NSE,Bulk,Sell,21-03-2025,231.95,4346655,0.51%
Kesoram Industries,MORGAN STANLEY ASIA SINGAPORE PTE,NSE,Bulk,Sell,28-03-2025,4.2,1930197,0.62%
Max Financial,MORGAN STANLEY ASIA SINGAPORE PTE,NSE,Block,Purchase,27-03-2025,1112,247302,0.07%
Mahindra Lifespace,GOLDMAN SACHS FUNDS - GOLDMAN SACHS INDIA EQUITY PORTFOLIO,NSE,Bulk,Sell,19-03-2025,330.31,844573,0.54%
KFIN Technologies,SOCIETE GENERALE,NSE,Bulk,Purchase,13-05-2025,1040,3447285,2.00%
PNB Housing Finance,SOCIETE GENERALE,NSE,Block,Purchase,02-05-2025,1000.2,1052054,0.40%
RBL Bank,SOCIETE GENERALE,NSE,Bulk,Purchase,28-04-2025,203.99,3675496,0.60%
RBL Bank,SOCIETE GENERALE,NSE,Bulk,Sell,28-04-2025,194,36097,0.01%
Max Financial ,SOCIETE GENERALE,NSE,Block,Purchase,27-03-2025,1112,235594,0.07%
PNB Housing Finance,FRANKLIN TEMPLETON MUTUAL FUND,BSE,Block,Purchase,02-05-2025,1000.2,1250004,0.48%
Angel One,BOFA SECURITIES EUROPE SA,BSE,Bulk,Purchase,09-05-2025,2293.21,1519541,1.68%
Nuvama Wealth,BOFA SECURITIES EUROPE SA,BSE,Bulk,Purchase,09-05-2025,5930.43,259458,0.72%
Samhi Hotels,BOFA SECURITIES EUROPE SA - ODI,NSE,Block,Purchase,29-04-2025,174.3,917958,0.41%
Samhi Hotels,BOFA SECURITIES EUROPE SA,NSE,Block,Purchase,29-04-2025,174.3,574123,0.26%
Fusion Micro Finance,BOFA SECURITIES EUROPE SA,NSE,Bulk,Purchase,17-04-2025,158.21,670741,0.51%
Info Edge,MORGAN STANLEY ASIA SINGAPORE PTE,NSE,Block,Sell,14-05-2025,1464.5,212700,0.03%
Max Healthcare,MORGAN STANLEY ASIA SINGAPORE PTE,NSE,Block,Sell,14-05-2025,1172,258242,0.03%
Waaree Energies Ltd.,MORGAN STANLEY ASIA SINGAPORE PTE,NSE,Block,Sell,14-05-2025,2690.1,60398,0.02%
Motilal Oswal,MORGAN STANLEY ASIA SINGAPORE PTE,NSE,Block,Sell,12-05-2025,679.5,203343,0.03%
Northern Arc Capital,MORGAN STANLEY ASIA SINGAPORE PTE,NSE,Bulk,Purchase,12-05-2025,193,880000,0.55%
PNB Housing Finance,MORGAN STANLEY ASIA SINGAPORE PTE,NSE,Block,Purchase,02-05-2025,1000.2,801483,0.31%
PNB Housing Finance,MORGAN STANLEY ASIA SINGAPORE PTE,NSE,Block,Purchase,02-05-2025,1000.2,500040,0.19%
Kesoram Industries,MORGAN STANLEY ASIA SINGAPORE PTE,BSE,Bulk,Sell,28-04-2025,3.82,2517721,0.81%
TD Power Systems,GOLDMAN SACHS FUNDS - GOLDMAN SACHS INDIA EQUITY PORTFOLIO,BSE,Bulk,Purchase,22-05-2025,460,1093643,0.70%
Mahindra Lifespace,GOLDMAN SACHS FUNDS - GOLDMAN SACHS INDIA EQUITY PORTFOLIO,NSE,Bulk,Sell,19-03-2025,330.31,844573,0.40%
Vishal Fabrics,NOMURA SINGAPORE LIMITED,BSE,Bulk,Sell,27-11-2024,28.46,2115000,1.04%
Jubilant Foodworks,SOCIETE GENERALE,NSE,Block,Purchase,13-06-2025,662,740000,0.11%
Jubilant Ingrevia,SOCIETE GENERALE,NSE,Block,Purchase,13-06-2025,676,380000,0.24%
Schaeffler,SOCIETE GENERALE,NSE,Block,Purchase,12-06-2025,4188.4,79559,0.05%
Eternal,SOCIETE GENERALE,NSE,Block,Purchase,12-06-2025,257.07,6093605,0.06%
Schaeffler,SOCIETE GENERALE,NSE,Block,Purchase,11-06-2025,4199.4,80807,0.05%
ICICI Bank,SOCIETE GENERALE,NSE,Block,Purchase,11-06-2025,1422.9,120405,0.00%
Mahindra & Mahindra,SOCIETE GENERALE,NSE,Block,Purchase,11-06-2025,3067.5,58663,0.00%
Marksans Pharma,SOCIETE GENERALE,NSE,Block,Purchase,11-06-2025,249.95,920184,0.20%
UNO Minda,SOCIETE GENERALE,NSE,Block,Purchase,11-06-2025,1096.6,990228,0.17%
Eternal,SOCIETE GENERALE,NSE,Block,Purchase,11-06-2025,255.68,6093607,0.06%
Premier Energies,SOCIETE GENERALE,NSE,Block,Purchase,10-06-2025,1051.6,1791592,0.40%
Suzlon Energy,SOCIETE GENERALE,NSE,Block,Purchase,09-06-2025,66.05,7397043,0.05%
Bajaj Finserv,SOCIETE GENERALE,NSE,Block,Purchase,06-06-2025,1925.2,1011452,0.06%
ZF Commercial,SOCIETE GENERALE,NSE,Block,Purchase,06-06-2025,13191,35694,0.19%
Choice International,SOCIETE GENERALE,BSE,Bulk,Purchase,04-06-2025,705.2,1100290,0.54%
Choice International,SOCIETE GENERALE,BSE,Block,Purchase,04-06-2025,705.2,1100000,0.53%
Indegene,SOCIETE GENERALE - ODI,NSE,Bulk,Purchase,04-06-2025,591,1879775,0.78%
ZF Commercial,FRANKLIN TEMPLETON MUTUAL FUND,NSE,Bulk,Purchase,06-06-2025,13191,140217,0.74%
ZF Commercial,FRANKLIN TEMPLETON MUTUAL FUND,NSE,Block,Purchase,06-06-2025,13191,140217,0.74%
Oriental Carbon,BOFA SECURITIES EUROPE SA,NSE,Bulk,Purchase,10-06-2025,289.53,53428,0.53%
Bajaj Finserv,BOFA SECURITIES EUROPE SA - ODI,NSE,Block,Purchase,06-06-2025,1925.2,1309986,0.08%
Bajaj Finserv,BOFA SECURITIES EUROPE SA,NSE,Block,Purchase,06-06-2025,1925.2,311903,0.02%
Aditya Birla Capital,BOFA SECURITIES EUROPE SA,BSE,Block,Purchase,28-05-2025,219.4,2700000,0.10%
Aditya Birla Capital,BOFA SECURITIES EUROPE SA,BSE,Block,Sell,28-05-2025,219.4,2700000,0.10%
Jubilant Foodworks,MORGAN STANLEY ASIA SINGAPORE PTE,NSE,Block,Purchase,13-06-2025,662,1170000,0.18%
Jubilant Ingrevia,MORGAN STANLEY ASIA SINGAPORE PTE,NSE,Block,Purchase,13-06-2025,676,390000,0.24%
Scoda Tubes,MORGAN STANLEY ASIA SINGAPORE PTE,NSE,Bulk,Sell,13-06-2025,181.42,420000,0.70%
Bajaj Finserv,MORGAN STANLEY ASIA (SINGAPORE) PTE.,BSE,Block,Sell,10-06-2025,1983.8,125000,0.01%
Premier Energies,MORGAN STANLEY ASIA SINGAPORE PTE,NSE,Block,Purchase,10-06-2025,1051.6,1677563,0.37%
Premier Energies,MORGAN STANLEY ASIA SINGAPORE PTE,NSE,Block,Purchase,10-06-2025,1051.6,162872,0.04%
Suzlon Energy,MORGAN STANLEY ASIA SINGAPORE PTE,NSE,Block,Purchase,09-06-2025,66.05,3028031,0.02%
Bajaj Finserv,MORGAN STANLEY ASIA SINGAPORE PTE,NSE,Block,Purchase,06-06-2025,1925.2,2178856,0.14%
Bajaj Finserv,MORGAN STANLEY ASIA SINGAPORE PTE,NSE,Block,Purchase,06-06-2025,1925.2,133674,0.01%
Aptus Value Housing,MORGAN STANLEY ASIA (SINGAPORE) PTE.,BSE,Block,Sell,06-06-2025,304.65,500000,0.10%
Aptus Value Housing,MORGAN STANLEY ASIA SINGAPORE PTE,NSE,Bulk,Purchase,03-06-2025,307,2995176,0.60%
InterGlobe Aviation,MORGAN STANLEY ASIA (SINGAPORE) PTE.,BSE,Block,Sell,29-05-2025,5246.35,46000,0.01%
Ethos,GOLDMAN SACHS FUNDS - GOLDMAN SACHS INDIA EQUITY PORTFOLIO,NSE,Bulk,Sell,19-06-2025,2700.67,177943,0.67%
Aditya Birla Capital,GOLDMAN SACHS FUNDS  GOLDMAN SACHS INDIA EQUITY PORTFOLIO,NSE,Block,Purchase,11-06-2025,242.65,3363220,0.13%
Aditya Birla Capital,GOLDMAN SACHS FUNDS - GOLDMAN SACHS INDIA EQUITY PORTFOLIO,BSE,Block,Purchase,11-06-2025,242.65,3363219,0.13%
Aditya Birla Capital,GOLDMAN SACHS ETF TRUST - GOLDMAN SACHS INDIA EQUITY ETF,BSE,Block,Purchase,11-06-2025,242.65,4393,0.00%
Aditya Birla Capital,GOLDMAN SACHS ETF TRUST  GOLDMAN SACHS INDIA EQUITY ETF,NSE,Block,Purchase,11-06-2025,242.65,4393,0.00%
Premier Energies,NOMURA SINGAPORE LIMITED,NSE,Block,Purchase,10-06-2025,1051.6,244308,0.05%
Bajaj Finserv,NOMURA SINGAPORE LIMITED,NSE,Block,Purchase,06-06-2025,1925.2,53471,0.00%
PB Fintech,SOCIETE GENERALE,NSE,Block,Purchase,26-06-2025,1821.5,524467,0.11%
One Mobikwik Systems Ltd.,SOCIETE GENERALE,NSE,Bulk,Purchase,26-06-2025,230,939970,1.20%
Arisinfra Solutions,SOCIETE GENERALE,NSE,Bulk,Sell,25-06-2025,184.81,1022030,1.26%
Sai Life Science Ltd.,SOCIETE GENERALE,BSE,Block,Purchase,20-06-2025,722,870593,0.42%
Landmark Global Learning,SELVAMURTHY AKILANDESWARI,BSE,Bulk,Purchase,30-01-2025,58.53,104000,0.50%
Landmark Global Learning,SELVAMURTHY AKILANDESWARI,BSE,Bulk,Purchase,23-01-2025,75.35,105600,0.51%
India Cements,FRANKLIN TEMPLETON MUTUAL FUND,NSE,Bulk,Purchase,20-06-2025,310.17,2037333,0.66%
PB Fintech,MORGAN STANLEY ASIA (SINGAPORE) PTE.,BSE,Block,Sell,30-06-2025,1819,99994,0.02%
PB Fintech,MORGAN STANLEY ASIA SINGAPORE PTE,NSE,Block,Purchase,26-06-2025,1821.5,481307,0.10%
PB Fintech,MORGAN STANLEY ASIA SINGAPORE PTE,NSE,Block,Purchase,26-06-2025,1821.5,94499,0.02%
Delhivery,MORGAN STANLEY ASIA SINGAPORE PTE,NSE,Block,Purchase,26-06-2025,387,2885814,0.39%
Delhivery,MORGAN STANLEY ASIA SINGAPORE PTE,NSE,Block,Purchase,26-06-2025,387,1886852,0.25%
Sai Life Science Ltd.,MORGAN STANLEY ASIA SINGAPORE PTE,BSE,Block,Purchase,20-06-2025,722,312210,0.15%
One97 Communications,SOCIETE GENERALE,BSE,Bulk,Purchase,05-08-2025,1067.5,3400000,0.53%
One97 Communications,SOCIETE GENERALE ODI,BSE,Bulk,Purchase,05-08-2025,1067.5,3350000,0.52%
Mehul Colours,SELVAMURTHY AKILANDESWARI,BSE,Bulk,Purchase,07-08-2025,82.58,54400,0.52%
Mehul Colours,SELVAMURTHY AKILANDESWARI,BSE,Bulk,Purchase,06-08-2025,86.78,150400,1.43%
Laxmi Finance,BOFA SECURITIES EUROPE SA,NSE,Bulk,Sell,06-08-2025,125.01,264538,0.51%
Laxmi Finance,BOFA SECURITIES EUROPE SA,NSE,Bulk,Sell,05-08-2025,141.12,354508,0.68%
UPL PP,BOFA SECURITIES EUROPE SA,NSE,Bulk,Purchase,28-07-2025,538.24,554195,-%
Dr Agarwals Health Care,BOFA SECURITIES EUROPE SA,NSE,Block,Purchase,11-07-2025,436,274031,0.09%
AG Ventures,BOFA SECURITIES EUROPE SA,NSE,Bulk,Purchase,10-06-2025,289.53,53428,0.53%
Medi Assist Healthcare,MORGAN STANLEY ASIA SINGAPORE PTE,NSE,Block,Purchase,12-08-2025,522.7,286371,0.41%
Medi Assist Healthcare,MORGAN STANLEY ASIA SINGAPORE PTE,NSE,Block,Purchase,12-08-2025,522.7,191315,0.27%
Home First Finance,MORGAN STANLEY ASIA SINGAPORE PTE,NSE,Block,Purchase,11-08-2025,1190.5,95000,0.09%
UPL PP,MORGAN STANLEY ASIA SINGAPORE PTE,NSE,Bulk,Purchase,31-07-2025,520.54,1579930,-%
UPL PP,MORGAN STANLEY ASIA SINGAPORE PTE,NSE,Bulk,Purchase,30-07-2025,532.36,1027090,-%
UPL PP,MORGAN STANLEY ASIA SINGAPORE PTE,NSE,Bulk,Purchase,29-07-2025,538.81,598910,-%
Cigniti Technologies,MORGAN STANLEY ASIA SINGAPORE PTE,NSE,Bulk,Purchase,24-07-2025,1591.46,165750,0.61%
AWL Agri Business,MORGAN STANLEY ASIA SINGAPORE PTE,BSE,Block,Purchase,18-07-2025,275.5,623701,0.05%
Dr Agarwals Health Care,MORGAN STANLEY ASIA SINGAPORE PTE,NSE,Block,Sell,11-07-2025,436,274031,0.09%
Marathon Nextgen Realty,NOMURA SINGAPORE LIMITED,NSE,Bulk,Sell,07-07-2025,670.11,436869,0.85%
RBL Bank,SOCIETE GENERALE,NSE,Bulk,Purchase,28-08-2025,250.57,3278899,0.54%
RBL Bank,SOCIETE GENERALE,NSE,Bulk,Sell,28-08-2025,251.19,129454,0.02%
Swiggy Ltd.,SOCIETE GENERALE,NSE,Bulk,Purchase,26-08-2025,426.52,125767,0.01%
Swiggy Ltd.,SOCIETE GENERALE,NSE,Bulk,Sell,26-08-2025,429.97,14253674,0.57%
Sai Life Science Ltd.,SOCIETE GENERALE,NSE,Bulk,Purchase,26-08-2025,871,1406922,0.67%
Apollo Hospitals,SOCIETE GENERALE,NSE,Block,Purchase,22-08-2025,7850,328047,0.23%
Apollo Hospitals,MORGAN STANLEY ASIA SINGAPORE PTE,NSE,Block,Purchase,22-08-2025,7850,90885,0.06%
Apollo Hospitals,MORGAN STANLEY ASIA SINGAPORE PTE,NSE,Block,Purchase,22-08-2025,7850,80212,0.06%
Laxmi Finance,BOFA SECURITIES EUROPE SA,NSE,Bulk,Sell,02-09-2025,140,410023,0.78%
One Mobikwik Systems Ltd.,BOFA SECURITIES EUROPE SA,NSE,Bulk,Purchase,01-09-2025,243.61,500000,0.64%
Bank of Baroda,SOCIETE GENERALE,NSE,Block,Purchase,12-09-2025,238.27,6416414,0.12%
Eicher Motors,SOCIETE GENERALE,NSE,Block,Purchase,12-09-2025,6758,60405,0.02%
Max Financial,SOCIETE GENERALE,NSE,Block,Purchase,12-09-2025,1605.4,74675,0.02%
Power Finance,SOCIETE GENERALE,NSE,Block,Purchase,12-09-2025,399.55,2437238,0.07%
Kotak Mahindra Bank,SOCIETE GENERALE - ODI,NSE,Block,Purchase,10-09-2025,1940.8,281301,0.01%
Aptus Value Housing,SOCIETE GENERALE,NSE,Bulk,Purchase,04-09-2025,328.85,3885159,0.78%
RBL Bank,SOCIETE GENERALE,NSE,Bulk,Purchase,28-08-2025,250.57,3278899,0.53%
Austere Systems,SELVAMURTHY AKILANDESWARI,BSE,Bulk,Purchase,16-09-2025,71.62,70000,0.67%
Austere Systems,SELVAMURTHY AKILANDESWARI,BSE,Bulk,Purchase,12-09-2025,75.17,100000,0.95%
Kotak Mahindra Bank,BOFA SECURITIES EUROPE SA,NSE,Block,Purchase,10-09-2025,1940.8,138390,0.01%
Kotak Mahindra Bank,BOFA SECURITIES EUROPE SA,NSE,Block,Purchase,10-09-2025,1940.8,92260,0.00%
Kotak Mahindra Bank,MORGAN STANLEY ASIA SINGAPORE PTE,NSE,Block,Purchase,10-09-2025,1940.8,1334524,0.07%
Kotak Mahindra Bank,MORGAN STANLEY ASIA (SINGAPORE) PTE. - ODI,NSE,Block,Purchase,10-09-2025,1940.8,890787,0.04%
Kotak Mahindra Bank,MORGAN STANLEY ASIA SINGAPORE PTE,NSE,Block,Purchase,10-09-2025,1940.8,117208,0.01%
Healthcare Global,MORGAN STANLEY ASIA SINGAPORE PTE,NSE,Bulk,Purchase,10-09-2025,695,880000,0.62%
Healthcare Global,MORGAN STANLEY ASIA SINGAPORE PTE,NSE,Block,Purchase,10-09-2025,695,880000,0.62%
Landmark Cars,MORGAN STANLEY ASIA SINGAPORE PTE,BSE,Bulk,Purchase,19-09-2025,639,275000,0.66%
Polycab,SOCIETE GENERALE,NSE,Block,Purchase,25-09-2025,7458,83309,0.06%
Akzo Nobel,SOCIETE GENERALE,NSE,Block,Purchase,24-09-2025,3358.8,29928,0.07%
Eternal,BOFA SECURITIES EUROPE SA,NSE,Block,Purchase,01-10-2025,325.5,8200000,0.08%
RBL Bank,MORGAN STANLEY ASIA SINGAPORE PTE,NSE,Bulk,Purchase,01-10-2025,274.44,3251200,0.53%
Axis Bank,MORGAN STANLEY ASIA SINGAPORE PTE,NSE,Block,Purchase,26-09-2025,1166.6,91172,0.00%
Bharat Electronics,MORGAN STANLEY ASIA SINGAPORE PTE,NSE,Block,Purchase,26-09-2025,403.15,394579,0.01%
Bharti Airtel,MORGAN STANLEY ASIA SINGAPORE PTE,NSE,Block,Purchase,26-09-2025,1935.6,147101,0.00%
Godrej Properties,MORGAN STANLEY ASIA SINGAPORE PTE,NSE,Block,Purchase,26-09-2025,1967.4,103129,0.03%
Hero MotoCorp,MORGAN STANLEY ASIA SINGAPORE PTE,NSE,Block,Purchase,26-09-2025,5354.5,28602,0.01%
Kotak Mahindra Bank,MORGAN STANLEY ASIA SINGAPORE PTE,NSE,Block,Purchase,26-09-2025,2013.5,116911,0.01%
Shriram Finance,MORGAN STANLEY ASIA SINGAPORE PTE,NSE,Block,Purchase,26-09-2025,612.7,533842,0.03%
Varun Beverages,MORGAN STANLEY ASIA SINGAPORE PTE,NSE,Block,Purchase,26-09-2025,451.85,231971,0.01%
Eternal,MORGAN STANLEY ASIA SINGAPORE PTE,NSE,Block,Purchase,26-09-2025,332.25,952167,0.01%
One97 Communications,MORGAN STANLEY ASIA SINGAPORE PTE,NSE,Block,Purchase,26-09-2025,1141.4,107811,0.02%
Polycab,MORGAN STANLEY ASIA SINGAPORE PTE,NSE,Block,Purchase,25-09-2025,7458,293333,0.19%
Polycab,MORGAN STANLEY ASIA SINGAPORE PTE,NSE,Block,Purchase,25-09-2025,7458,71408,0.05%
Akzo Nobel,MORGAN STANLEY ASIA SINGAPORE PTE,NSE,Block,Purchase,24-09-2025,3358.8,29928,0.07%
Aether Industries,GOLDMAN SACHS FDS GOLDMAN SACHS INDIA EQ PORTFOLIO,NSE,Bulk,Sell,29-09-2025,735.01,1151084,0.87%
Akzo Nobel,GOLDMAN SACHS FUNDS - GOLDMAN SACHS INDIA EQUITY PORTFOLIO,NSE,Bulk,Purchase,24-09-2025,3358.8,449823,0.99%
Akzo Nobel,GOLDMAN SACHS FUNDS - GOLDMAN SACHS INDIA EQUITY PORTFOLIO,NSE,Block,Purchase,24-09-2025,3358.8,449823,0.99%
Akzo Nobel,GOLDMAN SACHS ETF TRUST - GOLDMAN SACHS INDIA EQUITY ETF,NSE,Block,Purchase,24-09-2025,3358.8,1237,0.00%
RBL Bank,SOCIETE GENERALE,NSE,Bulk,Purchase,08-10-2025,284,3322631,0.54%
Shaily Engineering ,SOCIETE GENERALE,BSE,Block,Purchase,07-10-2025,2134,100020,0.22%
Aditya Birla Lifestyle Brands,SOCIETE GENERALE - ODI,NSE,Block,Purchase,06-10-2025,136.45,1575002,0.13%
Shaily Engineering ,BOFA SECURITIES EUROPE SA,BSE,Block,Purchase,07-10-2025,2134,120020,0.26%
Optiemus Infracom,BOFA SECURITIES EUROPE SA,NSE,Block,Purchase,06-10-2025,672.1,354060,0.40%
Eternal,BOFA SECURITIES EUROPE SA,NSE,Block,Purchase,06-10-2025,328.45,8100000,0.08%
Eternal,BOFA SECURITIES EUROPE SA,NSE,Block,Purchase,03-10-2025,329,10800000,0.11%
Aditya Birla Lifestyle Brands,MORGAN STANLEY ASIA SINGAPORE PTE - ODI,NSE,Block,Purchase,06-10-2025,136.45,732882,0.06%
Pace Digitek,MORGAN STANLEY ASIA SINGAPORE PTE,NSE,Bulk,Purchase,06-10-2025,220.95,1200000,0.56%
LG Electronics,BOFA SECURITIES EUROPE SA,NSE,Block,Purchase,20-10-2025,1656,66700,0.01%
WeWork Management,BOFA SECURITIES EUROPE SA,NSE,Bulk,Purchase,10-10-2025,635.6,3058,0.00%
WeWork Management,BOFA SECURITIES EUROPE SA,NSE,Bulk,Sell,10-10-2025,643.17,947300,0.71%
Shaily Engineering,BOFA SECURITIES EUROPE SA,BSE,Block,Purchase,07-10-2025,2134,120020,0.26%
Aptus Value Housing,MORGAN STANLEY ASIA (SINGAPORE) PTE.,BSE,Block,Sell,13-10-2025,315.25,334974,0.07%
CarTrade Tech,GOLDMAN SACHS INDIA LIMITED,NSE,Bulk,Sell,10-10-2025,2445,361627,0.76%
Marathon Nextgen Realty,NOMURA SINGAPORE LIMITED,NSE,Bulk,Sell,07-07-2025,670.11,436869,0.65%
Aditya Birla Capital,SOCIETE GENERALE,BSE,Block,Purchase,28-10-2025,308,4567069,0.17%
Aditya Birla Capital,SOCIETE GENERALE,NSE,Block,Purchase,28-10-2025,308,330000,0.01%
Chennai Petroleum,BOFA SECURITIES EUROPE SA,NSE,Bulk,Purchase,30-10-2025,868.59,772084,0.52%
Chennai Petroleum,BOFA SECURITIES EUROPE SA,NSE,Bulk,Sell,30-10-2025,880.63,9817,0.01%
Reliance Industries,BOFA SECURITIES EUROPE SA,NSE,Block,Purchase,30-10-2025,1475.5,295600,0.00%
Tolins Tyres,BOFA SECURITIES EUROPE SA,NSE,Bulk,Purchase,28-10-2025,189.99,209901,0.53%
EPack Prefab Technologies,BOFA SECURITIES EUROPE SA,NSE,Bulk,Purchase,23-10-2025,233.82,562723,0.56%
Aditya Birla Capital,MORGAN STANLEY ASIA SINGAPORE PTE,NSE,Block,Purchase,28-10-2025,308,2256435,0.09%
Aditya Birla Capital,MORGAN STANLEY ASIA SINGAPORE PTE,NSE,Block,Purchase,28-10-2025,308,1715526,0.07%
Cohance Lifesciences,MORGAN STANLEY ASIA (SINGAPORE) PTE.,BSE,Block,Sell,23-10-2025,890.75,112492,0.03%
Midwest,GOLDMAN SACHS FUNDS - GOLDMAN SACHS INDIA EQUITY PORTFOLIO,NSE,Bulk,Purchase,24-10-2025,1152.56,434323,1.20%
ITC Hotels,SOCIETE GENERALE,NSE,Block,Purchase,05-12-2025,205.65,2160000,0.10%
Whirlpool,SOCIETE GENERALE ODI,BSE,Bulk,Purchase,27-11-2025,1041,873600,0.69%
One97 Communications,SOCIETE GENERALE,NSE,Bulk,Purchase,18-11-2025,1305,3244903,0.51%
BlackBuck,SOCIETE GENERALE,NSE,Block,Purchase,18-11-2025,676.4,148581,0.08%
Canara HSBC Life Insurance,SOCIETE GENERALE,NSE,Block,Purchase,18-11-2025,120.44,870119,0.09%
Sagility,SOCIETE GENERALE,NSE,Bulk,Purchase,14-11-2025,47.6,84822752,1.81%
Axis Bank,SOCIETE GENERALE,NSE,Block,Purchase,13-11-2025,1221.6,91177,0.00%
Sammaan Capital,SOCIETE GENERALE,NSE,Bulk,Purchase,13-11-2025,176.97,8824271,1.06%
Sammaan Capital,SOCIETE GENERALE,NSE,Block,Purchase,13-11-2025,176.97,8824271,1.06%
Ather Energy,SOCIETE GENERALE,NSE,Block,Purchase,13-11-2025,622.35,994909,0.26%
Tata Capital,SOCIETE GENERALE,NSE,Block,Purchase,13-11-2025,325.2,1153013,0.03%
SBI,SOCIETE GENERALE,BSE,Block,Purchase,12-11-2025,953.3,114320,0.00%
Max Healthcare,SOCIETE GENERALE,BSE,Block,Purchase,12-11-2025,1095.4,92289,0.01%
RBL Bank,SOCIETE GENERALE,NSE,Bulk,Purchase,06-11-2025,320.65,3161221,0.51%
RBL Bank,SOCIETE GENERALE ODI,NSE,Block,Purchase,06-11-2025,320.65,3161221,0.51%
Kabra Drugs,SELVAMURTHY AKILANDESWARI,BSE,Bulk,Purchase,20-11-2025,26.89,191422,0.81%
Whirlpool,FRANKLIN TEMPLETON MUTUAL FUND,BSE,Bulk,Purchase,27-11-2025,1041,855900,0.67%
Reliance Industries,BOFA SECURITIES EUROPE SA,NSE,Block,Purchase,21-11-2025,1534,352107,0.00%
Apollo Hospitals,BOFA SECURITIES EUROPE SA,NSE,Block,Sell,19-11-2025,7312,59584,0.04%
Axis Bank,BOFA SECURITIES EUROPE SA,NSE,Block,Sell,13-11-2025,1221.6,91177,0.00%
SBI,BOFA SECURITIES EUROPE SA,BSE,Block,Sell,12-11-2025,953.3,114320,0.00%
Apollo Hospitals,BOFA SECURITIES EUROPE SA,NSE,Block,Purchase,10-11-2025,7474,92363,0.06%
ICICI Bank,BOFA SECURITIES EUROPE SA,NSE,Block,Purchase,10-11-2025,1332,141886,0.00%
RBL Bank,BOFA SECURITIES EUROPE SA,NSE,Block,Purchase,06-11-2025,320.65,1364428,0.22%
Usha Martin,MORGAN STANLEY ASIA SINGAPORE PTE,NSE,Block,Purchase,12-12-2025,430,600000,0.20%
ITC Hotels,MORGAN STANLEY ASIA SINGAPORE PTE,NSE,Block,Purchase,05-12-2025,205.65,916500,0.04%
Max Financial,MORGAN STANLEY ASIA SINGAPORE PTE,NSE,Block,Purchase,21-11-2025,1681,511610,0.15%
Max Financial,MORGAN STANLEY ASIA SINGAPORE PTE,NSE,Block,Purchase,21-11-2025,1681,329911,0.10%
BlackBuck,MORGAN STANLEY ASIA SINGAPORE PTE,NSE,Block,Purchase,18-11-2025,676.4,205676,0.11%
Sagility,MORGAN STANLEY ASIA SINGAPORE PTE,NSE,Bulk,Purchase,14-11-2025,47.6,27620798,0.59%
Pine Labs,MORGAN STANLEY ASIA (SINGAPORE) PTE.,BSE,Block,Purchase,14-11-2025,257.5,1409295,0.12%
Sammaan Capital,MORGAN STANLEY ASIA SINGAPORE PTE,NSE,Bulk,Sell,13-11-2025,176.97,5082676,0.61%
Sammaan Capital,MORGAN STANLEY ASIA SINGAPORE PTE,NSE,Block,Sell,13-11-2025,176.97,5082676,0.61%
Fortis Healthcare,MORGAN STANLEY ASIA (SINGAPORE) PTE.,BSE,Block,Purchase,12-11-2025,975.4,509235,0.07%
Lloyds Metals & Energy,MORGAN STANLEY ASIA (SINGAPORE) PTE.,BSE,Block,Purchase,12-11-2025,1305.2,352886,0.07%
WeWork Management,MORGAN STANLEY ASIA (SINGAPORE) PTE.,BSE,Block,Purchase,12-11-2025,615.65,462454,0.35%
RBL Bank,MORGAN STANLEY ASIA SINGAPORE PTE,NSE,Block,Purchase,06-11-2025,320.65,1640859,0.27%
RBL Bank,MORGAN STANLEY ASIA SINGAPORE PTE,NSE,Block,Purchase,06-11-2025,320.65,1105722,0.18%
Akzo Nobel,GOLDMAN SACHS FUNDS - GOLDMAN SACHS INDIA EQUITY PORTFOLIO,NSE,Bulk,Purchase,17-12-2025,3150,335465,0.74%
CarTrade Tech,GOLDMAN SACHS FUNDS - GOLDMAN SACHS INDIA EQUITY PORTFOLIO,BSE,Bulk,Sell,27-11-2025,3044.49,451026,0.94%
Tenneco Clean Air,GOLDMAN SACHS FDS GOLDMAN SACHS INDIA EQ PORTFOLIO,NSE,Bulk,Purchase,19-11-2025,508.21,2182963,0.54%
Ramkrishna Forgings,SOCIETE GENERALE,NSE,Bulk,Sell,30-12-2025,506.75,1475000,0.82%
Ramkrishna Forgings,MORGAN STANLEY ASIA SINGAPORE PTE,NSE,Bulk,Purchase,30-12-2025,506.7,1875000,1.04%
Adani Green Energy,SOCIETE GENERALE,BSE,Block,Purchase,21-01-2026,879.5,549000,0.03%
Aditya Birla Fashion,SOCIETE GENERALE - ODI,NSE,Bulk,Purchase,20-01-2026,65.78,7497712,0.61%
Tata Capital,SOCIETE GENERALE,NSE,Block,Purchase,09-01-2026,354.5,1433651,0.03%
RBL Bank,BOFA SECURITIES EUROPE SA,BSE,Bulk,Purchase,21-01-2026,296,6002451,0.97%
RBL Bank,BOFA SECURITIES EUROPE SA,BSE,Bulk,Sell,21-01-2026,298.1,140,0.00%
RBL Bank,BOFA SECURITIES EUROPE SA,BSE,Block,Purchase,21-01-2026,296,6000000,0.97%
Bharti Airtel PP,BOFA SECURITIES EUROPE SA,BSE,Block,Sell,21-01-2026,1597,1205000,-%
MTAR Technologies,BOFA SECURITIES EUROPE SA,NSE,Bulk,Purchase,09-01-2026,2665.45,206076,0.67%
Landmark Cars,GOLDMAN SACHS FUNDS - GOLDMAN SACHS INDIA EQUITY PORTFOLIO,NSE,Bulk,Sell,22-01-2026,361,1375622,3.32%
Indiabulls,SOCIETE GENERALE,NSE,Bulk,Sell,30-01-2026,10.86,22216730,0.96%
Indiabulls,BOFA SECURITIES EUROPE SA,NSE,Bulk,Purchase,30-01-2026,10.87,22216730,0.96%
IIFL Finance,BOFA SECURITIES EUROPE SA,BSE,Block,Purchase,30-01-2026,532.4,1700000,0.40%
IIFL Finance,MORGAN STANLEY ASIA (SINGAPORE) PTE.,BSE,Block,Sell,30-01-2026,532.4,1700000,0.40%
Manappuram Finance,MORGAN STANLEY ASIA (SINGAPORE) PTE.,BSE,Bulk,Purchase,29-01-2026,291.65,6527614,0.77%
Manappuram Finance,MORGAN STANLEY ASIA (SINGAPORE) PTE.,BSE,Block,Purchase,29-01-2026,291.65,6527614,0.77%
Sunteck Realty,MORGAN STANLEY ASIA (SINGAPORE) PTE.,BSE,Bulk,Purchase,29-01-2026,375.1,3509289,2.39%
Sunteck Realty,MORGAN STANLEY ASIA (SINGAPORE) PTE.,BSE,Block,Purchase,29-01-2026,375.1,3509289,2.39%
Axis Bank,MORGAN STANLEY ASIA (SINGAPORE) PTE.,BSE,Block,Sell,27-01-2026,1313.9,2197602,0.07%
Axis Bank,MORGAN STANLEY ASIA (SINGAPORE) PTE.,BSE,Block,Sell,27-01-2026,1313.9,1740118,0.06%
Axis Bank,MORGAN STANLEY ASIA (SINGAPORE) PTE.,BSE,Block,Sell,27-01-2026,1313.9,1193668,0.04%
Reliance Industries,MORGAN STANLEY ASIA (SINGAPORE) PTE.,BSE,Block,Sell,27-01-2026,1383.9,1151736,0.01%
Reliance Industries,MORGAN STANLEY ASIA (SINGAPORE) PTE.,BSE,Block,Sell,27-01-2026,1383.9,767197,0.01%
Reliance Industries,MORGAN STANLEY ASIA (SINGAPORE) PTE.,BSE,Block,Sell,27-01-2026,1383.9,639782,0.00%
Vedanta,MORGAN STANLEY ASIA (SINGAPORE) PTE.,BSE,Block,Sell,27-01-2026,699.45,2174756,0.06%
Ather Energy,SOCIETE GENERALE,BSE,Block,Purchase,11-02-2026,710,352115,0.09%
Federal Bank,SOCIETE GENERALE,BSE,Block,Sell,04-02-2026,287,3100000,0.13%
Gokaldas Exports,SOCIETE GENERALE,NSE,Bulk,Purchase,04-02-2026,807.18,502221,0.69%
National Aluminium,SOCIETE GENERALE,BSE,Block,Sell,04-02-2026,374,1120000,0.06%
Aditya Birla Capital,SOCIETE GENERALE,BSE,Block,Sell,04-02-2026,344,2091000,0.08%
Engineers India,BOFA SECURITIES EUROPE SA,NSE,Bulk,Purchase,16-02-2026,217.06,4597729,0.82%
Capri Global Capital,MORGAN STANLEY ASIA (SINGAPORE) PTE.,BSE,Block,Sell,18-02-2026,176.2,3078843,0.32%
Ather Energy,MORGAN STANLEY ASIA SINGAPORE PTE,NSE,Block,Purchase,11-02-2026,710,602883,0.16%
Aye Finance,GOLDMAN SACHS FUNDS  GOLDMAN SACHS INDIA EQUITY PORTFOLIO,NSE,Bulk,Purchase,16-02-2026,128.11,1680163,0.68%
Federal Bank,SOCIETE GENERALE,BSE,Block,Purchase,10-03-2026,276,3398195,0.14%
Indian Bank,SOCIETE GENERALE,BSE,Block,Purchase,10-03-2026,925,680931,0.05%
National Aluminium,SOCIETE GENERALE,BSE,Block,Purchase,10-03-2026,388,1427094,0.08%
SBI,SOCIETE GENERALE,BSE,Block,Purchase,10-03-2026,1114,449101,0.00%
PB Fintech,SOCIETE GENERALE - ODI,NSE,Block,Purchase,06-03-2026,1435.1,700000,0.15%
SBI,SOCIETE GENERALE,BSE,Block,Sell,27-02-2026,1204,528000,0.01%
Home First Finance,SOCIETE GENERALE,NSE,Bulk,Purchase,26-02-2026,1190,840713,0.81%
Kaynes Technology,BOFA SECURITIES EUROPE SA,NSE,Block,Purchase,12-03-2026,3614.4,116082,0.17%
Repro,MORGAN STANLEY ASIA (SINGAPORE) PTE.,BSE,Bulk,Sell,10-03-2026,392.5,164903,1.15%
Niyogin Fintech,MORGAN STANLEY ASIA (SINGAPORE) PTE.,BSE,Bulk,Sell,10-03-2026,35.05,671365,0.60%
Nazara Technologies,MORGAN STANLEY ASIA SINGAPORE PTE,NSE,Bulk,Purchase,10-03-2026,239.8,2885000,0.78%
Nazara Technologies,MORGAN STANLEY ASIA SINGAPORE PTE,NSE,Block,Purchase,10-03-2026,239.8,2885000,0.78%
Aegis Vopak Terminals,MORGAN STANLEY ASIA SINGAPORE PTE,NSE,Block,Sell,10-03-2026,192.38,1591705,0.14%
Afcons Infrastructure,MORGAN STANLEY ASIA SINGAPORE PTE,NSE,Block,Sell,05-03-2026,276.5,971374,0.26%
Bajaj Finance,SOCIETE GENERALE,BSE,Block,Sell,27-03-2026,882.75,1218167,0.02%
Bharti Airtel,SOCIETE GENERALE,BSE,Block,Sell,27-03-2026,1834.9,3338532,0.06%
Hindalco Industries,SOCIETE GENERALE,BSE,Block,Sell,27-03-2026,868.65,5812806,0.26%
Mahindra & Mahindra,SOCIETE GENERALE,BSE,Block,Sell,27-03-2026,3128.1,376470,0.03%
InterGlobe Aviation,SOCIETE GENERALE,BSE,Block,Sell,27-03-2026,4294.7,763433,0.20%
Sammaan Capital,SOCIETE GENERALE,NSE,Bulk,Purchase,25-03-2026,149.92,5059027,0.61%
Adani Green Energy,MORGAN STANLEY ASIA (SINGAPORE) PTE.,BSE,Block,Sell,24-03-2026,808.3,690000,0.04%
Raajmarg Infra Investment,MORGAN STANLEY ASIA SINGAPORE PTE,NSE,Bulk,Sell,24-03-2026,106.44,7315565,1.22%
Latent View Analytics,SOCIETE GENERALE,NSE,Bulk,Purchase,02-04-2026,290.69,1079020,0.52%
Latent View Analytics,SOCIETE GENERALE,NSE,Bulk,Sell,02-04-2026,306.14,4671,0.00%
Shaily Engineering ,BOFA SECURITIES EUROPE SA,NSE,Bulk,Purchase,24-04-2026,2419.42,236911,0.52%
Shaily Engineering ,BOFA SECURITIES EUROPE SA,NSE,Bulk,Sell,24-04-2026,2194.76,86,0.00%
Bharti Airtel,BOFA SECURITIES EUROPE SA,BSE,Block,Sell,01-04-2026,1782,540000,0.01%
Delhivery,MORGAN STANLEY ASIA SINGAPORE PTE,NSE,Block,Purchase,15-04-2026,465,1200000,0.16%
Bharat Heavy Electricals,MORGAN STANLEY ASIA SINGAPORE PTE,NSE,Block,Sell,30-03-2026,251,1235703,0.04%
Jio Financial ,MORGAN STANLEY ASIA SINGAPORE PTE,NSE,Block,Sell,30-03-2026,232.55,2675853,0.04%
Sai Life Science,MORGAN STANLEY ASIA SINGAPORE PTE,NSE,Block,Purchase,30-03-2026,1015.4,796916,0.38%
Siemens Energy,MORGAN STANLEY ASIA (SINGAPORE) PTE.,BSE,Block,Sell,30-03-2026,2565,169072,0.05%
Pfizer,GOLDMAN SACHS FUNDS - GOLDMAN SACHS INDIA EQUITY PORTFOLIO,BSE,Bulk,Sell,24-04-2026,4700.01,426066,0.93%
Cello World,GOLDMAN SACHS FUNDS - GOLDMAN SACHS INDIA EQUITY PORTFOLIO,NSE,Bulk,Sell,07-04-2026,401,1382889,0.63%
PB Fintech,SOCIETE GENERALE,NSE,Block,Purchase,08-05-2026,1664,1076200,0.23%
Lenskart Solutions,SOCIETE GENERALE,NSE,Block,Purchase,08-05-2026,473.4,2651410,0.15%
ideaForge Technology,SOCIETE GENERALE,NSE,Bulk,Purchase,04-05-2026,707.11,243895,0.56%
One Mobikwik Systems,SOCIETE GENERALE,BSE,Bulk,Purchase,28-04-2026,214,660398,0.84%
Lenskart Solutions,BOFA SECURITIES EUROPE SA  ODI,NSE,Block,Purchase,08-05-2026,473.4,1059140,0.06%
Lenskart Solutions,BOFA SECURITIES EUROPE SA,NSE,Block,Purchase,08-05-2026,473.4,529570,0.03%
Shaily Engineering,BOFA SECURITIES EUROPE SA,NSE,Bulk,Purchase,24-04-2026,2419.42,236911,0.52%
Shaily Engineering,BOFA SECURITIES EUROPE SA,NSE,Bulk,Sell,24-04-2026,2194.76,86,0.00%
PB Fintech,MORGAN STANLEY ASIA SINGAPORE PTE,NSE,Block,Purchase,08-05-2026,1664,2140739,0.46%
Lenskart Solutions,MORGAN STANLEY ASIA SINGAPORE PTE,NSE,Block,Purchase,08-05-2026,473.4,1059140,0.06%
Jio Financial,MORGAN STANLEY ASIA SINGAPORE PTE,NSE,Block,Purchase,14-05-2026,231.45,2675853,0.04%
PB Fintech,SOCIETE GENERALE,NSE,Block,Purchase,29-05-2026,1751,434134,0.09%
One97 Communications,SOCIETE GENERALE,BSE,Block,Purchase,22-05-2026,1120.65,1886967,0.29%
Sammaan Capital,SOCIETE GENERALE,NSE,Bulk,Purchase,21-05-2026,154.17,6987634,0.60%
Sammaan Capital,SOCIETE GENERALE,NSE,Bulk,Sell,21-05-2026,153.41,125078,0.01%
PB Fintech,MORGAN STANLEY ASIA SINGAPORE PTE,NSE,Block,Purchase,29-05-2026,1751,222322,0.05%
Pine Labs,MORGAN STANLEY ASIA SINGAPORE PTE,NSE,Block,Purchase,22-05-2026,144,3333400,0.29%
JSW Cement,GOLDMAN SACHS FUNDS GOLDMAN SACHS INDIA EQUITY PORTFOLIO,BSE,Block,Purchase,22-05-2026,124,2225770,0.16%
JSW Cement,GOLDMAN SACHS ETF TRUST - GOLDMAN SACHS INDIA EQUITY ETF,BSE,Block,Purchase,22-05-2026,124,110841,0.01%
Anthem Biosciences,SOCIETE GENERALE,NSE,Block,Purchase,18-06-2026,744.8,335661,0.06%
Lenskart Solutions,SOCIETE GENERALE,NSE,Block,Purchase,11-06-2026,490,1020410,0.06%
Lenskart Solutions,SOCIETE GENERALE - ODI,NSE,Bulk,Purchase,03-06-2026,508.55,13734000,0.79%
Lenskart Solutions,SOCIETE GENERALE - ODI,NSE,Block,Purchase,03-06-2026,508.55,13734000,0.79%
Alkem Laboratories,SOCIETE GENERALE,NSE,Block,Purchase,02-06-2026,5200,48090,0.04%
Lenskart Solutions,FRANKLIN TEMPLETON MUTUAL FUND,NSE,Block,Purchase,11-06-2026,490,2244898,0.13%
Lenskart Solutions,MORGAN STANLEY ASIA SINGAPORE PTE,NSE,Block,Purchase,11-06-2026,490,510205,0.03%
Alkem Laboratories,MORGAN STANLEY ASIA SINGAPORE PTE,NSE,Block,Purchase,02-06-2026,5200,48090,0.04%
Capri Global Capital,MORGAN STANLEY ASIA SINGAPORE PTE,NSE,Bulk,Purchase,01-06-2026,192.5,5000000,0.52%
Capri Global Capital,MORGAN STANLEY ASIA SINGAPORE PTE,NSE,Block,Purchase,01-06-2026,192.5,5000000,0.52%
Lloyds Metals & Energy,MORGAN STANLEY ASIA (SINGAPORE) PTE.,BSE,Block,Sell,01-06-2026,1802.1,896293,0.16%
Niva Bupa Health Insurance,HSBC GLOBAL INVESTMENT FUNDS INDIAN EQUITY,BSE,Block,Purchase,15-06-2026,83,2135355,0.12%
CMR Green Technologies,GOLDMAN SACHS FUNDS - GOLDMAN SACHS INDIA EQUITY PORTFOLIO,NSE,Bulk,Purchase,10-06-2026,256.64,1941018,0.89%
Cera Sanitaryware,GOLDMAN SACHS FUNDS - GOLDMAN SACHS INDIA EQUITY PORTFOLIO,NSE,Bulk,Purchase,08-06-2026,5480,118478,0.92%
Craftsman Automation,FRANKLIN TEMPLETON MUTUAL FUND,NSE,Block,Purchase,23-06-2026,9250,29190,0.11%
Emcure Pharma,MORGAN STANLEY ASIA SINGAPORE PTE,NSE,Block,Purchase,25-06-2026,1817,137590,0.07%
Brand Concepts,SURYAVANSHI COMMOTRADE PVT LTD,NSE,Bulk,Purchase,23-03-2026,217,179838,1.44%
Brand Concepts,KACHOLIA ASHISH,NSE,Bulk,Sell,23-03-2026,217,179838,1.44%
Naman In-Store,SURYAVANSHI COMMOTRADE PVT LTD,NSE,Bulk,Purchase,20-03-2026,53.41,1078400,8.25%
Naman In-Store,KACHOLIA ASHISH,NSE,Bulk,Sell,20-03-2026,53.41,1078400,8.25%
Aelea Commodities,ASHISH RAMESH KACHOLIA,BSE,Bulk,Purchase,20-03-2026,120.5,773400,3.80%
Aelea Commodities,SURYAVANSHI COMMOTRADE PVT LTD,BSE,Bulk,Sell,20-03-2026,120.5,773400,3.80%
BEW Engineering,SURYAVANSHI COMMOTRADE PVT LTD,NSE,Bulk,Purchase,18-03-2026,84.66,633500,4.85%
BEW Engineering,KACHOLIA ASHISH,NSE,Bulk,Sell,18-03-2026,84.66,633500,4.85%
Cosmic CRF,SURYAVANSHI COMMOTRADE PVT LTD,BSE,Bulk,Purchase,18-03-2026,650.24,326800,3.56%
Cosmic CRF,ASHISH RAMESH KACHOLIA,BSE,Bulk,Sell,18-03-2026,650.24,326800,3.56%
TechEra Engineering,KACHOLIA ASHISH,NSE,Bulk,Purchase,09-10-2025,247.1,200000,1.21%
Universal Autofoundry,ASHISH RAMESHCHANDRA KACHOLIA,BSE,Bulk,Sell,27-12-2024,98.01,306385,2.46%
Sky Gold and Diamonds,ASHISH KACHOLIA,NSE,Bulk,Sell,23-09-2024,2602.93,76720,0.05%
Repro,ASHISH RAMESHCHANDRA KACHOLIA,BSE,Bulk,Sell,26-08-2024,625,100000,0.70%
Repro,ASHISH KACHOLIA,NSE,Bulk,Sell,26-08-2024,625,75000,0.52%
SG Mart,ASHISH RAMESHCHANDRA KACHOLIA,BSE,Bulk,Purchase,27-06-2024,440,910000,0.72%
Ador Welding,ASHISH RAMESHCHANDRA KACHOLIA,NSE,Bulk,Sell,11-06-2024,1255.01,388000,2.23%
Aimtron Electronics,ASHISH RAMESHCHANDRA KACHOLIA,NSE,Bulk,Purchase,06-06-2024,241,800000,3.84%
Megatherm Induction,ASHISH RAMESHCHANDRA KACHOLIA,NSE,Bulk,Purchase,08-02-2024,224.96,316800,1.68%
Venus Pipes & Tubes,KACHOLIA ASHISH,NSE,Bulk,Sell,30-01-2024,1511.68,103000,0.50%
Brand Concepts,ASHISH RAMESHCHANDRA KACHOLIA,NSE,Bulk,Purchase,01-12-2023,657.55,100000,0.80%
SJS Enterprises,ASHISH RAMESHCHANDRA KACHOLIA,NSE,Bulk,Sell,22-11-2023,627.77,347000,1.08%
SJS Enterprises,ASHISH KACHOLIA,NSE,Bulk,Sell,08-11-2023,653.22,160000,0.50%
Saakshi Medtech,ASHISH RAMESHCHANDRA KACHOLIA,NSE,Bulk,Purchase,09-10-2023,167.01,622800,3.53%
Delta Corp,ASHISH RAMESHCHANDRA KACHOLIA,NSE,Bulk,Sell,25-09-2023,144.65,1500000,0.56%
Universal Autofoundry,ASHISH RAMESHCHANDRA KACHOLIA,BSE,Bulk,Purchase,24-08-2023,161.59,1034353,8.32%
SJS Enterprises,ASHISH KACHOLIA,NSE,Bulk,Sell,18-08-2023,640.01,180489,0.56%
Dhabriya Polywood,ASHISH RAMESHCHANDRA KACHOLIA,BSE,Bulk,Purchase,14-08-2023,280.9,546178,5.05%
Vasa Denticity,ASHISH RAMESHCHANDRA KACHOLIA,NSE,Bulk,Purchase,30-06-2023,302.59,439000,2.64%
D-Link,ASHISH KACHOLIA,NSE,Bulk,Sell,14-06-2023,227.91,369889,1.04%
United Drilling,ASHISH KACHOLIA,NSE,Bulk,Sell,08-06-2023,190.49,158390,0.78%
D-Link,ASHISH KACHOLIA,NSE,Bulk,Sell,07-06-2023,228.5,194662,0.55%
BEW Engineering,SURYAVANSHI COMMOTRADE PVT LTD,NSE,Bulk,Purchase,24-05-2023,995.31,104750,0.80%
Venus Pipes & Tubes,ASHISH RAMESHCHANDRA KACHOLIA,BSE,Bulk,Purchase,11-04-2023,750,400000,1.93%
Systango Tech,SURYAVANSHI COMMOTRADE PVT LTD,NSE,Bulk,Purchase,20-03-2023,112.5,163200,1.11%
S P Apparels,ASHISH RAMESH KACHOLIA,NSE,Bulk,Sell,27-12-2022,307.1,164427,0.65%
D-Link,ASHISH KACHOLIA,NSE,Bulk,Sell,21-12-2022,242.56,213000,0.60%
Aditya Vision,ASHISH RAMESHCHANDRA KACHOLIA,BSE,Bulk,Purchase,09-12-2022,1465.9,100000,0.08%
Likhitha Infra,ASHISH  KACHOLIA,NSE,Bulk,Purchase,30-11-2022,386,397000,1.01%
Raghav Productivity Enhancers,ASHISH RAMESHCHANDRA KACHOLIA,BSE,Bulk,Purchase,04-11-2022,842,231683,0.50%
Agarwal Industrial,ASHISH RAMESHCHANDRA KACHOLIA,BSE,Bulk,Purchase,28-09-2022,569.89,200000,1.34%
Best Agrolife,ASHISH RAMESHCHANDRA KACHOLIA,NSE,Bulk,Purchase,30-08-2022,940.88,318000,0.09%
Kwality Pharma,SURYAVANSHI COMMOTRADE PVT. LTD.,BSE,Bulk,Sell,30-08-2022,324.63,74661,0.72%
Agarwal Industrial,ASHISH RAMESHCHANDRA KACHOLIA,NSE,Bulk,Purchase,01-08-2022,505,372128,2.49%
Mastek,ASHISH  KACHOLIA,NSE,Bulk,Sell,01-08-2022,2110,550000,1.77%
United Foodbrands,ASHISH RAMESH KACHOLIA,NSE,Bulk,Purchase,21-04-2022,1163,253004,0.65%
United Foodbrands,ASHISH RAMESH KACHOLIA,NSE,Block,Purchase,21-04-2022,1163,253004,0.65%
Health X Platform,ASHISH  KACHOLIA,NSE,Bulk,Purchase,27-12-2021,447,225000,0.71%
Health X Platform,ASHISH  KACHOLIA,NSE,Block,Purchase,27-12-2021,447,225000,0.71%
United Drilling,KACHOLIA ASHISH,NSE,Bulk,Purchase,14-10-2021,357.5,400000,1.97%
United Drilling,KACHOLIA ASHISH,NSE,Block,Purchase,14-10-2021,357.5,400000,1.97%
Faze Three,ASHISH RAMESHCHANDRA KACHOLIA,BSE,Bulk,Purchase,29-09-2021,288.8,450000,1.85%
Faze Three,ASHISH RAMESHCHANDRA KACHOLIA,BSE,Bulk,Purchase,03-09-2021,205.2,675688,2.78%
Garware Hi-Tech,ASHISH RAMESHCHANDRA KACHOLIA,BSE,Bulk,Purchase,29-07-2021,1005,141871,0.61%
Apollo Pipes,ASHISH RAMESHCHANDRA KACHOLIA,NSE,Bulk,Sell,23-07-2021,1001.89,273723,0.62%
Krishna Institute,ASHISH KACHOLIA,NSE,Bulk,Sell,28-06-2021,959.59,423005,0.10%
Paushak,ASHISH RAMESH KACHOLIA,BSE,Bulk,Sell,02-06-2021,7402.4,17461,0.07%
Garware Hi-Tech,ASHISH RAMESHCHANDRA KACHOLIA,BSE,Bulk,Purchase,20-05-2021,755,128000,0.55%
Garware Hi-Tech,ASHISH RAMESHCHANDRA KACHOLIA,BSE,Bulk,Purchase,12-02-2021,669.82,148000,0.64%
ADF Foods,ASHISH RAMCHANDRA KACHOLIA,NSE,Bulk,Purchase,14-09-2020,377.99,148871,0.14%
Religare Enterprises,ASHISH KACHOLIA,NSE,Bulk,Purchase,13-01-2020,44,4000000,1.17%
Safari Industries,ASHISH  KACHOLIA,BSE,Bulk,Purchase,22-11-2019,550,218000,0.45%
VIP Clothing,SURYAVANSHI COMMOTRADE PVT LTD,NSE,Bulk,Sell,08-11-2019,7.34,502473,0.56%
GTPL Hathway,KACHOLIA ASHISH,NSE,Bulk,Sell,23-10-2019,72,1082669,0.96%
GTPL Hathway,ASHISH  KACHOLIA,BSE,Bulk,Sell,23-10-2019,72,1082000,0.96%
Apollo Pipes,ASHISH RAMESHCHANDRA KACHOLIA,BSE,Bulk,Purchase,22-10-2019,375.01,100000,0.23%
Apollo Pipes,ASHISH RAMESHCHANDRA KACHOLIA,BSE,Bulk,Purchase,23-09-2019,375,233513,0.53%
Pokarna,KACHOLIA ASHISH,NSE,Bulk,Sell,01-04-2019,178,940000,3.03%
Pokarna,ASHISH RAMESHCHANDRA KACHOLIA,BSE,Bulk,Sell,01-04-2019,180.01,522929,1.69%
Marshall Machines,KACHOLIA ASHISH,NSE,Bulk,Purchase,19-09-2018,43.15,99000,0.40%
Hikal,KACHOLIA ASHISH,NSE,Bulk,Purchase,03-09-2018,166.5,2000000,1.62%
Vadilal Industries,ASHISH RAMESHCHANDRA KACHOLIA,NSE,Bulk,Sell,21-08-2018,548.35,142527,1.98%
Vadilal Industries,ASHISH RAMCHANDRA KACHOLIA,NSE,Bulk,Sell,20-08-2018,612.18,306045,4.26%
Vadilal Industries,ASHISH RAMCHANDRA KACHOLIA,BSE,Bulk,Sell,20-08-2018,604.05,56260,0.78%
Pokarna,ASHISH RAMESHCHANDRA KACHOLIA,NSE,Bulk,Sell,15-06-2018,177.76,200000,0.65%
Pokarna,ASHISH RAMESHCHANDRA KACHOLIA,BSE,Bulk,Sell,15-06-2018,177.95,160000,0.52%
Minda Corporation,ASHISH  KACHOLIA,BSE,Bulk,Purchase,23-04-2018,182,1080000,0.45%
Carysil,ASHISH  KACHOLIA,BSE,Bulk,Purchase,26-03-2018,486,221240,0.78%
Butterfly Gandhimathi,SUSHMITA ASHISH KACHOLIA  .,BSE,Bulk,Purchase,23-03-2018,472.65,460000,2.57%
Butterfly Gandhimathi,ASHISH  KACHOLIA,BSE,Bulk,Sell,23-03-2018,472.65,460000,2.57%
Shaily Engineering,ASHISH RAMESHCHANDRA KACHOLIA,BSE,Bulk,Purchase,05-02-2018,963.51,295000,0.64%
Butterfly Gandhimathi,KACHOLIA ASHISH,NSE,Bulk,Purchase,12-01-2018,580,152404,0.85%
Navkar Corporation,ASHISH RAMESHCHANDRA KACHOLIA,NSE,Bulk,Purchase,03-01-2018,187,1000000,0.66%
Ashiana Housing,ASHISH RAMCHANDRA KACHOLIA,NSE,Bulk,Sell,20-12-2017,167,910344,0.91%
Lokesh Machines,ASHISH RAMCHANDRA KACHOLIA,BSE,Bulk,Sell,20-12-2017,73.8,150449,0.71%
Butterfly Gandhimathi,KACHOLIA ASHISH,NSE,Bulk,Purchase,19-12-2017,525,200000,1.12%
Lumax Industries,ASHISH RAMCHANDRA KACHOLIA,BSE,Bulk,Purchase,10-10-2017,1395.36,62837,0.67%
Royal Orchid Hotels,ASHISH RAMCHANDRA KACHOLIA,BSE,Bulk,Sell,19-09-2017,125.16,837168,3.05%
Birlasoft,ASHISH RAMCHANDRA KACHOLIA,NSE,Bulk,Purchase,26-07-2017,120.23,2900000,1.04%
Vadilal Industries,ASHISH KACHOLIA,NSE,Bulk,Purchase,31-05-2017,790.39,38750,0.54%
Time Technoplast,KACHOLIA ASHISH,NSE,Bulk,Purchase,03-05-2017,115,2500000,0.51%
Lokesh Machines,SURYAVANSHI COMMOTRADE PVT LTD,NSE,Bulk,Purchase,29-03-2017,82.45,450000,2.11%
Lokesh Machines,KACHOLIA ASHISH,NSE,Bulk,Sell,29-03-2017,82.24,1600000,7.51%
Shaily Engineering,ASHISH RAMESHCHANDRA KACHOLIA,BSE,Bulk,Sell,29-03-2017,494,600000,1.31%
Carysil,ASHISH RAMESHCHANDRA KACHOLIA,BSE,Bulk,Sell,29-03-2017,516,221240,0.78%
Shaily Engineering,SURYAVANSHI COMMOTRADE PVT LTD,BSE,Bulk,Purchase,28-03-2017,502.5,360000,0.78%
Shaily Engineering,ASHISH RAMCHANDRA KACHOLIA,BSE,Bulk,Sell,28-03-2017,502.5,360000,0.78%
Aptech,ASHISH RAMCHANDRA KACHOLIA,NSE,Bulk,Purchase,09-02-2017,225.58,683307,1.18%
Aptech,ASHISH RAMCHANDRA KACHOLIA,BSE,Bulk,Purchase,09-02-2017,223.64,219872,0.38%
AYM Syntex,KACHOLIA ASHISH,NSE,Bulk,Sell,18-01-2017,81.93,369761,0.63%
Vivimed Labs,KACHOLIA ASHISH,NSE,Bulk,Purchase,27-09-2016,90.5,1373713,1.66%
Sunil Hitech ,SURYAVANSHI COMMOTRADE PVT LTD,NSE,Bulk,Sell,05-07-2016,184.7,162785,0.04%
GHCL,KACHOLIA ASHISH,NSE,Bulk,Purchase,24-05-2016,164.5,1480100,1.61%
Royal Orchid Hotels,ASHISH RAMCHANDRA KACHOLIA,NSE,Bulk,Purchase,05-01-2016,98.74,375727,1.37%
Royal Orchid Hotels,ASHISH RAMCHANDRA KACHOLIA,BSE,Bulk,Purchase,05-01-2016,98.37,154160,0.56%
Royal Orchid Hotels,ASHISH RAMCHANDRA KACHOLIA,NSE,Bulk,Purchase,04-01-2016,87.82,278178,1.01%
MT Educare,ASHISH RAMCHANDRA KACHOLIA,NSE,Bulk,Purchase,18-12-2015,166.99,258043,0.36%
AYM Syntex,ASHISH RAMESHCHANDRA KACHOLIA,BSE,Bulk,Purchase,03-08-2015,130.44,289007,0.49%
AYM Syntex,ASHISH RAMESHCHANDRA KACHOLIA,BSE,Bulk,Purchase,31-07-2015,124.32,615143,1.05%
AYM Syntex,ASHISH RAMESHCHANDRA KACHOLIA,BSE,Bulk,Purchase,30-07-2015,118.08,295850,0.50%
Sunil Hitech ,SURYAVANSHI COMMOTRADE PVT LTD,NSE,Bulk,Purchase,27-07-2015,326.66,110000,0.02%
Sunil Hitech ,SURYAVANSHI COMMOTRADE PVT LTD,NSE,Bulk,Purchase,24-07-2015,316.4,189527,0.04%
Man Industries,KACHOLIA ASHISH,NSE,Bulk,Purchase,08-07-2015,110.76,500000,0.67%
Pokarna,ASHISH RAMESH KACHOLIA,BSE,Bulk,Purchase,27-04-2015,700,40000,0.13%
AXISCADES Tech,ASHISH RAMESHCHANDRA KACHOLIA,BSE,Bulk,Purchase,25-03-2015,225,375000,0.88%
Kewal Kiran Clothing,ASHISH  KACHOLIA,NSE,Bulk,Sell,11-12-2014,1900.19,61980,0.10%
Pokarna,ASHISH RAMESHCHANDRA KACHOLIA,BSE,Bulk,Purchase,19-11-2014,552.7,50000,0.16%
Pokarna,ASHISH RAMESHCHANDRA KACHOLIA,BSE,Bulk,Purchase,18-11-2014,526.4,113592,0.37%
Zen Technologies,ASHISH RAMESHCHANDRA KACHOLIA,BSE,Bulk,Purchase,11-11-2014,413.17,88636,0.10%
Dynamatic Tech,KACHOLIA ASHISH,NSE,Bulk,Purchase,07-07-2014,1540,96446,1.42%
Allcargo Gati,ASHISH  KACHOLIA,NSE,Bulk,Purchase,24-01-2014,67.6,750000,0.51%
Allcargo Gati,ASHISH  KACHOLIA,NSE,Bulk,Purchase,23-01-2014,64.4,500000,0.34%
MT Educare,ASHISH KACHOLIA,NSE,Bulk,Purchase,16-04-2012,99.46,300000,0.42%
Kaveri Seed Company,ASHISH KACHOLIA,NSE,Bulk,Purchase,13-09-2011,470,100000,0.19%
Siyaram Silk Mills,ASHISH KACHOLIA,NSE,Bulk,Sell,12-08-2011,352,136701,0.30%
Cyient,AMANSA HOLDINGS PRIVATE LIMITED,BSE,Bulk,Sell,07-11-2025,1101.23,944693,0.85%
Aditya Birla Lifestyle Brands,AMANSA HOLDINGS PRIVATE LIMITED,NSE,Bulk,Purchase,06-10-2025,136.45,7027712,0.58%
Aditya Birla Lifestyle Brands,AMANSA HOLDINGS PRIVATE LIMITED,NSE,Block,Purchase,06-10-2025,136.45,7027712,0.58%
Aether Industries,AMANSA HOLDINGS PRIVATE LIMITED,NSE,Bulk,Purchase,29-09-2025,735,1282613,0.97%
GMM Pfaudler,AMANSA HOLDINGS PRIVATE LIMITED,NSE,Bulk,Purchase,25-11-2024,1200,1394755,3.10%
Aavas Financiers,AMANSA HOLDINGS PRIVATE LIMITED,BSE,Bulk,Sell,27-08-2024,1690,1750929,2.21%
Saregama,AMANSA HOLDINGS PRIVATE LIMITED,BSE,Bulk,Purchase,12-08-2024,480,1515251,0.79%
CSB Bank,AMANSA HOLDINGS PRIVATE LIMITED,NSE,Bulk,Purchase,27-06-2024,352.75,8277500,4.77%
CSB Bank,AMANSA HOLDINGS PRIVATE LIMITED,NSE,Block,Purchase,27-06-2024,352.75,8277500,4.77%
Aavas Financiers,AMANSA HOLDINGS PRIVATE LIMITED,NSE,Bulk,Purchase,05-03-2024,1370,2359350,2.98%
Cohance Lifesciences,AMANSA HOLDINGS PRIVATE LIMITED,NSE,Bulk,Sell,01-03-2024,689.19,3126653,0.82%
V-Mart Retail,AMANSA HOLDINGS PRIVATE LIMITED,NSE,Bulk,Purchase,14-06-2023,1990,337820,0.42%
V-Mart Retail,AMANSA HOLDINGS PRIVATE LIMITED,NSE,Bulk,Purchase,17-01-2023,2800,165172,0.21%
V-Mart Retail,AMANSA HOLDINGS PRIVATE LIMITED,BSE,Bulk,Purchase,17-01-2023,2800,162282,0.20%
Krishna Institute,AMANSA HOLDINGS PRIVATE LIMITED,BSE,Bulk,Purchase,02-12-2022,1480,1395745,0.33%
V-Mart Retail,AMANSA HOLDINGS PRIVATE LIMITED,BSE,Bulk,Purchase,19-09-2022,2914.99,288299,0.36%
Zensar Technologies,AMANSA HOLDINGS PRIVATE LIMITED,BSE,Bulk,Sell,10-08-2022,223,7178295,3.15%
Shankara Building,AMANSA HOLDINGS PRIVATE LIMITED,NSE,Bulk,Sell,07-02-2022,550.31,751412,3.10%
Shankara Building,AMANSA HOLDINGS PRIVATE LIMITED,BSE,Bulk,Sell,07-02-2022,550.34,633253,2.61%
Gateway Distriparks,AMANSA HOLDINGS PRIVATE LIMITED,BSE,Bulk,Sell,27-10-2021,262.52,4123250,3.30%
Cyient,AMANSA HOLDINGS PRIVATE LIMITED,NSE,Bulk,Sell,25-03-2021,654,656968,0.59%
Zensar Technologies,AMANSA HOLDINGS PRIVATE LIMITED,NSE,Bulk,Sell,24-03-2021,292,1678568,0.74%
360 One Wam,AMANSA HOLDINGS PRIVATE LIMITED,BSE,Bulk,Sell,13-01-2021,1050,997094,0.25%
Aurum Proptech,AMANSA HOLDINGS PRIVATE LIMITED,NSE,Bulk,Purchase,05-05-2020,245.5,810394,1.06%
Cyient,AMANSA HOLDINGS PRIVATE LIMITED,NSE,Bulk,Purchase,29-04-2020,205,2111780,1.90%
Indian Energy Exchange,AMANSA HOLDINGS PRIVATE LIMITED,BSE,Bulk,Purchase,13-09-2019,115.18,10941482,1.23%
Sudarshan Chemical,AMANSA HOLDINGS PRIVATE LIMITED,BSE,Bulk,Purchase,13-08-2019,325,625391,0.79%
Intellect Design Arena,AMANSA HOLDINGS PRIVATE LIMITED,BSE,Bulk,Purchase,18-07-2019,267,960400,0.69%
Intellect Design Arena,AMANSA HOLDINGS PRIVATE LIMITED,NSE,Bulk,Purchase,18-07-2019,267,953000,0.68%
Sudarshan Chemical,AMANSA HOLDINGS PRIVATE LIMITED,NSE,Bulk,Purchase,17-07-2019,315,963008,1.21%
Laurus Labs,AMANSA HOLDINGS PRIVATE LIMITED,BSE,Bulk,Purchase,14-03-2019,351,3300000,0.61%
Laurus Labs,AMANSA HOLDINGS PRIVATE LIMITED,NSE,Bulk,Purchase,08-03-2019,350,1209249,0.22%
Laurus Labs,AMANSA HOLDINGS PRIVATE LIMITED,BSE,Bulk,Purchase,08-03-2019,350,1018308,0.19%
Ramkrishna Forgings,AMANSA HOLDINGS PRIVATE LIMITED,NSE,Bulk,Sell,30-11-2018,515.24,1600000,0.88%
Ramkrishna Forgings,AMANSA HOLDINGS PRIVATE LIMITED,BSE,Bulk,Sell,30-11-2018,515.11,296600,0.16%
Shankara Building,AMANSA HOLDINGS PRIVATE LIMITED,BSE,Bulk,Purchase,28-11-2018,679.98,168448,0.69%
Shankara Building,AMANSA HOLDINGS PRIVATE LIMITED,NSE,Bulk,Purchase,28-11-2018,676.24,123628,0.51%
Poonawalla Fincorp,AMANSA HOLDINGS PRIVATE LIMITED,NSE,Bulk,Purchase,10-05-2018,166,3275860,0.37%
Shankara Building,AMANSA HOLDINGS PRIVATE LIMITED,NSE,Bulk,Purchase,12-03-2018,1755,215000,0.89%
Shankara Building,AMANSA HOLDINGS PRIVATE LIMITED,BSE,Bulk,Purchase,12-03-2018,1755,147216,0.61%
Cyient,AMANSA HOLDINGS PRIVATE LIMITED,NSE,Bulk,Purchase,27-09-2017,475,3079937,2.77%
Tejas Networks,AMANSA HOLDINGS PRIVATE LIMITED,NSE,Bulk,Purchase,27-06-2017,260.56,1350000,0.76%
Gateway Distriparks,AMANSA HOLDINGS PRIVATE LIMITED,BSE,Bulk,Purchase,22-05-2017,234.84,1591000,1.27%
Gateway Distriparks,AMANSA HOLDINGS PRIVATE LIMITED,NSE,Bulk,Purchase,22-05-2017,237,838130,0.67%
DB Corp,AMANSA HOLDINGS PRIVATE LIMITED,BSE,Bulk,Sell,05-05-2017,350.07,3772562,2.12%
Fortis Healthcare,AMANSA HOLDINGS PRIVATE LIMITED,BSE,Bulk,Purchase,23-03-2017,175.07,2860200,0.38%
Fortis Healthcare,AMANSA HOLDINGS PRIVATE LIMITED,BSE,Bulk,Purchase,08-03-2017,178.5,2597604,0.34%
Mahindra Lifespace,AMANSA HOLDINGS PRIVATE LIMITED,NSE,Bulk,Sell,08-03-2017,350.4,630000,0.30%
Mahindra Lifespace,AMANSA HOLDINGS PRIVATE LIMITED,BSE,Bulk,Sell,08-03-2017,350.02,370000,0.17%
Cholamandalam,AMANSA HOLDINGS PRIVATE LIMITED,NSE,Bulk,Sell,27-02-2017,970.21,4000000,0.47%
Thermax,AMANSA HOLDINGS PRIVATE LIMITED,NSE,Bulk,Sell,25-01-2017,810,1260777,1.06%
Entertainment Network,AMANSA HOLDINGS PRIVATE LIMITED,NSE,Bulk,Purchase,10-11-2016,730,314544,0.66%
Entertainment Network,AMANSA HOLDINGS PRIVATE LIMITED,BSE,Bulk,Purchase,10-11-2016,730,258465,0.54%
Ceat,AMANSA HOLDINGS PRIVATE LIMITED,NSE,Bulk,Purchase,23-09-2016,1171,237500,0.59%
Ceat,AMANSA HOLDINGS,BSE,Bulk,Purchase,23-09-2016,1171,237500,0.59%
Eveready Industries,AMANSA HOLDINGS PRIVATE LTD,NSE,Bulk,Purchase,27-04-2016,250,500000,0.69%
Kirloskar Brothers,AMANSA HOLDINGS PRIVATE LIMITED,NSE,Bulk,Sell,07-04-2016,122.59,605000,0.76%
Kirloskar Brothers,AMANSA HOLDINGS PRIVATE LIMITED,NSE,Bulk,Sell,05-04-2016,115.41,500000,0.63%
Sadbhav Infra,AMANSA HOLDINGS PRIVATE LIMITED,NSE,Bulk,Purchase,31-03-2016,102.98,2087580,0.59%
Kirloskar Brothers,AMANSA HOLDINGS PRIVATE LIMITED,BSE,Bulk,Sell,15-02-2016,115,1500000,1.89%
Just Dial,AMANSA HOLDINGS PRIVATE LIMITED,NSE,Bulk,Purchase,11-12-2015,899.99,1056545,1.24%
Rallis,AMANSA HOLDINGS PRIVATE LTD,BSE,Bulk,Sell,08-12-2015,170.04,4292850,2.21%
Eveready Industries,AMANSA HOLDINGS PRIVATE LTD,BSE,Bulk,Purchase,06-11-2015,265,548000,0.75%
Eveready Industries,AMANSA HOLDINGS PRIVATE LIMITED,NSE,Bulk,Purchase,06-11-2015,264.98,452000,0.62%
Gateway Distriparks,AMANSA HOLDINGS PRIVATE LIMITED,BSE,Bulk,Purchase,14-10-2015,333,567660,0.45%
City Union Bank,AMANSA HOLDINGS PRIVATE LIMITED,NSE,Bulk,Sell,27-03-2015,99.99,10461056,1.06%
Coromandel,AMANSA HOLDINGS PRIVATE LIMITED,NSE,Bulk,Sell,27-01-2015,282.17,1826954,0.62%
Coromandel,AMANSA HOLDINGS PRIVATE LIMITED,BSE,Bulk,Sell,27-01-2015,280.08,1602489,0.54%
Gateway Distriparks,AMANSA HOLDINGS PRIVATE LIMITED,BSE,Bulk,Purchase,17-12-2014,334.96,3400000,2.72%
Carborundum Universal,AMANSA HOLDINGS PRIVATE LIMITED,NSE,Bulk,Sell,02-09-2014,188,1650000,0.87%
Carborundum Universal,AMANSA HOLDINGS PRIVATE LIMITED,NSE,Bulk,Sell,22-08-2014,200,1485019,0.78%
Bharat Financial,AMANSA HOLDINGS PRIVATE LIMITED,NSE,Bulk,Purchase,19-06-2014,270,1000000,0.71%
HT Media,AMANSA HOLDINGS PRIVATE LTD,NSE,Bulk,Sell,28-02-2014,71.26,1800000,0.77%
Greaves Cotton,AMANSA HOLDINGS PRIVATE LIMITED,NSE,Bulk,Sell,19-02-2014,59.58,1332037,0.57%
Greaves Cotton,AMANSA HOLDINGS PRIVATE LIMITED,NSE,Bulk,Sell,13-02-2014,58.04,4697822,2.02%
Greaves Cotton,AMANSA HOLDINGS PRIVATE LIMITED,BSE,Bulk,Sell,13-02-2014,58.02,2987238,1.28%
Kirloskar Oil Engines,AMANSA HOLDINGS PRIVATE LIMITED,BSE,Bulk,Sell,21-11-2013,163.5,2339995,1.61%
Kirloskar Oil Engines,AMANSA HOLDINGS PRIVATE LIMITED,NSE,Bulk,Sell,21-11-2013,163.5,1358635,0.93%
HT Media,AMANSA CAPITAL PTE. LTD A/C AMANSA HOLDINGS PRIVATE LTD,NSE,Bulk,Purchase,01-10-2013,75,1394591,0.60%
Kirloskar Brothers,AMANSA HOLDINGS PRIVATE LIMITED,NSE,Bulk,Purchase,06-08-2013,154.95,769417,0.97%
DB Corp,AMANSA HOLDINGS PRIVATE LIMITED,NSE,Bulk,Purchase,31-07-2013,248,1196000,0.67%
Kirloskar Brothers,AMANSA HOLDINGS PRIVATE LIMITED,NSE,Bulk,Purchase,31-07-2013,162,645000,0.81%
Elgi Equipments,AMANSA HOLDINGS PRIVATE LIMITED,NSE,Bulk,Sell,16-07-2013,90,1600000,0.50%
Mahindra Resorts,AMANSA HOLDINGS PRIVATE LIMITED,NSE,Bulk,Sell,08-03-2013,273,936618,0.46%
Mahindra Lifespace,AMANSA HOLDINGS PRIVATE  LTD,NSE,Bulk,Purchase,20-12-2012,414.88,2434599,1.14%
Biocon,SOCIETE GENERALE,BSE,Block,Purchase,14-07-2026,400,1625000,0.10%
Biocon,FRANKLIN TEMPLETON MUTUAL FUND,BSE,Block,Purchase,14-07-2026,400,937500,0.06%
Biocon,FRANKLIN TEMPLETON MUTUAL FUND,NSE,Block,Purchase,14-07-2026,400,937500,0.06%
Laser Power and Infra,BOFA SECURITIES EUROPE SA,NSE,Bulk,Purchase,16-07-2026,262.63,900000,0.64%
Kalyan Jewellers,BOFA SECURITIES EUROPE SA,NSE,Bulk,Purchase,10-07-2026,470.95,8283121,0.80%
Kalyan Jewellers,BOFA SECURITIES EUROPE SA,NSE,Bulk,Sell,10-07-2026,455.56,101077,0.01%
Knack Packaging,BOFA SECURITIES EUROPE SA,NSE,Bulk,Purchase,08-07-2026,185.93,717703,0.59%
IndiaMART InterMESH,NALANDA INDIA EQUITY FUND LIMITED,BSE,Bulk,Purchase,14-01-2026,2110,1118734,1.86%
Vaibhav Global,NALANDA INDIA FUND LIMITED,NSE,Bulk,Sell,19-12-2024,303.13,2700000,1.61%
Ratnamani Metals & Tubes,NALANDA INDIA FUND LIMITED,NSE,Bulk,Sell,04-12-2024,3335,785000,1.12%
Ratnamani Metals & Tubes,NALANDA INDIA FUND LIMITED,NSE,Block,Sell,04-12-2024,3335,785000,1.12%
Thermax,NALANDA INDIA EQUITY FUND LIMITED,BSE,Bulk,Sell,07-06-2024,5100.26,1500000,1.26%
Great Eastern,NALANDA INDIA FUND LIMITED,BSE,Bulk,Sell,29-05-2024,1045.14,2000000,1.40%
Great Eastern,NALANDA INDIA EQUITY FUND LIMITED,BSE,Bulk,Sell,13-05-2024,950.25,2000000,1.40%
TCNS Clothing Co.,NALANDA INDIA EQUITY FUND LIMITED,BSE,Bulk,Sell,04-09-2023,370.03,889635,1.41%
TCNS Clothing Co.,NALANDA INDIA EQUITY FUND LIMITED,NSE,Bulk,Sell,04-09-2023,370.19,509707,0.81%
Voltamp Transformers,NALANDA INDIA FUND LIMITED,NSE,Bulk,Sell,23-11-2022,2651.56,420000,4.15%
Advanced Enzyme,NALANDA INDIA EQUITY FUND LIMITED,NSE,Bulk,Purchase,19-09-2022,270.03,2911630,2.60%
Jyothy Labs,NALANDA INDIA EQUITY FUND LIMITED,BSE,Bulk,Purchase,23-05-2022,154.98,6200000,1.69%
Advanced Enzyme,NALANDA INDIA EQUITY FUND LIMITED,BSE,Bulk,Purchase,25-02-2022,289.61,708000,0.63%
Advanced Enzyme,NALANDA INDIA EQUITY FUND LIMITED,NSE,Bulk,Purchase,25-02-2022,289.86,565000,0.50%
Kirloskar Oil Engines,NALANDA INDIA EQUITY FUND LTD,NSE,Bulk,Sell,03-12-2021,184.88,2021814,1.39%
Kirloskar Oil Engines,NALANDA INDIA FUND LTD,NSE,Bulk,Sell,02-12-2021,180.92,2971430,2.04%
Kirloskar Oil Engines,NALANDA INDIA EQUITY FUND LTD,NSE,Bulk,Sell,02-12-2021,180.92,2228570,1.53%
Kewal Kiran Clothing,NALANDA INDIA FUND LIMITED,NSE,Bulk,Sell,11-10-2021,1052.19,700000,1.14%
Just Dial,NALANDA INDIA EQUITY FUND LIMITED,NSE,Bulk,Sell,01-10-2021,990.01,597482,0.70%
Just Dial,NALANDA INDIA EQUITY FUND LIMITED,NSE,Bulk,Sell,30-09-2021,991.44,517765,0.61%
Just Dial,NALANDA INDIA EQUITY FUND LIMITED,NSE,Bulk,Sell,29-09-2021,990.01,1018295,1.20%
Thyrocare Tech,NALANDA INDIA EQUITY FUND LIMITED,NSE,Bulk,Sell,28-06-2021,1314.63,3709394,2.33%
TCNS Clothing Co.,NALANDA INDIA EQUITY FUND LIMITED,NSE,Bulk,Purchase,17-02-2021,412.31,4320661,6.82%
Kirloskar Oil Engines,NALANDA INDIA FUND LIMITED,NSE,Bulk,Sell,20-01-2021,125,6000000,4.12%
Advanced Enzyme,NALANDA INDIA EQUITY FUND LIMITED,NSE,Bulk,Purchase,24-09-2020,263.8,4190491,3.74%
Thyrocare Tech,NALANDA INDIA EQUITY FUND LIMITED,NSE,Bulk,Purchase,25-03-2020,499.97,1770000,1.11%
Thyrocare Tech,NALANDA INDIA EQUITY FUND LIMITED,NSE,Bulk,Purchase,24-03-2020,498.4,1096371,0.69%
Thermax,NALANDA INDIA FUND LIMITED,NSE,Bulk,Purchase,20-03-2020,689.84,1128611,0.95%
Thermax,NALANDA INDIA EQUITY FUND LIMITED,BSE,Bulk,Purchase,20-03-2020,687.99,943506,0.79%
Cera Sanitaryware,NALANDA INDIA EQUITY FUND LIMITED,NSE,Bulk,Purchase,18-03-2020,2308.47,185500,1.44%
Cera Sanitaryware,NALANDA INDIA EQUITY FUND LIMITED,NSE,Bulk,Purchase,12-03-2020,2349.92,71685,0.56%
Cera Sanitaryware,NALANDA INDIA EQUITY FUND LIMITED,NSE,Bulk,Purchase,03-03-2020,2498.79,206400,1.60%
Cera Sanitaryware,NALANDA INDIA EQUITY FUND LIMITED,BSE,Bulk,Purchase,03-03-2020,2499.9,106800,0.83%
Matrimony.com,NALANDA INDIA EQUITY FUND LIMITED,NSE,Bulk,Purchase,11-03-2019,509.87,2110856,10.20%
Voltamp Transformers,NALANDA INDIA FUND LIMITED,NSE,Bulk,Sell,04-02-2019,1002.45,140000,1.38%
Voltamp Transformers,NALANDA INDIA FUND LIMITED,NSE,Block,Sell,04-02-2019,1002.45,105000,1.04%
Ratnamani Metals & Tubes,NALANDA INDIA FUND LIMITED,BSE,Bulk,Sell,23-01-2019,781.65,750000,1.07%
Kewal Kiran Clothing,NALANDA INDIA FUND LIMITED,BSE,Bulk,Sell,22-01-2019,1100.02,300000,0.49%
Page Industries,NALANDA INDIA FUND LIMITED,BSE,Bulk,Sell,22-01-2019,22161.05,185000,1.66%
Supreme Industries,NALANDA INDIA FUND LIMITED,BSE,Bulk,Sell,09-01-2019,1034,1200000,0.94%
Triveni Turbine,NALANDA INDIA FUND LIMITED,BSE,Bulk,Sell,02-01-2019,103,5150000,1.62%
Exide Industries,NALANDA INDIA EQUITY FUND LIMITED,NSE,Bulk,Sell,09-08-2016,169.39,27442513,3.23%
Exide Industries,NALANDA INDIA FUND LIMITED,NSE,Bulk,Sell,09-08-2016,169.39,14332097,1.69%
Carborundum Universal,NALANDA INDIA FUND LIMITED,BSE,Bulk,Sell,13-07-2016,230.14,14953362,7.85%
Carborundum Universal,NALANDA INDIA EQUITY FUND LTD,BSE,Bulk,Sell,13-07-2016,230.14,4018619,2.11%
Lovable Lingerie,NALANDA INDIA EQUITY FUND LIMITED,BSE,Bulk,Sell,23-11-2015,205.28,800000,5.41%
Lovable Lingerie,NALANDA INDIA EQUITY FUND LIMITED,NSE,Bulk,Sell,20-11-2015,233.6,150161,1.01%
Triveni Engineering,NALANDA INDIA FUND LTD,NSE,Bulk,Sell,17-11-2015,34.7,2400000,1.09%
Triveni Engineering,A/C NALANDA INDIA FUND LIMITED,NSE,Bulk,Sell,16-11-2015,30.33,10100000,4.58%
Triveni Engineering,NALANDA INDIA FUND LIMITED,BSE,Bulk,Sell,16-11-2015,30.33,2900000,1.32%
Elgi Equipments,NALANDA INDIA EQUITY FUND LIMITED,BSE,Bulk,Purchase,08-10-2015,121.5,1805588,0.57%
Elgi Equipments,A/C NALANDA INDIA EQUITY FUND LIMITED,NSE,Bulk,Purchase,08-10-2015,121.5,1650000,0.52%
TTK Prestige,NALANDA INDIA EQUITY FUND LIMITED,BSE,Bulk,Purchase,02-03-2015,3025,159661,0.12%
TTK Prestige,NALANDA INDIA EQUITY FUND LIMITED,BSE,Bulk,Purchase,18-03-2014,2700,173450,0.13%
Lovable Lingerie,NALANDA INDIA EQUITY FUND LIMITED,NSE,Bulk,Purchase,15-01-2014,299.91,178882,1.21%
Lovable Lingerie,NALANDA INDIA EQUITY FUND LIMITED,BSE,Bulk,Purchase,15-01-2014,299.98,137654,0.93%
Kirloskar Oil Engines,NALANDA INDIA EQUITY FUND LIMITED,BSE,Bulk,Purchase,21-11-2013,163.35,892076,0.61%
Info Edge,NALANDA INDIA EQUITY FUND LIMITED,BSE,Bulk,Purchase,27-08-2013,300,902000,0.14%
Info Edge,NALANDA INDIA EQUITY FUND LIMITED,NSE,Bulk,Purchase,27-08-2013,299.99,804000,0.12%
Triveni Turbine,NALANDA INDIA EQUITY FUND LIMITED,NSE,Bulk,Purchase,05-08-2013,50,2170000,0.68%
Triveni Turbine,NALANDA INDIA EQUITY FUND LIMITED,BSE,Bulk,Purchase,01-08-2013,49.98,1809500,0.57%
Triveni Turbine,NALANDA INDIA EQUITY FUND LIMITED,NSE,Bulk,Purchase,01-08-2013,49.97,1728500,0.54%
NRB Bearings,NALANDA INDIA EQUITY FUND LIMITED,NSE,Bulk,Purchase,16-05-2013,35,7720453,7.97%
Shree Cements,NALANDA INDIA EQUITY FUND LIMITED,BSE,Block,Sell,09-10-2012,3800,58324,0.16%
Mastek,NALANDA INDIA FUND LIMITED,NSE,Bulk,Sell,17-08-2012,174.24,287568,0.93%
DB Corp,NALANDA INDIA EQUITY FUND LIMITED,NSE,Bulk,Purchase,26-06-2012,199.99,2000000,1.12%
Ahluwalia Contracts,NALANDA INDIA EQUITY FUND LIMITED,NSE,Bulk,Purchase,21-03-2012,80,337718,0.50%
Voltamp Transformers,NALANDA INDIA FUND LIMITED,NSE,Bulk,Purchase,17-08-2011,489.97,105876,1.05%
V-Guard Industries,NALANDA INDIA FUND LTD,NSE,Bulk,Purchase,21-01-2011,174.65,406000,0.09%
Ahluwalia Contracts,NALANDA INDIA FUND LIMITED,NSE,Bulk,Purchase,03-12-2010,135,457240,0.68%
Voltamp Transformers,NALANDA INDIA FUND LIMITED,NSE,Bulk,Purchase,06-10-2010,919.89,182000,1.80%
MindTree,NALANDA INDIA FUND LIMITED,NSE,Bulk,Purchase,28-09-2010,505,310000,0.19%
Kirloskar Industries,NALANDA INDIA FUND LIMITED,NSE,Bulk,Sell,01-07-2010,400.01,99689,0.95%
Sapphire Foods,GOVERNMENT OF SINGAPORE,NSE,Bulk,Sell,10-06-2026,180.46,2180835,0.68%
Vishal Mega Mart,GOVERNMENT OF SINGAPORE,NSE,Bulk,Purchase,27-02-2026,117,126931518,2.71%
PG Electroplast,GOVERNMENT OF SINGAPORE,BSE,Bulk,Purchase,27-05-2025,754.8,3818522,1.33%
Data Patterns,GOVERNMENT OF SINGAPORE,NSE,Bulk,Sell,21-05-2025,2728.56,284964,0.51%
JSW Infrastructure,GOVERNMENT OF SINGAPORE,NSE,Bulk,Purchase,16-05-2025,288.1,18447386,0.79%
Cipla,GOVERNMENT OF SINGAPORE,NSE,Block,Purchase,02-12-2024,1518.75,2403202,0.30%
PNB Housing Finance,GOVERNMENT OF SINGAPORE,NSE,Bulk,Purchase,12-09-2024,1097.3,1316168,0.51%
PNB Housing Finance,GOVERNMENT OF SINGAPORE,NSE,Block,Purchase,12-09-2024,1097.3,1316168,0.51%
Medplus Health,GOVERNMENT OF SINGAPORE,NSE,Bulk,Purchase,26-08-2024,616.2,1154994,0.96%
PNB Housing Finance,GOVERNMENT OF SINGAPORE,BSE,Bulk,Purchase,22-08-2024,866.05,1659784,0.64%
Kalyan Jewellers,GOVERNMENT OF SINGAPORE,NSE,Bulk,Purchase,22-08-2024,539.1,7251796,0.70%
Kalyan Jewellers,GOVERNMENT OF SINGAPORE,NSE,Block,Purchase,22-08-2024,539.1,7251796,0.70%
PNB Housing Finance,GOVERNMENT OF SINGAPORE,BSE,Bulk,Purchase,21-08-2024,802.5,3645580,1.40%
PNB Housing Finance,GOVERNMENT OF SINGAPORE,BSE,Block,Purchase,21-08-2024,802.5,3645580,1.40%
PNB Housing Finance,GOVERNMENT OF SINGAPORE,BSE,Bulk,Purchase,30-07-2024,775,6162679,2.36%
Aster DM Healthcare,GOVERNMENT OF SINGAPORE,BSE,Bulk,Purchase,21-06-2024,340,2627381,0.51%
Timken,GOVERNMENT OF SINGAPORE,BSE,Block,Purchase,28-05-2024,3913.35,2849837,3.79%
Cipla,GOVERNMENT OF SINGAPORE,NSE,Block,Purchase,15-05-2024,1345,221146,0.03%
ITC,GOVERNMENT OF SINGAPORE,BSE,Bulk,Purchase,13-03-2024,400.25,91545678,0.73%
ITC,GOVERNMENT OF SINGAPORE,BSE,Block,Purchase,13-03-2024,400.25,91545678,0.73%
Devyani Intl,GOVERNMENT OF SINGAPORE,NSE,Block,Purchase,21-02-2024,164.1,4443479,0.36%
Data Patterns,GOVERNMENT OF SINGAPORE,BSE,Bulk,Purchase,16-02-2024,1837,3147725,5.62%
Data Patterns,GOVERNMENT OF SINGAPORE,BSE,Block,Purchase,16-02-2024,1837,3147725,5.62%
Mankind Pharma,GOVERNMENT OF SINGAPORE,NSE,Block,Purchase,08-02-2024,2107.35,1680714,0.41%
Astral,GOVERNMENT OF SINGAPORE,NSE,Block,Purchase,20-12-2023,1889.8,883690,0.33%
Sapphire Foods,GOVERNMENT OF SINGAPORE,BSE,Bulk,Purchase,18-12-2023,1400,1005582,0.31%
PVR INOX,GOVERNMENT OF SINGAPORE,NSE,Block,Purchase,15-12-2023,1753,359693,0.37%
Sapphire Foods,GOVERNMENT OF SINGAPORE,BSE,Bulk,Purchase,05-12-2023,1400,2019694,0.63%
Persistent Systems,GOVERNMENT OF SINGAPORE,NSE,Bulk,Purchase,30-11-2023,6408.05,388464,0.25%
Eternal,GOVERNMENT OF SINGAPORE,BSE,Block,Purchase,29-11-2023,112.7,33178232,0.34%
Eternal,GOVERNMENT OF SINGAPORE,BSE,Block,Purchase,29-11-2023,112.7,85400,0.00%
Eternal,GOVERNMENT OF SINGAPORE   E (EM264),NSE,Block,Purchase,20-10-2023,111.2,37301,0.00%
Medplus Health,GOVERNMENT OF SINGAPORE,NSE,Bulk,Purchase,31-08-2023,862,1442965,1.20%
Amber Enterprises,GOVERNMENT OF SINGAPORE,NSE,Bulk,Purchase,25-08-2023,2800,725239,2.06%
Amber Enterprises,GOVERNMENT OF SINGAPORE,NSE,Block,Purchase,25-08-2023,2800,725239,2.06%
Amber Enterprises,GOVERNMENT OF SINGAPORE,NSE,Bulk,Purchase,24-08-2023,2800,405289,1.15%
Shriram Finance,GOVERNMENT OF SINGAPORE INVT CORPN PTE LTD AC  C  ACCOUNT,NSE,Bulk,Purchase,21-06-2023,1545,9122131,0.39%
Shriram Finance,GOVERNMENT OF SINGAPORE INVT CORPN PTE LTD AC  C  ACCOUNT,NSE,Block,Purchase,21-06-2023,1545,9122131,0.39%
Max Healthcare,GOVERNMENT OF SINGAPORE,NSE,Bulk,Purchase,31-05-2023,549.53,6660226,0.68%
Sona BLW Precision ,GOVERNMENT OF SINGAPORE,NSE,Bulk,Purchase,31-05-2023,540.44,3643753,0.59%
Phoenix Mills,GOVERNMENT OF SINGAPORE,NSE,Bulk,Sell,31-03-2023,1300.15,5149734,1.44%
Sona BLW Precision ,GOVERNMENT OF SINGAPORE,BSE,Bulk,Purchase,13-03-2023,410,24231710,3.90%
Syngene Intl,GOVERNMENT OF SINGAPORE,BSE,Bulk,Purchase,01-02-2023,560,15799200,3.91%
Syngene Intl,GOVERNMENT OF SINGAPORE,BSE,Block,Purchase,01-02-2023,560,15799200,3.91%
Sapphire Foods,GOVERNMENT OF SINGAPORE,BSE,Bulk,Purchase,15-12-2022,1347,358704,0.11%
Sapphire Foods,GOVERNMENT OF SINGAPORE,BSE,Block,Purchase,15-12-2022,1347,358704,0.11%
Rainbow Childrens Medicare,GOVERNMENT OF SINGAPORE,NSE,Bulk,Purchase,05-12-2022,735,1446185,1.42%
Rainbow Childrens Medicare,GOVERNMENT OF SINGAPORE,NSE,Bulk,Purchase,05-12-2022,735,664500,0.65%
Indian Hotels Company,GOVERNMENT OF SINGAPORE INVT CORPN PTE LTD A/C  C  ACCOUNT,NSE,Bulk,Purchase,30-11-2022,321.77,9474188,0.67%
TVS Motor Company,GOVERNMENT OF SINGAPORE INVT CORPN PTE LTD A/C  C  ACCOUNT,NSE,Bulk,Purchase,30-11-2022,1047.81,2469940,0.52%
Triveni Turbine,GOVERNMENT OF SINGAPORE,NSE,Bulk,Purchase,21-09-2022,226.7,4198226,1.32%
Triveni Turbine,GOVERNMENT OF SINGAPORE,NSE,Block,Purchase,21-09-2022,226.7,4198226,1.32%
Sona BLW Precision ,GOVERNMENT OF SINGAPORE,BSE,Bulk,Purchase,18-08-2022,505,3068730,0.49%
Max Healthcare,GOVERNMENT OF SINGAPORE,BSE,Bulk,Purchase,16-08-2022,353,51948594,5.34%
Max Healthcare,GOVERNMENT OF SINGAPORE,NSE,Bulk,Purchase,31-03-2022,340,10778183,1.11%
SBI Life Insurance,GOVERNMENT OF SINGAPORE,NSE,Block,Purchase,29-03-2022,1068.35,725075,0.07%
Aavas Financiers,GOVERNMENT OF SINGAPORE,BSE,Bulk,Purchase,20-08-2021,2452.5,771124,0.97%
Aavas Financiers,GOVERNMENT OF SINGAPORE,BSE,Block,Purchase,20-08-2021,2452.5,636322,0.80%
Aavas Financiers,GOVERNMENT OF SINGAPORE,BSE,Bulk,Purchase,18-08-2021,2449.92,2628652,3.32%
Cera Sanitaryware,GOVERNMENT OF SINGAPORE,BSE,Bulk,Purchase,30-07-2021,4450.02,263899,2.05%
Max Financial,GOVERNMENT OF SINGAPORE,NSE,Bulk,Purchase,17-06-2021,1000,6013487,1.74%
Dhanuka Agritech,GOVERNMENT OF SINGAPORE,NSE,Bulk,Purchase,09-06-2021,853,1598220,3.55%
SBI Life Insurance,GOVERNMENT OF SINGAPORE,BSE,Block,Purchase,07-05-2021,960,3491029,0.35%
Hathway Cable & Datacom,GOVERNMENT OF SINGAPORE INVT CORPN PTE LTD A/C  C  ACCOUNT,NSE,Bulk,Purchase,27-04-2021,22.22,16022423,0.91%
SBI Life Insurance,GOVERNMENT OF SINGAPORE,BSE,Bulk,Purchase,12-03-2021,915,16759530,1.67%
ICICI Prudential,GOVERNMENT OF SINGAPORE,NSE,Bulk,Purchase,22-06-2020,391.6,16430820,1.13%
Kotak Mahindra Bank,GOVERNMENT OF SINGAPORE INVESTMENT CORPORATION PTE LTD,BSE,Block,Purchase,02-06-2020,1240,1648031,0.02%
AU SF Bank,GOVERNMENT OF SINGAPORE,NSE,Bulk,Purchase,18-05-2020,414.6,1969686,0.26%
AU SF Bank,GOVERNMENT OF SINGAPORE,NSE,Block,Purchase,18-05-2020,414.6,1969686,0.26%
Ujjivan Financial,GOVERNMENT OF SINGAPORE,NSE,Bulk,Purchase,11-12-2019,342.31,620807,0.51%
Zee Entertainment,GOVERNMENT OF SINGAPORE,NSE,Bulk,Purchase,21-11-2019,304,28500000,2.97%
Zee Entertainment,GOVERNMENT OF SINGAPORE,NSE,Block,Purchase,21-11-2019,304,28500000,2.97%
Mercator,GOVERNMENT OF SINGAPORE,BSE,Bulk,Sell,30-09-2019,1.1,17336959,5.73%
DLF,GOVERNMENT OF SINGAPORE,NSE,Bulk,Sell,08-04-2019,191.01,67987184,2.75%
Kotak Mahindra Bank,GOVERNMENT OF SINGAPORE,NSE,Bulk,Purchase,15-11-2018,1130,9557522,0.10%
Kotak Mahindra Bank,GOVERNMENT OF SINGAPORE,NSE,Block,Purchase,15-11-2018,1130,9557522,0.10%
Kridhan Infra,GOVERNMENT OF SINGAPORE,BSE,Bulk,Purchase,18-12-2017,92,895058,0.90%
Gayatri Projects,GOVERNMENT OF SINGAPORE,NSE,Bulk,Purchase,06-07-2017,150,8131218,1.75%
Gayatri Projects,GOVERNMENT OF SINGAPORE,NSE,Block,Purchase,06-07-2017,150,8131218,1.75%
Capital First,GOVERNMENT OF SINGAPORE INVT CORPN PTE LTD A/C C ACCOUNT,BSE,Bulk,Purchase,17-05-2017,725,8701476,8.78%
Mercator,GOVERNMENT OF SINGAPORE,NSE,Bulk,Purchase,13-10-2016,46.55,7355445,2.43%
Mercator,GOVERNMENT OF SINGAPORE,NSE,Block,Purchase,13-10-2016,46.55,7355445,2.43%
Mercator,GOVERNMENT OF SINGAPORE CORP PVT LTD A/C GOVT OF SINGAPORE C,NSE,Bulk,Purchase,06-10-2016,46.05,6085664,2.01%
Castrol,GOVERNMENT OF SINGAPORE A/C GOVERNMENT OF SINGAPORE C,BSE,Bulk,Purchase,19-05-2016,365,3522648,0.36%
Sun Pharmaceutical,GOVERNMENT OF SINGAPORE- C,NSE,Bulk,Purchase,21-04-2015,930.16,12619297,0.53%
CIE Automotive,GIC -  GOVERNMENT OF SINGAPORE,BSE,Bulk,Purchase,21-01-2015,234.95,3000000,0.79%
CIE Automotive,GIC -  GOVERNMENT OF SINGAPORE,BSE,Block,Purchase,21-01-2015,234.95,3000000,0.79%
CIE Automotive,GOVERNMENT OF SINGAPORE,BSE,Bulk,Purchase,19-01-2015,230.5,5000000,1.32%
CIE Automotive,GOVERNMENT OF SINGAPORE,BSE,Block,Purchase,19-01-2015,230.5,5000000,1.32%
Muthoot Finance,GOVERNMENT OF SINGAPORE A/C C,NSE,Bulk,Purchase,31-07-2014,172.5,3498931,0.87%
VST Industries,GOVERNMENT OF SINGAPORE,NSE,Bulk,Purchase,26-02-2014,1590,207841,0.12%
Phoenix Mills,GOVERNMENT OF SINGAPORE  C,NSE,Bulk,Purchase,04-02-2014,207,5138549,1.44%
Indiabulls,GOVERNMENT OF SINGAPORE INVT CORPN PTE LTD A\C C ACCOUNT,NSE,Bulk,Sell,19-09-2011,3.59,258512,0.01%
Aptus Value Housing,WESTBRIDGE CROSSOVER FUND LLC,NSE,Bulk,Sell,04-09-2025,328.85,60998550,12.18%
Aptus Value Housing,WESTBRIDGE CROSSOVER FUND LLC,NSE,Bulk,Sell,04-09-2025,329.42,19912764,3.98%
Aptus Value Housing,WESTBRIDGE CROSSOVER FUND LLC,NSE,Block,Sell,04-09-2025,328.85,60998550,12.18%
Aptus Value Housing,WESTBRIDGE CROSSOVER FUND LLC,NSE,Bulk,Sell,03-06-2025,307.54,61972875,12.37%
Aptus Value Housing,WESTBRIDGE CROSSOVER FUND LLC,NSE,Bulk,Sell,26-11-2024,320.39,3290044,0.66%
IndiaMART InterMESH,WESTBRIDGE CROSSOVER FUND LLC,BSE,Bulk,Sell,21-06-2024,2601,730000,1.21%
IndiaMART InterMESH,WESTBRIDGE CROSSOVER FUND LLC,BSE,Block,Sell,21-06-2024,2601,540000,0.90%
IndiaMART InterMESH,WESTBRIDGE CROSSOVER FUND LLC,BSE,Block,Sell,21-06-2024,2601,190000,0.32%
Aptus Value Housing,WESTBRIDGE CROSSOVER FUND LLC,NSE,Bulk,Sell,21-05-2024,294.15,24773019,4.95%
Greenpanel Industries,WESTBRIDGE CROSSOVER FUND LLC,BSE,Bulk,Sell,12-03-2021,175.16,3500000,2.85%
Greenply Industries,WESTBRIDGE CROSSOVER FUND LLC,NSE,Bulk,Sell,21-10-2020,75.03,3639875,2.91%
Ceat,WESTBRIDGE CROSSOVER FUND LLC,BSE,Bulk,Sell,31-08-2020,885,835958,2.07%
Ceat,WESTBRIDGE CROSSOVER FUND LLC,NSE,Bulk,Sell,27-08-2020,950,407419,1.01%
La Opala RG,WESTBRIDGE CROSSOVER FUND LLC,NSE,Bulk,Sell,11-08-2020,185,2299696,2.07%
Greenlam Industries,WESTBRIDGE CROSSOVER FUND LLC,BSE,Bulk,Sell,04-08-2020,585,1901342,0.75%
Indian Energy Exchange,WESTBRIDGE CROSSOVER FUND LLC,NSE,Bulk,Sell,26-05-2020,165,1865329,0.21%
Indian Energy Exchange,WESTBRIDGE CROSSOVER FUND LLC,BSE,Bulk,Sell,15-05-2020,160.5,2027764,0.23%
Indian Energy Exchange,WESTBRIDGE CROSSOVER FUND LLC,NSE,Bulk,Sell,15-05-2020,160.52,1705566,0.19%
La Opala RG,WESTBRIDGE CROSSOVER FUND LLC,NSE,Bulk,Sell,27-01-2020,190,1579023,1.42%
Kajaria Ceramics,WESTBRIDGE CROSSOVER FUND LLC,BSE,Bulk,Sell,27-09-2017,719.21,959265,0.60%
Kajaria Ceramics,WESTBRIDGE CROSSOVER FUND LLC,NSE,Bulk,Sell,27-09-2017,719.63,921689,0.58%
Kajaria Ceramics,WESTBRIDGE CROSSOVER FUND  LLC FDI,NSE,Bulk,Sell,20-09-2017,722.62,3575000,2.24%
Mayur Uniquoters,WESTBRIDGE CROSSOVER FUND LLC,NSE,Bulk,Sell,07-09-2017,360.02,2972000,6.84%
Kajaria Ceramics,WESTBRIDGE CROSSOVER FUND LLC FDI,BSE,Bulk,Sell,24-08-2017,670,800000,0.50%
Dr. Lal Pathlabs,WESTBRIDGE CROSSOVER FUND LLC,NSE,Bulk,Sell,17-03-2017,950.02,550100,0.33%
Dr. Lal Pathlabs,WESTBRIDGE CROSSOVER FUND LLC,BSE,Bulk,Sell,01-03-2017,950.27,1291920,0.77%
Gandhar Oil Refinery,SOCIETE GENERALE,NSE,Bulk,Purchase,24-07-2026,288.97,853281,0.87%
Gandhar Oil Refinery,SOCIETE GENERALE,NSE,Bulk,Purchase,23-07-2026,280.93,684241,0.70%
Dhabriya Polywood,ASHISH RAMESHCHANDRA KACHOLIA,BSE,Bulk,Sell,23-07-2026,387.04,576000,5.32%
Biocon,NORGES BANK ON ACCOUNT OF THE GOVERNMENT PENSION FUND GLOBAL,NSE,Block,Purchase,14-07-2026,400,626000,0.04%
Emcure Pharma,NORGES BANK ON ACCOUNT OF THE GOVERNMENT PENSION FUND GLOBAL,NSE,Bulk,Purchase,29-04-2026,1608.2,1800000,0.95%
Emcure Pharma,NORGES BANK ON ACCOUNT OF THE GOVERNMENT PENSION FUND GLOBAL,NSE,Block,Purchase,29-04-2026,1608.2,1800000,0.95%
Zee Entertainment,NORGES BANK ON ACCOUNT OF THE GOVERNMENT PENSION FUND GLOBAL,NSE,Bulk,Sell,20-03-2026,72.73,6098891,0.63%
Juniper Hotels,NORGES BANK ON ACCOUNT OF THE GOVERNMENT PENSION FUND GLOBAL,BSE,Bulk,Sell,02-12-2025,239.01,2292010,1.03%
Juniper Hotels,NORGES BANK ON ACCOUNT OF THE GOVERNMENT PENSION FUND GLOBAL,NSE,Bulk,Sell,02-12-2025,239.02,2100000,0.94%
Sagility,NORGES BANK ON ACCOUNT OF THE GOVERNMENT PENSION FUND GLOBAL,NSE,Bulk,Purchase,14-11-2025,47.6,37100000,0.79%
Aditya Birla Capital,NORGES BANK ON ACCOUNT OF THE GOVERNMENT PENSION FUND GLOBAL,NSE,Block,Purchase,28-10-2025,308,3258225,0.12%
Aditya Birla Capital,NORGES BANK ON ACCOUNT OF THE GOVERNMENT PENSION FUND GLOBAL,BSE,Block,Purchase,28-10-2025,308,3258000,0.12%
Tanla Platforms,NORGES BANK ON ACCOUNT OF THE GOVERNMENT PENSION FUND GLOBAL,NSE,Bulk,Purchase,19-09-2025,745.1,879213,0.65%
CarTrade Tech,NORGES BANK ON ACCOUNT OF THE GOVERNMENT PENSION FUND GLOBAL,NSE,Bulk,Purchase,19-09-2025,2522.8,388859,0.80%
Aarti Pharmalabs,NORGES BANK ON ACCOUNT OF THE GOVERNMENT PENSION FUND GLOBAL,NSE,Bulk,Purchase,19-09-2025,930.32,484643,0.53%
Kotak Mahindra Bank,NORGES BANK ON ACCOUNT OF THE GOVERNMENT PENSION FUND GLOBAL,NSE,Block,Purchase,10-09-2025,1940.8,495441,0.00%
Clean Science,NORGES BANK ON ACCOUNT OF THE GOVERNMENT PENSION FUND GLOBAL,BSE,Bulk,Purchase,21-08-2025,1077.68,1462373,1.38%
Clean Science,NORGES BANK ON ACCOUNT OF THE GOVERNMENT PENSION FUND GLOBAL,NSE,Bulk,Purchase,21-08-2025,1096.54,637627,0.60%
Home First Finance ,NORGES BANK ON ACCOUNT OF THE GOVERNMENT PENSION FUND GLOBAL,NSE,Block,Purchase,11-08-2025,1190.5,400000,0.38%
One97 Communications,SOCIETE GENERALE,NSE,Block,Purchase,04-08-2026,1367.8,1086000,0.17%
Meesho,SOCIETE GENERALE,NSE,Block,Purchase,04-08-2026,186,11200000,0.24%
Gandhar Oil Refinery,SOCIETE GENERALE,NSE,Bulk,Sell,28-07-2026,241.88,522002,0.53%
One97 Communications,FRANKLIN TEMPLETON MUTUAL FUND,NSE,Block,Purchase,04-08-2026,1367.8,470000,0.07%
Meesho,FRANKLIN TEMPLETON MUTUAL FUND,NSE,Block,Purchase,04-08-2026,186,4209000,0.09%
Poonawalla Fincorp,MORGAN STANLEY ASIA SINGAPORE PTE,NSE,Block,Purchase,04-08-2026,473.5,528000,0.06%
One97 Communications,MORGAN STANLEY ASIA SINGAPORE PTE,NSE,Block,Purchase,04-08-2026,1367.8,545000,0.09%
One97 Communications,MORGAN STANLEY ASIA SINGAPORE PTE,NSE,Block,Purchase,04-08-2026,1367.8,225000,0.04%
Meesho,MORGAN STANLEY ASIA SINGAPORE PTE,NSE,Block,Purchase,04-08-2026,186,3958350,0.09%
Meesho,MORGAN STANLEY ASIA SINGAPORE PTE,NSE,Block,Purchase,04-08-2026,186,1345000,0.03%
Sudeep Pharma,GOLDMAN SACHS FUNDS - GOLDMAN SACHS INDIA EQUITY PORTFOLIO,NSE,Bulk,Purchase,04-08-2026,850,1176472,1.04%
Sudeep Pharma,GOLDMAN SACHS FUNDS - GOLDMAN SACHS INDIA EQUITY PORTFOLIO,NSE,Block,Purchase,04-08-2026,850,1176472,1.04%
Sapphire Foods,GOVERNMENT OF SINGAPORE,BSE,Bulk,Sell,30-07-2026,195.71,1895743,0.59%
CreditAccess Grameen,MORGAN STANLEY ASIA SINGAPORE PTE,NSE,Block,Purchase,06-08-2026,1482,321000,0.20%
Indegene,MORGAN STANLEY ASIA SINGAPORE PTE,NSE,Block,Purchase,06-08-2026,525,665048,0.28%
India Grid Trust,GOVERNMENT OF SINGAPORE,BSE,Bulk,Sell,05-08-2026,174.03,28735632,3.02%
India Grid Trust,GOVERNMENT OF SINGAPORE,BSE,Block,Sell,05-08-2026,174,5747126,0.60%
India Grid Trust,GOVERNMENT OF SINGAPORE,BSE,Block,Sell,05-08-2026,174,4225352,0.44%
India Grid Trust,GOVERNMENT OF SINGAPORE,BSE,Block,Sell,05-08-2026,174,1954023,0.21%
India Grid Trust,GOVERNMENT OF SINGAPORE,BSE,Block,Sell,05-08-2026,174,1645000,0.17%
Indegene,NORGES BANK ON ACCOUNT OF THE GOVERNMENT PENSION FUND GLOBAL,NSE,Block,Purchase,06-08-2026,525,480000,0.20%
ideaForge Technology,SOCIETE GENERALE,NSE,Bulk,Purchase,04-05-2026,707.11,243895,0.49%
Bharti Airtel,SOCIETE GENERALE,BSE,Block,Sell,27-03-2026,1834.9,3338532,0.05%
Sammaan Capital,SOCIETE GENERALE,NSE,Bulk,Purchase,25-03-2026,149.92,5059027,0.44%
Home First Finance,SOCIETE GENERALE,NSE,Bulk,Purchase,26-02-2026,1190,840713,0.80%
Indiabulls,SOCIETE GENERALE,NSE,Bulk,Sell,30-01-2026,10.86,22216730,0.95%
Sammaan Capital,SOCIETE GENERALE,NSE,Bulk,Purchase,13-11-2025,176.97,8824271,0.76%
Sammaan Capital,SOCIETE GENERALE,NSE,Block,Purchase,13-11-2025,176.97,8824271,0.76%
Ather Energy,SOCIETE GENERALE,NSE,Block,Purchase,13-11-2025,622.35,994909,0.25%
RBL Bank,SOCIETE GENERALE,NSE,Bulk,Purchase,06-11-2025,320.65,3161221,0.20%
RBL Bank,SOCIETE GENERALE ODI,NSE,Block,Purchase,06-11-2025,320.65,3161221,0.20%
RBL Bank,SOCIETE GENERALE,NSE,Bulk,Purchase,08-10-2025,284,3322631,0.21%
JSW Dulux,SOCIETE GENERALE,NSE,Block,Purchase,24-09-2025,3358.8,29928,0.07%
Kotak Mahindra Bank,SOCIETE GENERALE - ODI,NSE,Block,Purchase,10-09-2025,1940.8,281301,0.00%
RBL Bank,SOCIETE GENERALE,NSE,Bulk,Purchase,28-08-2025,250.57,3278899,0.21%
RBL Bank,SOCIETE GENERALE,NSE,Bulk,Sell,28-08-2025,251.19,129454,0.01%
Swiggy,SOCIETE GENERALE,NSE,Bulk,Purchase,26-08-2025,426.52,125767,0.00%
Swiggy,SOCIETE GENERALE,NSE,Bulk,Sell,26-08-2025,429.97,14253674,0.52%
Sai Life Science,SOCIETE GENERALE,NSE,Bulk,Purchase,26-08-2025,871,1406922,0.66%
Indiabulls,BOFA SECURITIES EUROPE SA,NSE,Bulk,Purchase,30-01-2026,10.87,22216730,0.95%
RBL Bank,BOFA SECURITIES EUROPE SA,BSE,Bulk,Purchase,21-01-2026,296,6002451,0.39%
RBL Bank,BOFA SECURITIES EUROPE SA,BSE,Block,Purchase,21-01-2026,296,6000000,0.39%
RBL Bank,BOFA SECURITIES EUROPE SA,NSE,Block,Purchase,06-11-2025,320.65,1364428,0.09%
WeWork Management,BOFA SECURITIES EUROPE SA,NSE,Bulk,Sell,10-10-2025,643.17,947300,0.68%
Optiemus Infracom,BOFA SECURITIES EUROPE SA,NSE,Block,Purchase,06-10-2025,672.1,354060,0.39%
Kotak Mahindra Bank,BOFA SECURITIES EUROPE SA,NSE,Block,Purchase,10-09-2025,1940.8,138390,0.00%
One Mobikwik Systems,BOFA SECURITIES EUROPE SA,NSE,Bulk,Purchase,01-09-2025,243.61,500000,0.63%
Biocon,MORGAN STANLEY ASIA SINGAPORE PTE,BSE,Block,Purchase,14-07-2026,400,626000,0.04%
Jio Financial ,MORGAN STANLEY ASIA SINGAPORE PTE,NSE,Block,Purchase,14-05-2026,231.45,2675853,0.04%
Nazara Technologies,MORGAN STANLEY ASIA SINGAPORE PTE,NSE,Bulk,Purchase,10-03-2026,239.8,2885000,0.75%
Nazara Technologies,MORGAN STANLEY ASIA SINGAPORE PTE,NSE,Block,Purchase,10-03-2026,239.8,2885000,0.75%
Ather Energy,MORGAN STANLEY ASIA SINGAPORE PTE,NSE,Block,Purchase,11-02-2026,710,602883,0.15%
Sammaan Capital,MORGAN STANLEY ASIA SINGAPORE PTE,NSE,Bulk,Sell,13-11-2025,176.97,5082676,0.44%
Sammaan Capital,MORGAN STANLEY ASIA SINGAPORE PTE,NSE,Block,Sell,13-11-2025,176.97,5082676,0.44%
Lloyds Metals & Energy,MORGAN STANLEY ASIA (SINGAPORE) PTE.,BSE,Block,Purchase,12-11-2025,1305.2,352886,0.06%
WeWork Management,MORGAN STANLEY ASIA (SINGAPORE) PTE.,BSE,Block,Purchase,12-11-2025,615.65,462454,0.33%
RBL Bank,MORGAN STANLEY ASIA SINGAPORE PTE,NSE,Block,Purchase,06-11-2025,320.65,1640859,0.11%
RBL Bank,MORGAN STANLEY ASIA SINGAPORE PTE,NSE,Block,Purchase,06-11-2025,320.65,1105722,0.07%
Aditya Birla Capital,MORGAN STANLEY ASIA SINGAPORE PTE,NSE,Block,Purchase,28-10-2025,308,2256435,0.08%
Aditya Birla Capital,MORGAN STANLEY ASIA SINGAPORE PTE,NSE,Block,Purchase,28-10-2025,308,1715526,0.06%
RBL Bank,MORGAN STANLEY ASIA SINGAPORE PTE,NSE,Bulk,Purchase,01-10-2025,274.44,3251200,0.21%
Kotak Mahindra Bank,MORGAN STANLEY ASIA SINGAPORE PTE,NSE,Block,Purchase,26-09-2025,2013.5,116911,0.00%
Shriram Finance,MORGAN STANLEY ASIA SINGAPORE PTE,NSE,Block,Purchase,26-09-2025,612.7,533842,0.02%
JSW Dulux,MORGAN STANLEY ASIA SINGAPORE PTE,NSE,Block,Purchase,24-09-2025,3358.8,29928,0.07%
Kotak Mahindra Bank,MORGAN STANLEY ASIA SINGAPORE PTE,NSE,Block,Purchase,10-09-2025,1940.8,1334524,0.01%
Kotak Mahindra Bank,MORGAN STANLEY ASIA (SINGAPORE) PTE. - ODI,NSE,Block,Purchase,10-09-2025,1940.8,890787,0.01%
Kotak Mahindra Bank,MORGAN STANLEY ASIA SINGAPORE PTE,NSE,Block,Purchase,10-09-2025,1940.8,117208,0.00%
Healthcare Global,MORGAN STANLEY ASIA SINGAPORE PTE,NSE,Bulk,Purchase,10-09-2025,695,880000,0.59%
Healthcare Global,MORGAN STANLEY ASIA SINGAPORE PTE,NSE,Block,Purchase,10-09-2025,695,880000,0.59%
Medi Assist Healthcare,MORGAN STANLEY ASIA SINGAPORE PTE,NSE,Block,Purchase,12-08-2025,522.7,286371,0.38%
Medi Assist Healthcare,MORGAN STANLEY ASIA SINGAPORE PTE,NSE,Block,Purchase,12-08-2025,522.7,191315,0.26%
Cigniti Technologies,MORGAN STANLEY ASIA SINGAPORE PTE,NSE,Bulk,Purchase,24-07-2025,1591.46,165750,0.60%
Sai Life Science,MORGAN STANLEY ASIA SINGAPORE PTE,BSE,Block,Purchase,20-06-2025,722,312210,0.15%
Waaree Energies,MORGAN STANLEY ASIA SINGAPORE PTE,NSE,Block,Sell,14-05-2025,2690.1,60398,0.02%
Northern Arc Capital,MORGAN STANLEY ASIA SINGAPORE PTE,NSE,Bulk,Purchase,12-05-2025,193,880000,0.54%
Concord Enviro Systems,MORGAN STANLEY ASIA SINGAPORE PTE,NSE,Bulk,Sell,27-12-2024,827.51,110022,0.53%
Niyogin Fintech,MORGAN STANLEY ASIA (SINGAPORE) PTE.,BSE,Bulk,Purchase,26-11-2024,55.65,671365,0.60%
PNB Housing Finance,MORGAN STANLEY ASIA (SINGAPORE) PTE. - ODI,NSE,Bulk,Purchase,13-11-2024,939.3,11971482,4.59%
PNB Housing Finance,MORGAN STANLEY ASIA SINGAPORE PTE,NSE,Bulk,Purchase,13-11-2024,939.3,2250000,0.86%
HDFC Bank,MORGAN STANLEY ASIA (SINGAPORE) PTE.,BSE,Block,Purchase,03-10-2024,1726.2,1750190,0.01%
Nuvama Wealth,MORGAN STANLEY ASIA SINGAPORE PTE,BSE,Bulk,Purchase,27-09-2024,6702.6,342129,0.19%
Nuvama Wealth,MORGAN STANLEY ASIA SINGAPORE PTE,BSE,Block,Purchase,27-09-2024,6702.6,342129,0.19%
Nuvama Wealth,MORGAN STANLEY ASIA SINGAPORE PTE,BSE,Block,Purchase,27-09-2024,6702.6,62439,0.03%
RBL Bank,MORGAN STANLEY ASIA (SINGAPORE) PTE. - ODI,NSE,Block,Sell,03-09-2024,227.79,928070,0.06%
KPI Green Energy,MORGAN STANLEY ASIA (SINGAPORE) PTE. - ODI,NSE,Block,Sell,03-09-2024,886.6,157157,0.08%
Medi Assist Healthcare,MORGAN STANLEY ASIA SINGAPORE PTE,NSE,Block,Purchase,03-09-2024,611.7,163484,0.22%
AU SF Bank,MORGAN STANLEY ASIA SINGAPORE PTE,NSE,Block,Purchase,26-08-2024,630,1060001,0.14%
FSN E-Commerce,MORGAN STANLEY ASIA SINGAPORE PTE,BSE,Block,Purchase,23-08-2024,208.3,1925000,0.07%
Alkem Laboratories,MORGAN STANLEY ASIA SINGAPORE PTE-ODI,NSE,Block,Purchase,22-08-2024,5732.15,98000,0.08%
Alkem Laboratories,MORGAN STANLEY ASIA SINGAPORE PTE,NSE,Block,Purchase,22-08-2024,5732.15,35000,0.03%
PNB Housing Finance,MORGAN STANLEY ASIA SINGAPORE PTE,BSE,Block,Purchase,21-08-2024,802.5,249281,0.10%
PNB Housing Finance,MORGAN STANLEY ASIA SINGAPORE PTE,BSE,Block,Purchase,21-08-2024,802.5,124650,0.05%
Cyient DLM,MORGAN STANLEY ASIA SINGAPORE PTE,BSE,Bulk,Purchase,21-08-2024,764.4,3617250,4.56%
Cyient DLM,MORGAN STANLEY ASIA SINGAPORE PTE,BSE,Bulk,Purchase,21-08-2024,764.4,520471,0.66%
Nexus Select Trust,MORGAN STANLEY ASIA (SINGAPORE) PTE. - ODI,NSE,Bulk,Purchase,14-08-2024,137.85,3003,0.00%
Nexus Select Trust,MORGAN STANLEY ASIA (SINGAPORE) PTE. - ODI,NSE,Bulk,Sell,14-08-2024,138.33,7841479,0.52%
Nexus Select Trust,MORGAN STANLEY ASIA SINGAPORE PTE ODI,NSE,Bulk,Purchase,09-08-2024,138,27661841,1.83%
Nexus Select Trust,MORGAN STANLEY ASIA SINGAPORE PTE,NSE,Bulk,Purchase,09-08-2024,138,12168660,0.80%
JTL Industries,MORGAN STANLEY ASIA (SINGAPORE) PTE.,BSE,Bulk,Sell,29-07-2024,213,1100000,0.28%
JTL Industries,MORGAN STANLEY ASIA (SINGAPORE) PTE.,BSE,Block,Sell,29-07-2024,213,1100000,0.28%
Jyoti CNC Automation,MORGAN STANLEY ASIA SINGAPORE PTE,NSE,Bulk,Purchase,29-07-2024,1123,1377180,0.61%
Jyoti CNC Automation,MORGAN STANLEY ASIA SINGAPORE PTE,NSE,Block,Purchase,29-07-2024,1123,1377180,0.61%
Jyoti CNC Automation,MORGAN STANLEY ASIA (SINGAPORE) PTE.,NSE,Block,Purchase,29-07-2024,1123,356188,0.16%
RBL Bank,MORGAN STANLEY ASIA SINGAPORE PTE,BSE,Bulk,Purchase,25-07-2024,228,12505200,0.81%
Eternal,MORGAN STANLEY ASIA SINGAPORE PTE,NSE,Block,Purchase,16-07-2024,226.85,440998,0.00%
Delhivery,MORGAN STANLEY ASIA SINGAPORE PTE,BSE,Block,Purchase,10-07-2024,388.45,1950001,0.26%
Mankind Pharma,MORGAN STANLEY ASIA SINGAPORE PTE,NSE,Block,Purchase,10-07-2024,2082,336672,0.08%
Mankind Pharma,MORGAN STANLEY ASIA SINGAPORE PTE,NSE,Block,Purchase,10-07-2024,2082,288626,0.07%
Mankind Pharma,MORGAN STANLEY ASIA SINGAPORE PTE,NSE,Block,Purchase,10-07-2024,2082,48032,0.01%
Mankind Pharma,MORGAN STANLEY ASIA SINGAPORE PTE,NSE,Block,Purchase,10-07-2024,2082,48031,0.01%
HCL Technologies,MORGAN STANLEY ASIA SINGAPORE PTE,NSE,Block,Purchase,28-06-2024,1440.5,1031316,0.04%
Samhi Hotels,MORGAN STANLEY ASIA SINGAPORE PTE,BSE,Bulk,Purchase,28-06-2024,187.1,3092665,1.39%
Samhi Hotels,MORGAN STANLEY ASIA SINGAPORE PTE,BSE,Block,Purchase,28-06-2024,187.1,3092665,1.39%
Stanley Lifestyles,MORGAN STANLEY ASIA SINGAPORE PTE,BSE,Bulk,Purchase,28-06-2024,478.87,350000,0.61%
CSB Bank,MORGAN STANLEY ASIA SINGAPORE PTE,NSE,Block,Purchase,27-06-2024,352.75,590831,0.34%
Hindustan Foods,MORGAN STANLEY ASIA SINGAPORE PTE,NSE,Bulk,Purchase,26-06-2024,502,1070000,0.88%
Hindustan Foods,MORGAN STANLEY ASIA SINGAPORE PTE,NSE,Block,Purchase,26-06-2024,502,1070000,0.88%
Alkem Laboratories,MORGAN STANLEY ASIA SINGAPORE PTE,NSE,Block,Purchase,25-06-2024,4956,98495,0.08%
Aster DM Quality Care,MORGAN STANLEY ASIA SINGAPORE PTE,BSE,Bulk,Purchase,21-06-2024,340,6666030,1.29%
IndiaMART InterMESH,MORGAN STANLEY ASIA (SINGAPORE) PTE,BSE,Block,Purchase,21-06-2024,2601,190000,0.32%
PNB Housing Finance,MORGAN STANLEY ASIA SINGAPORE PTE - ODI,NSE,Bulk,Purchase,20-06-2024,785,2285810,0.88%
RateGain Travel,MORGAN STANLEY ASIA SINGAPORE PTE,NSE,Block,Purchase,20-06-2024,745,134300,0.11%
RateGain Travel,MORGAN STANLEY ASIA SINGAPORE PTE.,NSE,Block,Purchase,20-06-2024,745,134300,0.11%
CarTrade Tech,HSBC GLOBAL INVESTMENT FUNDS ASIA EX JAPAN EQUITY SMALLER COMPANIES,BSE,Bulk,Purchase,24-06-2024,828,434510,0.90%
SJS Enterprises,HSBC GLOBAL INVESTMENT FUNDS - ASIA EX JAPAN EQUITY SMALLER COMPANIES,NSE,Bulk,Purchase,22-08-2023,600,502000,1.57%
Shriram Finance,HSBC GLOBAL INVESTMENT FUNDS  GLOBAL EMERGING MARKETS EQUITY,NSE,Block,Purchase,21-06-2023,1545,65186,0.00%
Sammaan Capital,HSBC GLOBAL INVESTMENT FUNDS - ASIA EX JAPAN EQUITY,NSE,Block,Purchase,16-12-2021,262.35,459655,0.04%
Stove Kraft,HSBC GLOBAL INVESTMENT FUNDS - ASIA EX JAPAN EQUITY SMALLER COMPANIES,NSE,Bulk,Purchase,07-09-2021,929.85,537112,1.62%
Kotak Mahindra Bank,HSBC GLOBAL INVESTMENT FUNDS,BSE,Block,Purchase,02-06-2020,1240,853971,0.01%
AU SF Bank,HSBC GLOBAL INVESTMENT FU NDS MAURITIUS LTD,BSE,Block,Purchase,10-08-2018,638,1075000,0.14%
South Ind Bank,HSBC GLOBAL INVESTMENT FUNDS ASIA EX JAPAN EQUITY SMALLER COMPANIES,NSE,Bulk,Sell,11-10-2017,30.49,11982424,0.46%
Poonawalla Fincorp,HSBC GLOBAL INVESTMENT FUNDASIA EX JAPAN EQUITY SMALLER COMPANIES,BSE,Bulk,Purchase,20-09-2017,180.17,2228649,0.25%
Navin Fluorine ,HSBC GLOBAL INVESTMENT FUNDS ASIA EX JAPAN EQUITY SMALLER COMPANI,BSE,Bulk,Purchase,27-06-2017,2875,156646,0.31%
Allcargo Logistics,HSBC GLOBAL INVESTMENT FUNDS ASIA EX JAPAN EQUITY SMALLER COMPANI,BSE,Bulk,Purchase,26-04-2017,180,2232929,0.15%
Allcargo Logistics,HSBC GLOBAL INVESTMENT FUNDS INDIAN EQUITY,BSE,Bulk,Purchase,26-04-2017,180,1568789,0.10%
Quick Heal Tech,HSBC GLOBAL INVESTMENT FU NDS MAURITIUS LTD,BSE,Bulk,Purchase,22-12-2016,260.45,419517,0.77%
CG Power & Industrial,HSBC GLOBAL INVESTMENT FUNDS INDIAN EQUITY,BSE,Block,Purchase,24-10-2016,76.5,2219688,0.14%
CG Power & Industrial,HSBC GLOBAL INVESTMENT FU NDS MAURITIUS LTD,BSE,Block,Sell,24-10-2016,76.5,2219688,0.14%
Jindal Steel,HSBC GLOBAL INVESTMENT FUNDS INDIAN EQUITY,BSE,Block,Purchase,24-10-2016,76.5,4360894,0.43%
Jindal Steel,HSBC GLOBAL INVESTMENT FU NDS MAURITIUS LTD,BSE,Block,Sell,24-10-2016,76.5,4360894,0.43%
ONGC,HSBC GLOBAL INVESTMENT FUNDS INDIAN EQUITY,BSE,Block,Purchase,24-10-2016,280,692360,0.01%
ONGC,HSBC GLOBAL INVESTMENT FU NDS MAURITIUS LTD,BSE,Block,Sell,24-10-2016,280,692360,0.01%
SBI,HSBC GLOBAL INVESTMENT FUNDS INDIAN EQUITY,BSE,Block,Purchase,24-10-2016,258,773537,0.01%
SBI,HSBC GLOBAL INVESTMENT FU NDS MAURITIUS LTD,BSE,Block,Sell,24-10-2016,258,773537,0.01%
Sammaan Capital,HSBC GLOBAL INVESTMENT FUNDS INDIAN EQUITY,BSE,Block,Purchase,17-10-2016,840,456287,0.04%
Sammaan Capital,HSBC GLOBAL INVESTMENT FUNDS GLOBAL EMERGING MARKETS EQUITY,BSE,Block,Purchase,17-10-2016,838,126017,0.01%
Sammaan Capital,HSBC GLOBAL INVESTMENT FU NDS MAURITIUS LTD,BSE,Block,Sell,17-10-2016,840,456287,0.04%
L&T,HSBC GLOBAL INVESTMENT FUNDS INDIAN EQUITY,BSE,Block,Purchase,17-10-2016,1472,257235,0.02%
L&T,HSBC GLOBAL INVESTMENT FU NDS MAURITIUS LTD,BSE,Block,Sell,17-10-2016,1472,257235,0.02%
Aditya Birla Fashion,HSBC GLOBAL INVESTMENT FUNDS INDIAN EQUITY,BSE,Block,Purchase,17-10-2016,140,2590573,0.21%
Aditya Birla Fashion,HSBC GLOBAL INVESTMENT FU NDS MAURITIUS LTD,BSE,Block,Sell,17-10-2016,140,2590573,0.21%
Cairn,HSBC GLOBAL INVESTMENT FUNDS INDIAN EQUITY,BSE,Block,Purchase,03-10-2016,201,1844033,-%
Cairn,HSBC GLOBAL INVESTMENT FU NDS MAURITIUS LTD,BSE,Block,Sell,03-10-2016,201,1844033,-%
HDFC Bank,HSBC GLOBAL INVESTMENT FUNDS INDIAN EQUITY,BSE,Block,Purchase,03-10-2016,1480,178485,0.00%
HDFC Bank,HSBC GLOBAL INVESTMENT FU NDS MAURITIUS LTD,BSE,Block,Sell,03-10-2016,1480,178485,0.00%
Biocon,SOCIETE GENERALE,BSE,Block,Purchase,09-09-2026,385,650002,0.04%
IRB Infrastructure,HSBC GLOBAL INVESTMENT FUNDS GLOBAL EMERGING MARKETS EQUITY,BSE,Block,Purchase,03-10-2016,250,237474,0.00%
Kalpataru Projects,HSBC GLOBAL INVESTMENT FUNDS INDIAN EQUITY,BSE,Bulk,Purchase,03-10-2016,260,1682208,0.99%
Kalpataru Projects,HSBC GLOBAL INVESTMENT FU NDS MAURITIUS LTD,BSE,Bulk,Sell,03-10-2016,260,1682208,0.99%
Kalpataru Projects,HSBC GLOBAL INVESTMENT FUNDS INDIAN EQUITY,BSE,Block,Purchase,03-10-2016,260,1682208,0.99%
Kalpataru Projects,HSBC GLOBAL INVESTMENT FU NDS MAURITIUS LTD,BSE,Block,Sell,03-10-2016,260,1682208,0.99%
LIC Housing Finance,HSBC GLOBAL INVESTMENT FUNDS INDIAN EQUITY,BSE,Block,Purchase,03-10-2016,580,783615,0.14%
LIC Housing Finance,HSBC GLOBAL INVESTMENT FU NDS MAURITIUS LTD,BSE,Block,Sell,03-10-2016,580,783615,0.14%
Reliance Industries,HSBC GLOBAL INVESTMENT FUNDS INDIAN EQUITY,BSE,Block,Purchase,03-10-2016,1083,417166,0.00%
Reliance Industries,HSBC GLOBAL INVESTMENT FU NDS MAURITIUS LTD,BSE,Block,Sell,03-10-2016,1083,417166,0.00%
Axis Bank,HSBC GLOBAL INVESTMENT FUNDS INDIAN EQUITY,BSE,Block,Purchase,26-09-2016,555,660000,0.02%
Axis Bank,HSBC GLOBAL INVESTMENT FU NDS MAURITIUS LTD,BSE,Block,Sell,26-09-2016,555,660000,0.02%
CG Power & Industrial,HSBC GLOBAL INVESTMENT FUNDS INDIAN EQUITY,BSE,Bulk,Purchase,26-09-2016,80,4440000,0.28%
CG Power & Industrial,HSBC GLOBAL INVESTMENT FU NDS MAURITIUS LTD,BSE,Bulk,Sell,26-09-2016,80,4440000,0.28%
CG Power & Industrial,HSBC GLOBAL INVESTMENT FUNDS INDIAN EQUITY,BSE,Block,Purchase,26-09-2016,80,4440000,0.28%
CG Power & Industrial,HSBC GLOBAL INVESTMENT FU NDS MAURITIUS LTD,BSE,Block,Sell,26-09-2016,80,4440000,0.28%
HDFC Bank,HSBC GLOBAL INVESTMENT FUNDS INDIAN EQUITY,BSE,Block,Purchase,26-09-2016,1512,358000,0.00%
HDFC Bank,HSBC GLOBAL INVESTMENT FU NDS MAURITIUS LTD,BSE,Block,Sell,26-09-2016,1512,358000,0.00%
Infosys,HSBC GLOBAL INVESTMENT FUNDS INDIAN EQUITY,BSE,Block,Purchase,26-09-2016,1040,310000,0.01%
Infosys,HSBC GLOBAL INVESTMENT FUNDS GLOBAL EMERGING MARKETS EQUITY,BSE,Block,Purchase,26-09-2016,1040,82037,0.00%
Infosys,HSBC GLOBAL INVESTMENT FU NDS MAURITIUS LTD,BSE,Block,Sell,26-09-2016,1040,310000,0.01%
NTPC,HSBC GLOBAL INVESTMENT FUNDS INDIAN EQUITY,BSE,Block,Purchase,26-09-2016,157,2740000,0.03%
NTPC,HSBC GLOBAL INVESTMENT FU NDS MAURITIUS LTD,BSE,Block,Sell,26-09-2016,157,2740000,0.03%
SBI,HSBC GLOBAL INVESTMENT FUNDS INDIAN EQUITY,BSE,Block,Purchase,26-09-2016,254,1554000,0.02%
SBI,HSBC GLOBAL INVESTMENT FU NDS MAURITIUS LTD,BSE,Block,Sell,26-09-2016,254,1554000,0.02%
Crompton Greaves,HSBC GLOBAL INVESTMENT FUNDS INDIAN EQUITY,BSE,Bulk,Purchase,26-09-2016,157,6659688,1.03%
Crompton Greaves,HSBC GLOBAL INVESTMENT FU NDS MAURITIUS LTD,BSE,Bulk,Sell,26-09-2016,157,6659688,1.03%
Crompton Greaves,HSBC GLOBAL INVESTMENT FUNDS INDIAN EQUITY,BSE,Block,Purchase,26-09-2016,157,6659688,1.03%
Crompton Greaves,HSBC GLOBAL INVESTMENT FU NDS MAURITIUS LTD,BSE,Block,Sell,26-09-2016,157,6659688,1.03%
Cox & Kings,HSBC GLOBAL INVESTMENT FUNDS INDIAN EQUITY,BSE,Bulk,Purchase,19-09-2016,232,1570000,0.89%
Cox & Kings,HSBC GLOBAL INVESTMENT FU NDS MAURITIUS LTD,BSE,Bulk,Sell,19-09-2016,232,1570000,0.89%
Cox & Kings,HSBC GLOBAL INVESTMENT FUNDS INDIAN EQUITY,BSE,Block,Purchase,19-09-2016,232,1570000,0.89%
Cox & Kings,HSBC GLOBAL INVESTMENT FU NDS MAURITIUS LTD,BSE,Block,Sell,19-09-2016,232,1570000,0.89%
HCL Technologies,HSBC GLOBAL INVESTMENT FUNDS INDIAN EQUITY,BSE,Block,Purchase,19-09-2016,785,508000,0.02%
HCL Technologies,HSBC GLOBAL INVESTMENT FU NDS MAURITIUS LTD,BSE,Block,Sell,19-09-2016,785,508000,0.02%
IDFC,HSBC GLOBAL INVESTMENT FUNDS INDIAN EQUITY,BSE,Block,Purchase,19-09-2016,60.9,6320000,0.40%
IDFC,HSBC GLOBAL INVESTMENT FU NDS MAURITIUS LTD,BSE,Block,Sell,19-09-2016,60.9,6320000,0.40%
Infosys,HSBC GLOBAL INVESTMENT FUNDS INDIAN EQUITY,BSE,Block,Purchase,19-09-2016,1050,435000,0.01%
Infosys,HSBC GLOBAL INVESTMENT FU NDS MAURITIUS LTD,BSE,Block,Sell,19-09-2016,1050,435000,0.01%
ITC,HSBC GLOBAL INVESTMENT FUNDS INDIAN EQUITY,BSE,Block,Purchase,19-09-2016,260,1420000,0.01%
ITC,HSBC GLOBAL INVESTMENT FU NDS MAURITIUS LTD,BSE,Block,Sell,19-09-2016,260,1420000,0.01%
Tech Mahindra,HSBC GLOBAL INVESTMENT FUNDS INDIAN EQUITY,BSE,Block,Purchase,19-09-2016,465,896000,0.09%
Tech Mahindra,HSBC GLOBAL INVESTMENT FU NDS MAURITIUS LTD,BSE,Block,Sell,19-09-2016,465,896000,0.09%
IDFC First Bank,HSBC GLOBAL INVESTMENT FUNDS INDIAN EQUITY,BSE,Block,Purchase,19-09-2016,66,6320000,0.07%
IDFC First Bank,HSBC GLOBAL INVESTMENT FU NDS MAURITIUS LTD,BSE,Block,Sell,19-09-2016,66,6320000,0.07%
ITC,HSBC GLOBAL INVESTMENT FU NDS MAURITIUS LTD,BSE,Block,Purchase,15-09-2016,253,761663,0.01%
JSW Dulux,GOLDMAN SACHS FUNDS - GOLDMAN SACHS INDIA EQUITY PORTFOLIO,NSE,Bulk,Purchase,17-12-2025,3150,335465,0.73%
CarTrade Tech,GOLDMAN SACHS FUNDS - GOLDMAN SACHS INDIA EQUITY PORTFOLIO,BSE,Bulk,Sell,27-11-2025,3044.49,451026,0.93%
CarTrade Tech,GOLDMAN SACHS INDIA LIMITED,NSE,Bulk,Sell,10-10-2025,2445,361627,0.75%
JSW Dulux,GOLDMAN SACHS FUNDS - GOLDMAN SACHS INDIA EQUITY PORTFOLIO,NSE,Bulk,Purchase,24-09-2025,3358.8,449823,0.98%
JSW Dulux,GOLDMAN SACHS FUNDS - GOLDMAN SACHS INDIA EQUITY PORTFOLIO,NSE,Block,Purchase,24-09-2025,3358.8,449823,0.98%
JSW Dulux,GOLDMAN SACHS ETF TRUST - GOLDMAN SACHS INDIA EQUITY ETF,NSE,Block,Purchase,24-09-2025,3358.8,1237,0.00%
Aditya Birla Capital,GOLDMAN SACHS FUNDS  GOLDMAN SACHS INDIA EQUITY PORTFOLIO,NSE,Block,Purchase,11-06-2025,242.65,3363220,0.12%
Aditya Birla Capital,GOLDMAN SACHS FUNDS - GOLDMAN SACHS INDIA EQUITY PORTFOLIO,BSE,Block,Purchase,11-06-2025,242.65,3363219,0.12%
Sterlite Tech,GOLDMAN SACHS FUNDS - GOLDMAN SACHS INDIA EQUITY PORTFOLIO,BSE,Bulk,Sell,05-03-2025,81.04,10377562,2.02%
Awfis Space Solutions,GOLDMAN SACHS FUNDS - GOLDMAN SACHS INDIA EQUITY PORTFOLIO,NSE,Bulk,Purchase,11-12-2024,709.9,856599,1.20%
Awfis Space Solutions,GOLDMAN SACHS FUNDS - GOLDMAN SACHS INDIA EQUITY PORTFOLIO,NSE,Block,Purchase,11-12-2024,709.9,856599,1.20%
Home First Finance,GOLDMAN SACHS FUNDS - GOLDMAN SACHS INDIA EQUITY PORTFOLIO,BSE,Bulk,Purchase,02-12-2024,989.98,859710,0.82%
Afcons Infrastructure,GOLDMAN SACHS FUNDS - GOLDMAN SACHS INDIA EQUITY PORTFOLIO,NSE,Bulk,Purchase,04-11-2024,443.65,2529066,0.69%
ideaForge Technology,GOLDMAN SACHS FUNDS - GOLDMAN SACHS INDIA EQUITY PORTFOLIO,NSE,Bulk,Sell,10-10-2024,657.67,649507,1.31%
R Systems Intl,GOLDMAN SACHS FUNDS GOLDMAN SACHS INDIA EQUITY PORTFOLIO,BSE,Block,Purchase,04-10-2024,465.15,2845189,2.40%
Nuvama Wealth,GOLDMAN SACHS FUNDS - GOLDMAN SACHS INDIA EQUITY PORTFOLIO,BSE,Bulk,Purchase,27-09-2024,6702.6,324539,0.18%
Nuvama Wealth,GOLDMAN SACHS FUNDS - GOLDMAN SACHS INDIA EQUITY PORTFOLIO,BSE,Block,Purchase,27-09-2024,6702.6,324539,0.18%
Five-Star Business Finance,GOLDMAN SACHS FUNDS - GOLDMAN SACHS INDIA EQUITY PORTFOLIO,BSE,Block,Purchase,26-09-2024,800.5,709804,0.24%
India Shelter Finance ,GOLDMAN SACHS FUNDS GOLDMAN SACHS INDIA EQUITY PORTFOLIO,BSE,Bulk,Purchase,16-09-2024,752.35,742392,0.68%
Arvind Fashions,GOLDMAN SACHS FUNDS - GOLDMAN SACHS INDIA EQUITY PORTFOLIO,BSE,Bulk,Purchase,11-09-2024,574.73,1311062,0.98%
Arvind Fashions,GOLDMAN SACHS FUNDS - GOLDMAN SACHS INDIA EQUITY PORTFOLIO,NSE,Bulk,Purchase,11-09-2024,580.71,1006382,0.75%
Medi Assist Healthcare,GOLDMAN SACHS FUNDS - GOLDMAN SACHS INDIA EQUITY PORTFOLIO,NSE,Bulk,Purchase,03-09-2024,611.7,1155631,1.55%
Medi Assist Healthcare,GOLDMAN SACHS FUNDS - GOLDMAN SACHS INDIA EQUITY PORTFOLIO,NSE,Block,Purchase,03-09-2024,611.7,1155631,1.55%
Bajaj Consumer Care,GOLDMAN SACHS FUNDS - GOLDMAN SACHS INDIA EQUITY PORTFOLIO,NSE,Bulk,Sell,05-08-2024,256.02,2418186,1.85%
Archean Chemical ,GOLDMAN SACHS FUNDS - GOLDMAN SACHS INDIA EQUITY PORTFOLIO,BSE,Bulk,Purchase,27-06-2024,658,628128,0.51%
Restaurant Brands Asia,GOLDMAN SACHS FUNDS - GOLDMAN SACHS INDIA EQUITY PORTFOLIO,BSE,Bulk,Sell,25-06-2024,104.05,4797361,0.67%
CarTrade Tech,GOLDMAN SACHS FUNDS GOLDMAN SACHS INDIA EQUITY PORTFOLIO,BSE,Bulk,Purchase,24-06-2024,828,619960,1.28%
Spandana Sphoorty,GOLDMAN SACHS FUNDS - GOLDMAN SACHS INDIA EQUITY PORTFOLIO,NSE,Bulk,Purchase,18-06-2024,760,1034598,1.29%
Restaurant Brands Asia,GOLDMAN SACHS FUNDS - GOLDMAN SACHS INDIA EQUITY PORTFOLIO,BSE,Bulk,Sell,14-06-2024,105.53,4059827,0.57%
Awfis Space Solutions,GOLDMAN SACHS FDS GOLDMAN SACHS INDIA EQ PORTFOLIO,NSE,Bulk,Purchase,30-05-2024,438.18,1075039,1.50%
TBO Tek,GOLDMAN SACHS FDS GOLDMAN SACHS INDIA EQ PORTFOLIO,NSE,Bulk,Purchase,15-05-2024,1411.35,653187,0.60%
Mold-Tek Packaging,GOLDMAN SACHS FUNDS - GOLDMAN SACHS INDIA EQUITY PORTFOLIO,NSE,Bulk,Sell,14-03-2024,804.98,236368,0.71%
Praveg,GOLDMAN SACHS FUNDS - GOLDMAN SACHS INDIA EQUITY PORTFOLIO,BSE,Bulk,Purchase,11-03-2024,850,534171,2.04%
Eureka Forbes,GOLDMAN SACHS FUNDS - GOLDMAN SACHS INDIA EQUITY PORTFOLIO,BSE,Bulk,Purchase,22-02-2024,504.95,2345220,1.21%
Eureka Forbes,GOLDMAN SACHS FUNDS - GOLDMAN SACHS INDIA EQUITY PORTFOLIO,BSE,Block,Purchase,22-02-2024,504.95,2345220,1.21%
Devyani Intl,GOLDMAN SACHS FUNDS - GOLDMAN SACHS INDIA EQUITY PORTFOLIO,NSE,Block,Purchase,21-02-2024,164.1,1851955,0.15%
Bharat Petroleum,GOLDMAN SACHS FUNDS GOLDMAN SACHS INDIA EQUITY PORTFOLIO,BSE,Block,Purchase,14-02-2024,584,411885,0.01%
Kalyan Jewellers,GOLDMAN SACHS FUNDS - GOLDMAN SACHS INDIA EQUITY PORTFOLIO,NSE,Bulk,Purchase,08-02-2024,334,5847101,0.57%
Kalyan Jewellers,GOLDMAN SACHS FUNDS - GOLDMAN SACHS INDIA EQUITY PORTFOLIO,NSE,Block,Purchase,08-02-2024,334,5847101,0.57%
Paradeep Phosphates,GOLDMAN SACHS FUNDS - GOLDMAN SACHS INDIA EQUITY PORTFOLIO,NSE,Bulk,Sell,08-02-2024,76.05,7474568,0.72%
Avalon Technologies,GOLDMAN SACHS FUNDS - GOLDMAN SACHS INDIA EQUITY PORTFOLIO,NSE,Bulk,Sell,08-02-2024,474.01,1493822,2.24%
Medi Assist Healthcare,GOLDMAN SACHS FUNDS - GOLDMAN SACHS INDIA EQUITY PORTFOLIO,NSE,Bulk,Purchase,23-01-2024,468.65,1534472,2.05%
Pricol,GOLDMAN SACHS INDIA LIMITED,NSE,Bulk,Purchase,17-01-2024,343.5,1490024,1.22%
Pricol,GOLDMAN SACHS INDIA LIMITED,NSE,Block,Purchase,17-01-2024,343.5,1490024,1.22%
India Shelter Finance ,GOLDMAN SACHS FUNDS - GOLDMAN SACHS INDIA EQUITY PORTFOLIO,NSE,Bulk,Purchase,20-12-2023,593.08,591027,0.54%
Archean Chemical ,GOLDMAN SACHS FDS GOLDMAN SACHS INDIA EQ PORTFOLIO,NSE,Bulk,Purchase,18-12-2023,600,623609,0.51%
Pricol,GOLDMAN SACHS INDIA LIMITED,BSE,Bulk,Purchase,08-12-2023,333,2894619,2.37%
Mahindra Logistics,GOLDMAN SACHS FUNDS - GOLDMAN SACHS INDIA EQUITY PORTFOLIO,NSE,Bulk,Sell,08-12-2023,376.19,592042,0.60%
ASK Automotive,GOLDMANSACHS FUNDS GOLDMANSACHS INDIA EQUITY PORTFOLIO,NSE,Bulk,Purchase,15-11-2023,310.05,2320653,1.18%
IKIO Technologies,GOLDMAN SACHS FUNDS GOLDMAN SACHS INDIA EQUITY PORTFOLIO,NSE,Bulk,Sell,06-11-2023,346.77,634055,0.82%
CMS Info Systems,GOLDMAN SACHS FUNDS - GOLDMAN SACHS INDIA EQUITY PORTFOLIO,BSE,Bulk,Purchase,10-08-2023,356,1190527,0.74%
360 One Wam,GOLDMAN SACHS FUNDS - GOLDMAN SACHS INDIA EQUITY PORTFOLIO,BSE,Block,Purchase,08-08-2023,500,1492910,0.37%
360 One Wam,GOLDMAN SACHS FUNDS - GOLDMAN SACHS INDIA EQUITY PORTFOLIO,BSE,Block,Purchase,08-08-2023,500,222992,0.05%
Spandana Sphoorty,GOLDMAN SACHS FUNDS GOLDMAN SACHS INDIA EQUITY PORTFOLIO,NSE,Bulk,Purchase,31-07-2023,830,357532,0.45%
Landmark Cars,GOLDMAN SACHS FUNDS - GOLDMAN SACHS INDIA EQUITY PORTFOLIO,NSE,Bulk,Purchase,23-06-2023,658,277850,0.67%
Landmark Cars,GOLDMAN SACHS FUNDS - GOLDMAN SACHS INDIA EQUITY PORTFOLIO,NSE,Block,Purchase,23-06-2023,658,277850,0.67%
Avalon Technologies,GOLDMAN SACHS FUNDS - GOLDMAN SACHS INDIA EQUITY PORTFOLIO,NSE,Bulk,Purchase,18-04-2023,412.91,350230,0.52%
Landmark Cars,GOLDMAN SACHS FUNDS - GOLDMAN SACHS INDIA EQUITY PORTFOLIO,NSE,Bulk,Purchase,23-12-2022,466.55,392421,0.95%
Sula Vineyards,GOLDMAN SACHS FUNDS GOLDMAN SACHS INDIA EQUITY PORTFOLIO,NSE,Bulk,Purchase,22-12-2022,351.48,695864,0.82%
Kaynes Technology,GOLDMAN SACHS FUNDS - GOLDMAN SACHS INDIA EQUITY PORTFOLIO,NSE,Bulk,Purchase,22-11-2022,705.28,466038,0.70%
Bikaji Foods,GOLDMAN SACHS FUNDS - GOLDMAN SACHS INDIA EQUITY PORTFOLIO,NSE,Bulk,Purchase,16-11-2022,324.5,1745354,0.70%
Paradeep Phosphates,GOLDMAN SACHS FUNDS - GOLDMAN SACHS INDIA EQUITY PORTFOLIO,NSE,Bulk,Purchase,27-05-2022,45.95,4132211,0.40%
C.E. Info Systems,GOLDMAN SACHS FUNDS - GOLDMAN SACHS INDIA EQUITY PORTFOLIO,NSE,Bulk,Purchase,21-12-2021,1392.99,376708,0.69%
RateGain Travel,GOLDMAN SACHS FUNDS - GOLDMAN SACHS INDIA EQUITY PORTFOLIO,NSE,Bulk,Purchase,17-12-2021,361.71,719727,0.61%
SJS Enterprises,GOLDMAN SACHS FUNDS - GOLDMAN SACHS INDIA EQUITY PORTFOLIO,NSE,Bulk,Purchase,15-11-2021,527.04,254786,0.80%
APL Apollo Tubes,GOLDMAN SACHS FUNDS GOLDMAN SACHS INDIA EQUITY PORTFOLIO,BSE,Bulk,Purchase,05-10-2021,870.9,2908770,1.05%
APL Apollo Tubes,GOLDMAN SACHS INDIA FUND LIMITED,BSE,Bulk,Sell,05-10-2021,870.9,2908770,1.05%
APL Apollo Tubes,GOLDMAN SACHS FUNDS GOLDMAN SACHS INDIA EQUITY PORTFOLIO,BSE,Block,Purchase,05-10-2021,870.9,2908770,1.05%
APL Apollo Tubes,GOLDMAN SACHS INDIA FUND LIMITED,BSE,Block,Sell,05-10-2021,870.9,2908770,1.05%
ICICI Bank,GOLDMAN SACHS FDS GOLDMAN SACHS INDIA EQ PORTFOLIO,BSE,Block,Purchase,28-09-2021,729.9,4734822,0.07%
ICICI Bank,GOLDMAN SACHS INDIA FUND LIMITED,BSE,Block,Sell,28-09-2021,729.9,4734822,0.07%
Reliance Industries,GOLDMAN SACHS FUNDS - GOLDMAN SACHS INDIA EQUITY PORTFOLIO,BSE,Block,Purchase,28-09-2021,2525.2,900000,0.01%
Reliance Industries,GOLDMAN SACHS INDIA LIMITED,BSE,Block,Sell,28-09-2021,2525.2,900000,0.01%
Sundram Fasteners,GOLDMAN SACHS FUNDS - GOLDMAN SACHS INDIA EQUITY PORTFOLIO,BSE,Block,Purchase,28-09-2021,908.7,1011052,0.48%
Sundram Fasteners,GOLDMAN SACHS INDIA LIMITED,BSE,Block,Sell,28-09-2021,908.7,1011052,0.48%
Tata Communications,GOLDMAN SACHS FUNDS - GOLDMAN SACHS INDIA EQUITY PORTFOLIO,BSE,Block,Purchase,28-09-2021,1427.55,200000,0.07%
Tata Communications,GOLDMAN SACHS INDIA LIMITED,BSE,Block,Sell,28-09-2021,1427.55,200000,0.07%
Tube Investments,GOLDMAN SACHS FDS GOLDMAN SACHS INDIA EQ PORTFOLIO,BSE,Block,Purchase,28-09-2021,1438.7,675107,0.35%
Tube Investments,GOLDMAN SACHS INDIA FUND LIMITED,BSE,Block,Sell,28-09-2021,1438.7,675107,0.35%
Stove Kraft,GOLDMAN SACHS FDS GOLDMAN SACHS INDIA EQ PORTFOLIO,BSE,Block,Purchase,28-09-2021,943.35,957763,2.89%
Stove Kraft,GOLDMAN SACHS INDIA FUND LIMITED,BSE,Block,Sell,28-09-2021,943.35,957763,2.89%
Sonata Software,GOLDMAN SACHS FDS GOLDMAN SACHS INDIA EQ PORTFOLIO,BSE,Bulk,Purchase,24-09-2021,922.6,998925,0.36%
Sonata Software,GOLDMAN SACHS INDIA FUND LIMITED,BSE,Bulk,Sell,24-09-2021,922.6,998925,0.36%
Sonata Software,GOLDMAN SACHS FDS GOLDMAN SACHS INDIA EQ PORTFOLIO,BSE,Block,Purchase,24-09-2021,922.6,998925,0.36%
Sonata Software,GOLDMAN SACHS INDIA FUND LIMITED,BSE,Block,Sell,24-09-2021,922.6,998925,0.36%
Tata Communications,GOLDMAN SACHS FUNDS - GOLDMAN SACHS INDIA EQUITY PORTFOLIO,BSE,Block,Purchase,24-09-2021,1460.2,1003500,0.35%
Tata Communications,GOLDMAN SACHS INDIA LIMITED,BSE,Block,Sell,24-09-2021,1460.2,1003500,0.35%
Tata Power Company,GOLDMAN SACHS FDS GOLDMAN SACHS INDIA EQ PORTFOLIO,BSE,Block,Purchase,24-09-2021,143.65,10839103,0.34%
Tata Power Company,GOLDMAN SACHS INDIA FUND LIMITED,BSE,Block,Sell,24-09-2021,143.65,10839103,0.34%
Torrent Pharma,GOLDMAN SACHS FDS GOLDMAN SACHS INDIA EQ PORTFOLIO,BSE,Block,Purchase,24-09-2021,3102.2,377285,0.10%
Torrent Pharma,GOLDMAN SACHS INDIA FUND LIMITED,BSE,Block,Sell,24-09-2021,3102.2,377285,0.10%
Trent,GOLDMAN SACHS FUNDS - GOLDMAN SACHS INDIA EQUITY PORTFOLIO,BSE,Block,Purchase,24-09-2021,1009.7,785616,0.15%
Trent,GOLDMAN SACHS INDIA LIMITED,BSE,Block,Sell,24-09-2021,1009.7,785616,0.15%
Zensar Technologies,GOLDMAN SACHS FUNDS - GOLDMAN SACHS INDIA EQUITY PORTFOLIO,BSE,Bulk,Purchase,24-09-2021,508,2575839,1.13%
Zensar Technologies,GOLDMAN SACHS INDIA LIMITED,BSE,Bulk,Sell,24-09-2021,508,2575839,1.13%
Zensar Technologies,GOLDMAN SACHS FUNDS - GOLDMAN SACHS INDIA EQUITY PORTFOLIO,BSE,Block,Purchase,24-09-2021,508,2575839,1.13%
Zensar Technologies,GOLDMAN SACHS INDIA LIMITED,BSE,Block,Sell,24-09-2021,508,2575839,1.13%
Route Mobile,GOLDMAN SACHS FDS GOLDMAN SACHS INDIA EQ PORTFOLIO,BSE,Bulk,Purchase,24-09-2021,1998.35,874445,1.39%
Route Mobile,GOLDMAN SACHS INDIA FUND LIMITED,BSE,Bulk,Sell,24-09-2021,1998.35,874445,1.39%
Route Mobile,GOLDMAN SACHS FDS GOLDMAN SACHS INDIA EQ PORTFOLIO,BSE,Block,Purchase,24-09-2021,1998.35,874445,1.39%
Route Mobile,GOLDMAN SACHS INDIA FUND LIMITED,BSE,Block,Sell,24-09-2021,1998.35,874445,1.39%
ICICI Bank,GOLDMAN SACHS FDS GOLDMAN SACHS INDIA EQ PORTFOLIO,BSE,Block,Purchase,22-09-2021,711.25,11700000,0.16%
ICICI Bank,GOLDMAN SACHS INDIA FUND LIMITED,BSE,Block,Sell,22-09-2021,711.25,11700000,0.16%
Persistent Systems,GOLDMAN SACHS FUNDS  GOLDMAN SACHS INDIA EQUITY PORTFOLIO,BSE,Block,Purchase,20-09-2021,3539.35,402479,0.26%
Persistent Systems,GOLDMAN SACHS INDIA FUND LIMITED,BSE,Block,Sell,20-09-2021,3539.35,402479,0.26%
SBI,GOLDMAN SACHS FUNDS  GOLDMAN SACHS INDIA EQUITY PORTFOLIO,BSE,Block,Purchase,20-09-2021,454.05,6706742,0.07%
SBI,GOLDMAN SACHS INDIA FUND LIMITED,BSE,Block,Sell,20-09-2021,454.05,6706742,0.07%
PNC Infratech,GOLDMAN SACHS FUNDS  GOLDMAN SACHS INDIA EQUITY PORTFOLIO,BSE,Block,Purchase,20-09-2021,369.45,4407843,1.72%
PNC Infratech,GOLDMAN SACHS INDIA FUND LIMITED,BSE,Block,Sell,20-09-2021,369.45,4407843,1.72%
SBI Cards and Payment,GOLDMAN SACHS FUNDS  GOLDMAN SACHS INDIA EQUITY PORTFOLIO,BSE,Block,Purchase,20-09-2021,1078,1408831,0.15%
SBI Cards and Payment,GOLDMAN SACHS INDIA FUND LIMITED,BSE,Block,Sell,20-09-2021,1078,1408831,0.15%
Rossari Biotech,GOLDMAN SACHS FUNDS  GOLDMAN SACHS INDIA EQUITY PORTFOLIO,BSE,Block,Purchase,20-09-2021,1478.65,666135,1.20%
Rossari Biotech,GOLDMAN SACHS INDIA FUND LIMITED,BSE,Block,Sell,20-09-2021,1478.65,666135,1.20%
RailTel Corporation,GOLDMAN SACHS FUNDS  GOLDMAN SACHS INDIA EQUITY PORTFOLIO,BSE,Block,Purchase,20-09-2021,130.65,6963219,2.17%
RailTel Corporation,GOLDMAN SACHS INDIA FUND LIMITED,BSE,Block,Sell,20-09-2021,130.65,6963219,2.17%
CarTrade Tech,GOLDMAN SACHS FUNDS  GOLDMAN SACHS INDIA EQUITY PORTFOLIO,BSE,Block,Purchase,20-09-2021,1452.25,162234,0.34%
CarTrade Tech,GOLDMAN SACHS INDIA FUND LIMITED,BSE,Block,Sell,20-09-2021,1452.25,162234,0.34%
Lupin,GOLDMAN SACHS FUNDS - GOLDMAN SACHS INDIA EQUITY PORTFOLIO,BSE,Block,Purchase,16-09-2021,989.8,1265614,0.28%
Lupin,GOLDMAN SACHS ASSET MANAGEMENT LLC A/C GOLDMAN SACHS INDIA FUND LIMITED,BSE,Block,Sell,16-09-2021,989.8,1265614,0.28%
Marico,GOLDMAN SACHS FUNDS - GOLDMAN SACHS INDIA EQUITY PORTFOLIO,BSE,Block,Purchase,16-09-2021,561.75,3098442,0.24%
Marico,GOLDMAN SACHS ASSET MANAGEMENT LLC A/C GOLDMAN SACHS INDIA FUND LIMITED,BSE,Block,Sell,16-09-2021,561.75,3098442,0.24%
Syngene Intl,GOLDMAN SACHS FUNDS - GOLDMAN SACHS INDIA EQUITY PORTFOLIO,BSE,Block,Purchase,16-09-2021,666.2,1815280,0.45%
Syngene Intl,GOLDMAN SACHS ASSET MANAGEMENT LLC A/C GOLDMAN SACHS INDIA FUND LIMITED,BSE,Block,Sell,16-09-2021,666.2,1815280,0.45%
L&T Technology,GOLDMAN SACHS FUNDS - GOLDMAN SACHS INDIA EQUITY PORTFOLIO,BSE,Block,Purchase,16-09-2021,4573.2,412348,0.39%
L&T Technology,GOLDMAN SACHS ASSET MANAGEMENT LLC A/C GOLDMAN SACHS INDIA FUND LIMITED,BSE,Block,Sell,16-09-2021,4573.2,412348,0.39%
Mahindra Logistics,GOLDMAN SACHS FUNDS - GOLDMAN SACHS INDIA EQUITY PORTFOLIO,BSE,Bulk,Purchase,16-09-2021,713.85,1630031,1.64%
Mahindra Logistics,GOLDMAN SACHS ASSET MANAGEMENT LLC A/C GOLDMAN SACHS INDIA FUND LIMITED,BSE,Bulk,Sell,16-09-2021,713.85,1630031,1.64%
Mahindra Logistics,GOLDMAN SACHS FUNDS - GOLDMAN SACHS INDIA EQUITY PORTFOLIO,BSE,Block,Purchase,16-09-2021,713.85,1630031,1.64%
Mahindra Logistics,GOLDMAN SACHS ASSET MANAGEMENT LLC A/C GOLDMAN SACHS INDIA FUND LIMITED,BSE,Block,Sell,16-09-2021,713.85,1630031,1.64%
Newgen Software,GOLDMAN SACHS FUNDS - GOLDMAN SACHS INDIA EQUITY PORTFOLIO,BSE,Bulk,Purchase,16-09-2021,607.85,2678786,1.88%
Newgen Software,GOLDMAN SACHS ASSET MANAGEMENT LLC A/C GOLDMAN SACHS INDIA FUND LIMITED,BSE,Bulk,Sell,16-09-2021,607.85,2678786,1.88%
Newgen Software,GOLDMAN SACHS FUNDS - GOLDMAN SACHS INDIA EQUITY PORTFOLIO,BSE,Block,Purchase,16-09-2021,607.85,2678786,1.88%
Newgen Software,GOLDMAN SACHS ASSET MANAGEMENT LLC A/C GOLDMAN SACHS INDIA FUND LIMITED,BSE,Block,Sell,16-09-2021,607.85,2678786,1.88%
Laxmi Organic Ind,GOLDMAN SACHS FUNDS - GOLDMAN SACHS INDIA EQUITY PORTFOLIO,BSE,Bulk,Purchase,16-09-2021,598.15,1995234,0.72%
Laxmi Organic Ind,GOLDMAN SACHS ASSET MANAGEMENT LLC A/C GOLDMAN SACHS INDIA FUND LIMITED,BSE,Bulk,Sell,16-09-2021,598.15,1995234,0.72%
Laxmi Organic Ind,GOLDMAN SACHS FUNDS - GOLDMAN SACHS INDIA EQUITY PORTFOLIO,BSE,Block,Purchase,16-09-2021,598.15,1995234,0.72%
Laxmi Organic Ind,GOLDMAN SACHS ASSET MANAGEMENT LLC A/C GOLDMAN SACHS INDIA FUND LIMITED,BSE,Block,Sell,16-09-2021,598.15,1995234,0.72%
JK Cement,GOLDMAN SACHS FUNDS - GOLDMAN SACHS INDIA EQUITY PORTFOLIO,BSE,Block,Purchase,14-09-2021,3471.85,346260,0.45%
JK Cement,GOLDMAN SACHS INDIA LIMITED,BSE,Block,Sell,14-09-2021,3471.85,346260,0.45%
Kajaria Ceramics,GOLDMAN SACHS FUNDS - GOLDMAN SACHS INDIA EQUITY PORTFOLIO,BSE,Bulk,Purchase,14-09-2021,1172.6,1362000,0.86%
Kajaria Ceramics,GOLDMAN SACHS INDIA LIMITED,BSE,Bulk,Sell,14-09-2021,1172.6,1362000,0.86%
Kajaria Ceramics,GOLDMAN SACHS FUNDS - GOLDMAN SACHS INDIA EQUITY PORTFOLIO,BSE,Block,Purchase,14-09-2021,1172.6,1362000,0.86%
Kajaria Ceramics,GOLDMAN SACHS INDIA LIMITED,BSE,Block,Sell,14-09-2021,1172.6,1362000,0.86%
KEI Industries,GOLDMAN SACHS FUNDS - GOLDMAN SACHS INDIA EQUITY PORTFOLIO,BSE,Bulk,Purchase,14-09-2021,804.9,1472757,1.54%
KEI Industries,GOLDMAN SACHS INDIA LIMITED,BSE,Bulk,Sell,14-09-2021,804.9,1472757,1.54%
KEI Industries,GOLDMAN SACHS FUNDS - GOLDMAN SACHS INDIA EQUITY PORTFOLIO,BSE,Block,Purchase,14-09-2021,804.9,1472757,1.54%
KEI Industries,GOLDMAN SACHS INDIA LIMITED,BSE,Block,Sell,14-09-2021,804.9,1472757,1.54%
Kotak Mahindra Bank,GOLDMAN SACHS FUNDS - GOLDMAN SACHS INDIA EQUITY PORTFOLIO,BSE,Block,Purchase,14-09-2021,1836.8,1424768,0.01%
Kotak Mahindra Bank,GOLDMAN SACHS INDIA LIMITED,BSE,Block,Sell,14-09-2021,1836.8,1424768,0.01%
ISGEC Heavy Engg,GOLDMAN SACHS FUNDS - GOLDMAN SACHS INDIA EQUITY PORTFOLIO,BSE,Bulk,Purchase,14-09-2021,729.45,1383655,1.88%
ISGEC Heavy Engg,GOLDMAN SACHS INDIA LIMITED,BSE,Bulk,Sell,14-09-2021,729.45,1383655,1.88%
ISGEC Heavy Engg,GOLDMAN SACHS FUNDS - GOLDMAN SACHS INDIA EQUITY PORTFOLIO,BSE,Block,Purchase,14-09-2021,729.45,1383655,1.88%
ISGEC Heavy Engg,GOLDMAN SACHS INDIA LIMITED,BSE,Block,Sell,14-09-2021,729.45,1383655,1.88%
Sona BLW Precision,GOLDMAN SACHS FUNDS - GOLDMAN SACHS INDIA EQUITY PORTFOLIO,BSE,Bulk,Purchase,14-09-2021,583.55,3553374,0.57%
Sona BLW Precision,GOLDMAN SACHS INDIA LIMITED,BSE,Bulk,Sell,14-09-2021,583.55,3553374,0.57%
Sona BLW Precision,GOLDMAN SACHS FUNDS - GOLDMAN SACHS INDIA EQUITY PORTFOLIO,BSE,Block,Purchase,14-09-2021,583.55,3553374,0.57%
Sona BLW Precision,GOLDMAN SACHS INDIA LIMITED,BSE,Block,Sell,14-09-2021,583.55,3553374,0.57%
Devyani Intl,GOLDMAN SACHS FUNDS - GOLDMAN SACHS INDIA EQUITY PORTFOLIO,BSE,Block,Purchase,14-09-2021,115.2,3714480,0.30%
Devyani Intl,GOLDMAN SACHS INDIA LIMITED,BSE,Block,Sell,14-09-2021,115.2,3714480,0.30%
Brigade Enterprises,GOLDMAN SACHS FUNDS - GOLDMAN SACHS INDIA EQUITY PORTFOLIO,BSE,Bulk,Purchase,09-09-2021,401.45,1417910,0.43%
Brigade Enterprises,GOLDMAN SACHS INDIA LIMITED,BSE,Bulk,Sell,09-09-2021,401.45,1417910,0.43%
Brigade Enterprises,GOLDMAN SACHS FUNDS - GOLDMAN SACHS INDIA EQUITY PORTFOLIO,BSE,Block,Purchase,09-09-2021,401.45,1417910,0.43%
Brigade Enterprises,GOLDMAN SACHS INDIA LIMITED,BSE,Block,Sell,09-09-2021,401.45,1417910,0.43%
Escorts Kubota,GOLDMAN SACHS FUNDS - GOLDMAN SACHS INDIA EQUITY PORTFOLIO,BSE,Block,Purchase,09-09-2021,1383,481324,0.43%
Escorts Kubota,GOLDMAN SACHS INDIA LIMITED,BSE,Block,Sell,09-09-2021,1383,481324,0.43%
Federal Bank,GOLDMAN SACHS FUNDS - GOLDMAN SACHS INDIA EQUITY PORTFOLIO,BSE,Bulk,Purchase,09-09-2021,83.05,11339015,0.46%
Federal Bank,GOLDMAN SACHS INDIA LIMITED,BSE,Bulk,Sell,09-09-2021,83.05,11339015,0.46%
Federal Bank,GOLDMAN SACHS FUNDS - GOLDMAN SACHS INDIA EQUITY PORTFOLIO,BSE,Block,Purchase,09-09-2021,83.05,11339015,0.46%
Federal Bank,GOLDMAN SACHS INDIA LIMITED,BSE,Block,Sell,09-09-2021,83.05,11339015,0.46%
Gujarat Energy,GOLDMAN SACHS FUNDS GOLDMAN SACHS INDIA EQUITY PORTFOLIO,BSE,Block,Purchase,09-09-2021,688.9,2433514,0.26%
Gujarat Energy,GOLDMAN SACHS INDIA FUND LIMITED,BSE,Block,Sell,09-09-2021,688.9,2433514,0.26%
HDFC Bank,GOLDMAN SACHS FUNDS GOLDMAN SACHS INDIA EQUITY PORTFOLIO,BSE,Block,Purchase,09-09-2021,1577.1,787098,0.01%
HDFC Bank,GOLDMAN SACHS INDIA FUND LIMITED,BSE,Block,Sell,09-09-2021,1577.1,787098,0.01%
Info Edge,GOLDMAN SACHS FUNDS - GOLDMAN SACHS INDIA EQUITY PORTFOLIO,BSE,Block,Purchase,09-09-2021,6720.45,519283,0.08%
Info Edge,GOLDMAN SACHS INDIA LIMITED,BSE,Block,Sell,09-09-2021,6720.45,519283,0.08%
Oberoi Realty,GOLDMAN SACHS FUNDS GOLDMAN SACHS INDIA EQUITY PORTFOLIO,BSE,Block,Purchase,09-09-2021,774.4,1690681,0.46%
Oberoi Realty,GOLDMAN SACHS INDIA FUND LIMITED,BSE,Block,Sell,09-09-2021,774.4,1690681,0.46%
Balrampur Chini ,GOLDMAN SACHS FUNDS - GOLDMAN SACHS INDIA EQUITY PORTFOLIO,BSE,Bulk,Purchase,07-09-2021,364.7,4333235,2.05%
Vishal Fabrics,NOMURA SINGAPORE LIMITED,BSE,Bulk,Sell,27-11-2024,28.46,2115000,0.85%
Paisalo Digital,NOMURA SINGAPORE LIMITED,NSE,Bulk,Sell,26-06-2024,75.47,14800000,1.63%
Salasar Techno,NOMURA SINGAPORE LIMITED,NSE,Bulk,Sell,26-06-2024,19.27,13880000,0.79%
Computer Age Mgmt,NOMURA SINGAPORE LIMITED,BSE,Block,Purchase,04-12-2023,2766,36500,0.01%
Restaurant Brands Asia,NOMURA SINGAPORE LIMITED,NSE,Block,Purchase,15-09-2023,119.1,1050150,0.15%
Eternal,NOMURA SINGAPORE LIMITED,NSE,Block,Purchase,30-08-2023,94.7,1310000,0.01%
Inox Green Energy,NOMURA SINGAPORE LIMITED,NSE,Bulk,Sell,23-11-2022,60.35,1460728,0.36%
BLS International,NOMURA SINGAPORE LIMITED,NSE,Bulk,Purchase,29-08-2022,230,1100000,0.27%
BLS International,NOMURA SINGAPORE LIMITED,NSE,Bulk,Purchase,11-07-2022,214,1250000,0.30%
Dharan InfraEpc,NOMURA SINGAPORE LIMITED,NSE,Bulk,Sell,15-06-2022,4.4,19620000,0.38%
Hariom Pipe ,NOMURA SINGAPORE LIMITED,NSE,Bulk,Sell,13-04-2022,225.84,345190,1.11%
Veranda Learning,NOMURA SINGAPORE LIMITED,BSE,Bulk,Sell,12-04-2022,162.51,778600,0.81%
Veranda Learning,NOMURA SINGAPORE LIMITED,BSE,Bulk,Sell,11-04-2022,160.97,978581,1.02%
Lancer Container ,NOMURA SINGAPORE LIMITED,BSE,Bulk,Purchase,31-03-2022,163.99,450000,0.13%
Vikas Ecotech,NOMURA SINGAPORE LIMITED,NSE,Bulk,Purchase,24-03-2022,5.35,6600000,0.48%
Dhani Services,NOMURA SINGAPORE LIMITED,NSE,Bulk,Purchase,03-02-2022,153,10000000,1.53%
Vishal Fabrics,NOMURA SINGAPORE LIMITED,NSE,Bulk,Purchase,30-08-2021,112.25,705000,0.28%
Paramount Comm,NOMURA SINGAPORE LIMITED,NSE,Bulk,Sell,04-06-2021,13.12,1252644,0.38%
Vikas Ecotech,NOMURA SINGAPORE LIMITED,NSE,Bulk,Sell,27-04-2021,2.06,5220000,0.38%
TruCap Finance,NOMURA SINGAPORE LIMITED,BSE,Bulk,Purchase,05-02-2021,380,135000,0.11%
Vikas Ecotech,NOMURA SINGAPORE LIMITED,NSE,Bulk,Sell,11-01-2021,3.7,1680000,0.12%
Tourism Finance ,NOMURA SINGAPORE LIMITED,NSE,Bulk,Sell,23-03-2020,32.85,2644952,0.57%
Eris Lifesciences,NOMURA SINGAPORE LIMITED,BSE,Bulk,Purchase,15-11-2019,410,950000,0.69%
Inox Wind,NOMURA SINGAPORE LIMITED,NSE,Bulk,Sell,05-12-2018,79.3,2375000,0.14%
Inox Wind,NOMURA SINGAPORE LIMITED,BSE,Bulk,Sell,05-12-2018,80.3,2375000,0.14%
Paramount Comm,NOMURA SINGAPORE LIMITED,NSE,Bulk,Purchase,22-11-2018,8.45,2823126,0.86%
Vikas Ecotech,NOMURA SINGAPORE LIMITED,NSE,Bulk,Purchase,16-11-2018,14,3500000,0.25%
Vikas Ecotech,NOMURA SINGAPORE LIMITED,BSE,Bulk,Purchase,16-11-2018,14,3500000,0.25%
AvenuesAI,NOMURA SINGAPORE LIMITED,NSE,Bulk,Sell,08-10-2018,60.09,8800694,0.25%
AvenuesAI,NOMURA SINGAPORE LIMITED,NSE,Bulk,Purchase,10-05-2018,167.75,3000000,0.09%
IRB InvIT Fund,NOMURA SINGAPORE LIMITED,BSE,Bulk,Purchase,13-03-2018,82.75,6405000,0.50%
PG Electroplast,NOMURA SINGAPORE LIMITED,NSE,Bulk,Sell,06-03-2018,340,100000,0.03%
Hubtown,NOMURA SINGAPORE LIMITED,NSE,Bulk,Purchase,28-11-2017,130.1,410000,0.29%
Mercator,NOMURA SINGAPORE LIMITED,BSE,Bulk,Sell,20-11-2017,40.65,4514888,1.49%
Bharat Road Network,NOMURA SINGAPORE LIMITED,NSE,Bulk,Sell,18-09-2017,209.9,1702523,2.03%
Bharat Road Network,NOMURA SINGAPORE LIMITED,BSE,Bulk,Sell,18-09-2017,209.01,965000,1.15%
Ramkrishna Forgings,NOMURA SINGAPORE LIMITED,NSE,Bulk,Sell,01-06-2017,459.73,226206,0.13%
IRB InvIT Fund,NOMURA SINGAPORE LIMITED,NSE,Bulk,Sell,18-05-2017,102.04,2905000,0.23%
Sadbhav Infra,NOMURA ASSET MGMT SINGAPORE LIMITED ASTRO TRUST SERIES TRICERATOP,BSE,Bulk,Purchase,05-05-2017,104.5,13225812,3.75%
Sadbhav Infra,NOMURA ASSET MGMT SINGAPORE LIMITED ASTRO TRUST SERIES TRICERATOP,BSE,Block,Purchase,05-05-2017,104.5,13225812,3.75%
Ansal Properties,NOMURA SINGAPORE LIMITED,NSE,Bulk,Sell,07-04-2017,20.17,1011776,0.64%
Ansal Properties,NOMURA SINGAPORE LIMITED,NSE,Bulk,Sell,06-04-2017,19.01,905000,0.57%
Jain Irrigation,NOMURA SINGAPORE LIMITED,NSE,Bulk,Sell,23-02-2017,93.59,3379000,0.47%
Lypsa Jewellery,NOMURA SINGAPORE LIMITED,NSE,Bulk,Purchase,20-02-2017,68,125000,0.42%
Lypsa Jewellery,NOMURA SINGAPORE LIMITED,NSE,Bulk,Purchase,06-02-2017,66,125000,0.42%
Mercator,NOMURA SINGAPORE LIMITED,BSE,Bulk,Sell,30-01-2017,42.6,9600000,3.17%
Eveready Industries,NOMURA SINGAPORE LIMITED,NSE,Bulk,Purchase,15-12-2016,216.75,410793,0.57%
Vardhman Acrylics,NOMURA SINGAPORE LIMITED,NSE,Bulk,Purchase,08-12-2016,45.95,487247,0.61%
Neuland Laboratories,NOMURA ASSET MNGT SINGAPORE LTD ACCOUNT NOMURA FUNDS IRELA,NSE,Bulk,Purchase,07-11-2016,1023.71,58262,0.45%
Aarey Drugs & Pharma,NOMURA SINGAPORE LIMITED,BSE,Bulk,Purchase,07-11-2016,50.25,94274,0.33%
OnMobile Global,NOMURA SINGAPORE LIMITED,BSE,Bulk,Purchase,04-11-2016,105.75,859666,0.81%
Karnataka Bank,NOMURA SINGAPORE LIMITED,NSE,Bulk,Sell,27-10-2016,119.23,2640000,0.70%
Karnataka Bank,NOMURA SINGAPORE LIMITED,NSE,Bulk,Purchase,20-10-2016,154.87,1379000,0.36%
Dwarikesh Sugar,NOMURA SINGAPORE LIMITED,BSE,Bulk,Sell,30-09-2016,243.53,200000,0.11%
Multi Commodity Exchange,NOMURA SINGAPORE LIMITED,NSE,Bulk,Purchase,29-09-2016,1352.69,397800,0.16%
RPP Infra Projects,NOMURA SINGAPORE LIMITED,NSE,Bulk,Purchase,03-08-2016,176,150000,0.30%
Max Old,NOMURA SINGAPORE LIMITED,NSE,Bulk,Purchase,22-07-2016,127.12,1600000,0.59%
AvenuesAI,NOMURA SINGAPORE LIMITED,NSE,Bulk,Sell,04-04-2016,450.52,884284,0.03%
Housing Development,NOMURA SINGAPORE LIMITED,NSE,Bulk,Sell,27-08-2015,63.16,4700000,0.99%
Edelweiss Financial,NOMURA SINGAPORE LIMITED,BSE,Bulk,Purchase,24-07-2015,60,5000000,0.53%
Housing Development,NOMURA SINGAPORE LIMITED,BSE,Bulk,Purchase,22-06-2015,89.25,2438451,0.51%
Marico Kaya Ent,NOMURA SINGAPORE LIMITED,NSE,Bulk,Purchase,10-02-2015,1349.98,110000,-%
Era Infra Engg.,NOMURA SINGAPORE LIMITED,BSE,Bulk,Purchase,05-09-2014,17.2,4800386,1.45%
Housing Development,NOMURA SINGAPORE LIMITED,NSE,Bulk,Sell,11-06-2014,105.95,2098000,0.44%
Ansal Properties,NOMURA SINGAPORE LIMITED,BSE,Bulk,Purchase,04-04-2014,17.4,2099439,1.33%
Housing Development,NOMURA SINGAPORE LIMITED,NSE,Bulk,Purchase,04-04-2014,67.45,4411000,0.93%
Ansal Properties,NOMURA SINGAPORE LIMITED,BSE,Bulk,Purchase,05-03-2014,17.4,4987920,3.17%
Karnataka Bank,NOMURA SINGAPORE LIMITED,NSE,Bulk,Purchase,14-10-2013,108,1174000,0.31%
GB Global,NOMURA SINGAPORE LIMITED,NSE,Bulk,Purchase,04-12-2012,243.99,265000,0.53%
Welspun Corp,NOMURA SINGAPORE LIMITED,NSE,Bulk,Sell,31-05-2012,118.03,1404000,0.53%
Alok Industries,NOMURA SINGAPORE LIMITED,NSE,Bulk,Purchase,26-04-2012,19.33,6321153,0.13%
Sun TV Network,NOMURA ASSET MANAGEMENT SINGAPORE LTD,BSE,Block,Purchase,14-12-2007,406,677000,0.17%
United Drilling ,ASHISH KACHOLIA,NSE,Bulk,Sell,08-06-2023,190.49,158390,0.78%
United Drilling ,KACHOLIA ASHISH,NSE,Bulk,Purchase,14-10-2021,357.5,400000,1.97%
United Drilling ,KACHOLIA ASHISH,NSE,Block,Purchase,14-10-2021,357.5,400000,1.97%
Religare Enterprises,ASHISH KACHOLIA,NSE,Bulk,Purchase,13-01-2020,44,4000000,1.16%
Shaily Engineering ,ASHISH RAMESHCHANDRA KACHOLIA,BSE,Bulk,Purchase,05-02-2018,963.51,295000,0.64%
Lokesh Machines,ASHISH RAMCHANDRA KACHOLIA,BSE,Bulk,Sell,20-12-2017,73.8,150449,0.69%
Lokesh Machines,SURYAVANSHI COMMOTRADE PVT LTD,NSE,Bulk,Purchase,29-03-2017,82.45,450000,2.06%
Lokesh Machines,KACHOLIA ASHISH,NSE,Bulk,Sell,29-03-2017,82.24,1600000,7.34%
Shaily Engineering ,ASHISH RAMESHCHANDRA KACHOLIA,BSE,Bulk,Sell,29-03-2017,494,600000,1.31%
Shaily Engineering ,SURYAVANSHI COMMOTRADE PVT LTD,BSE,Bulk,Purchase,28-03-2017,502.5,360000,0.78%
Shaily Engineering ,ASHISH RAMCHANDRA KACHOLIA,BSE,Bulk,Sell,28-03-2017,502.5,360000,0.78%
Aurum Proptech,AMANSA HOLDINGS PRIVATE LIMITED,NSE,Bulk,Purchase,05-05-2020,245.5,810394,1.05%
Intellect Design Arena,AMANSA HOLDINGS PRIVATE LIMITED,BSE,Bulk,Purchase,18-07-2019,267,960400,0.68%
Advanced Enzyme ,NALANDA INDIA EQUITY FUND LIMITED,NSE,Bulk,Purchase,19-09-2022,270.03,2911630,2.60%
Advanced Enzyme ,NALANDA INDIA EQUITY FUND LIMITED,BSE,Bulk,Purchase,25-02-2022,289.61,708000,0.63%
Advanced Enzyme ,NALANDA INDIA EQUITY FUND LIMITED,NSE,Bulk,Purchase,25-02-2022,289.86,565000,0.50%
Advanced Enzyme ,NALANDA INDIA EQUITY FUND LIMITED,NSE,Bulk,Purchase,24-09-2020,263.8,4190491,3.74%
India Grid Trust,GOVERNMENT OF SINGAPORE,BSE,Block,Sell,05-08-2026,174,1436782,0.15%
Aster DM Quality Care,GOVERNMENT OF SINGAPORE,BSE,Bulk,Purchase,21-06-2024,340,2627381,0.51%
Sona BLW Precision,GOVERNMENT OF SINGAPORE,NSE,Bulk,Purchase,31-05-2023,540.44,3643753,0.58%
Sona BLW Precision,GOVERNMENT OF SINGAPORE,BSE,Bulk,Purchase,13-03-2023,410,24231710,3.89%
Sona BLW Precision,GOVERNMENT OF SINGAPORE,BSE,Bulk,Purchase,18-08-2022,505,3068730,0.49%
Home First Finance,NORGES BANK ON ACCOUNT OF THE GOVERNMENT PENSION FUND GLOBAL,NSE,Block,Purchase,11-08-2025,1190.5,400000,0.38%
Indegene,QUANT MUTUAL FUND,NSE,Bulk,Purchase,06-08-2026,525,9523810,3.95%
Indegene,QUANT MUTUAL FUND,NSE,Block,Purchase,06-08-2026,525,9523810,3.95%
Ethos,QUANT MUTUAL FUND,NSE,Bulk,Purchase,10-07-2026,2500,700000,2.62%
Lenskart Solutions,QUANT MUTUAL FUND,NSE,Block,Purchase,03-06-2026,508.55,1160000,0.07%
Premier Energies,QUANT MUTUAL FUND,NSE,Bulk,Purchase,25-05-2026,955,4083769,0.90%
Premier Energies,QUANT MUTUAL FUND,NSE,Block,Purchase,25-05-2026,955,4083769,0.90%
Lenskart Solutions,QUANT MUTUAL FUND,NSE,Block,Purchase,08-05-2026,473.4,3770590,0.22%
BlackBuck,QUANT MUTUAL FUND,NSE,Bulk,Purchase,22-04-2026,620,1080000,0.59%
BlackBuck,QUANT MUTUAL FUND,BSE,Bulk,Purchase,22-04-2026,620,920000,0.51%
Adani Green Energy,QUANT MUTUAL FUND,NSE,Bulk,Purchase,10-12-2025,970,12371134,0.75%
Adani Green Energy,QUANT MUTUAL FUND,NSE,Block,Purchase,10-12-2025,970,12371134,0.75%
Aptus Value Housing,QUANT MUTUAL FUND,NSE,Bulk,Purchase,04-09-2025,328.85,3649318,0.73%
Aptus Value Housing,QUANT MUTUAL FUND,NSE,Block,Purchase,04-09-2025,328.85,3649318,0.73%
CreditAccess Grameen,GOLDMAN SACHS INVESTMENTS MAURITIUS I LIMITED,NSE,Block,Purchase,06-08-2026,1482,641000,0.40%
Indegene,GOLDMAN SACHS INVESTMENTS MAURITIUS I LIMITED,NSE,Block,Purchase,06-08-2026,525,477000,0.20%
Emcure Pharma,GOLDMAN SACHS INVESTMENTS MAURITIUS I LIMITED,NSE,Block,Purchase,25-06-2026,1817,137590,0.07%
Lenskart Solutions,GOLDMAN SACHS INVESTMENTS MAURITIUS I LIMITED,NSE,Block,Purchase,11-06-2026,490,1122450,0.06%
DLF,GOLDMAN SACHS INVESTMENTS MAURITIUS I LIMITED,BSE,Block,Purchase,20-03-2026,531.7,2170473,0.09%
Kotak Mahindra Bank,GOLDMAN SACHS INVESTMENTS MAURITIUS I LIMITED,NSE,Block,Purchase,10-09-2025,1940.8,93766,0.00%
Aptus Value Housing,GOLDMAN SACHS INVESTMENTS MAURITIUS I LIMITED,NSE,Block,Purchase,04-09-2025,328.85,836483,0.17%
Medi Assist Healthcare,GOLDMAN SACHS INVESTMENTS MAURITIUS I LIMITED,NSE,Block,Purchase,12-08-2025,522.7,191315,0.26%
CreditAccess Grameen,ICICI PRUDENTIAL MUTUAL FUND,NSE,Block,Purchase,06-08-2026,1482,245000,0.15%
Indegene,ICICI PRUDENTIAL MUTUAL FUND,NSE,Bulk,Purchase,06-08-2026,525,6767239,2.81%
Indegene,ICICI PRUDENTIAL MUTUAL FUND,NSE,Block,Purchase,06-08-2026,525,6767239,2.81%
Go Digit Insurance,ICICI PRUDENTIAL MUTUAL FUND,NSE,Bulk,Purchase,29-07-2026,243,5721378,0.62%
Go Digit Insurance,ICICI PRUDENTIAL MUTUAL FUND,NSE,Block,Purchase,29-07-2026,243,5721378,0.62%
Biocon,ICICI PRUDENTIAL MUTUAL FUND,NSE,Bulk,Purchase,14-07-2026,400,18437500,1.13%
Biocon,ICICI PRUDENTIAL MUTUAL FUND,NSE,Block,Purchase,14-07-2026,400,18437500,1.13%
Biocon,ICICI PRUDENTIAL MUTUAL FUND,BSE,Block,Purchase,14-07-2026,400,18437500,1.13%
AWL Agri Business,ICICI PRUDENTIAL MUTUAL FUND,BSE,Bulk,Purchase,02-07-2026,180.1,13000000,1.00%
Pondy Oxides & Chem,ICICI PRUDENTIAL MUTUAL FUND,NSE,Bulk,Purchase,29-06-2026,1270,472000,0.62%
Lenskart Solutions,ICICI PRUDENTIAL MUTUAL FUND,NSE,Block,Purchase,11-06-2026,490,1224490,0.07%
Lenskart Solutions,ICICI PRUDENTIAL MUTUAL FUND,NSE,Block,Purchase,03-06-2026,508.55,2350000,0.14%
Alkem Laboratories,ICICI PRUDENTIAL MUTUAL FUND,NSE,Bulk,Purchase,02-06-2026,5200,903527,0.76%
Alkem Laboratories,ICICI PRUDENTIAL MUTUAL FUND,NSE,Block,Purchase,02-06-2026,5200,903527,0.76%
Indoco Remedies,ICICI PRUDENTIAL MUTUAL FUND,NSE,Bulk,Purchase,27-05-2026,198,683544,0.74%
Indoco Remedies,ICICI PRUDENTIAL MUTUAL FUND,BSE,Bulk,Purchase,27-05-2026,198,674458,0.73%
JSW Cement,ICICI PRUDENTIAL MUTUAL FUND,NSE,Block,Purchase,22-05-2026,124,11978002,0.88%
Pine Labs,ICICI PRUDENTIAL MUTUAL FUND,NSE,Block,Purchase,22-05-2026,144,2083333,0.18%
Pidilite Industries,ICICI PRUDENTIAL MUTUAL FUND,BSE,Block,Purchase,15-05-2026,1460,200000,0.02%
Lenskart Solutions,ICICI PRUDENTIAL MUTUAL FUND,NSE,Block,Purchase,08-05-2026,473.4,3366594,0.19%
Pfizer,PRUDENTIAL ICICI MUTUAL FUND A/C DISCOVERY FUND,BSE,Bulk,Purchase,24-04-2026,4700,400000,0.87%
Rashi Peripherals,ICICI PRUDENTIAL MUTUAL FUND,NSE,Bulk,Sell,24-03-2026,345.09,862993,1.30%
DLF,ICICI PRUDENTIAL MUTUAL FUND,BSE,Block,Purchase,20-03-2026,531.7,2170473,0.09%
Nirlon,ICICI PRUDENTIAL MUTUAL FUND,BSE,Bulk,Sell,17-02-2026,520,765000,0.85%
Nirlon,ICICI PRUDENTIAL MUTUAL FUND,BSE,Bulk,Sell,17-02-2026,520,636300,0.71%
Ather Energy,ICICI PRUDENTIAL MUTUAL FUND,NSE,Block,Purchase,11-02-2026,710,563381,0.14%
Ather Energy,ICICI PRUDENTIAL MUTUAL FUND,BSE,Block,Purchase,11-02-2026,710,563380,0.14%
Entero Healthcare,ICICI PRUDENTIAL MUTUAL FUND,BSE,Bulk,Purchase,29-12-2025,950,2182039,5.01%
Akums Drugs & Pharma,ICICI PRUDENTIAL MUTUAL FUND,NSE,Bulk,Purchase,22-12-2025,428,7278535,4.62%
Akums Drugs & Pharma,ICICI PRUDENTIAL MUTUAL FUND,NSE,Block,Purchase,22-12-2025,428,7278535,4.62%
PowerGrid Infra,ICICI PRUDENTIAL MUTUAL FUND,BSE,Bulk,Purchase,19-12-2025,85.5,22628427,2.49%
PowerGrid Infra,ICICI PRUDENTIAL MUTUAL FUND,BSE,Bulk,Purchase,19-12-2025,85.5,15787275,1.73%
Alivus Life Sciences,ICICI PRUDENTIAL MUTUAL FUND,BSE,Bulk,Purchase,04-12-2025,870,969912,0.79%
Mphasis,ICICI PRUDENTIAL MUTUAL FUND,BSE,Bulk,Purchase,18-11-2025,2625,1663625,0.88%
Mphasis,ICICI PRUDENTIAL MUTUAL FUND,BSE,Bulk,Purchase,18-11-2025,2625,998176,0.53%
Sagility,ICICI PRUDENTIAL MUTUAL FUND,NSE,Bulk,Purchase,14-11-2025,47.6,31384506,0.67%
Thyrocare Tech,ICICI PRUDENTIAL MUTUAL FUND,NSE,Bulk,Purchase,24-10-2025,1252,1748600,1.10%
Aditya Birla Lifestyle Brands,ICICI PRUDENTIAL MUTUAL FUND,NSE,Bulk,Purchase,06-10-2025,136.45,9885816,0.81%
Aditya Birla Lifestyle Brands,ICICI PRUDENTIAL MUTUAL FUND,NSE,Bulk,Purchase,06-10-2025,136.45,8238179,0.67%
Aditya Birla Lifestyle Brands,ICICI PRUDENTIAL MUTUAL FUND,NSE,Block,Purchase,06-10-2025,136.45,9885816,0.81%
Aditya Birla Lifestyle Brands,ICICI PRUDENTIAL MUTUAL FUND,NSE,Block,Purchase,06-10-2025,136.45,8238179,0.67%
Aditya Birla Lifestyle Brands,ICICI PRUDENTIAL MUTUAL FUND,NSE,Block,Purchase,06-10-2025,136.45,922676,0.08%
Sammaan Capital,ICICI PRUDENTIAL MUTUAL FUND,NSE,Bulk,Purchase,29-09-2025,151.95,4347300,0.37%
Laxmi Dental,ICICI PRUDENTIAL MUTUAL FUND,NSE,Bulk,Purchase,15-09-2025,303,862523,1.57%
Laxmi Dental,ICICI PRUDENTIAL MUTUAL FUND,BSE,Bulk,Purchase,15-09-2025,303,738436,1.34%
Kotak Mahindra Bank,ICICI PRUDENTIAL MUTUAL FUND,NSE,Block,Purchase,10-09-2025,1940.8,2572283,0.03%
Aptus Value Housing,ICICI PRUDENTIAL MUTUAL FUND,NSE,Bulk,Purchase,04-09-2025,328.85,3041098,0.61%
Aptus Value Housing,ICICI PRUDENTIAL MUTUAL FUND,NSE,Block,Purchase,04-09-2025,328.85,3041098,0.61%
V-Guard Industries,ICICI PRUDENTIAL MUTUAL FUND,NSE,Block,Purchase,20-08-2025,370,4151351,0.95%
Medi Assist Healthcare,ICICI PRUDENTIAL MUTUAL FUND,NSE,Bulk,Purchase,12-08-2025,522.7,1339200,1.79%
Medi Assist Healthcare,ICICI PRUDENTIAL MUTUAL FUND,NSE,Block,Purchase,12-08-2025,522.7,1339200,1.79%
National Aluminium ,SOCIETE GENERALE,BSE,Block,Purchase,10-03-2026,388,1427094,0.08%
National Aluminium ,SOCIETE GENERALE,BSE,Block,Sell,04-02-2026,374,1120000,0.06%
Shivalik Bimetal Controls,BOFA SECURITIES EUROPE SA,NSE,Bulk,Purchase,10-08-2026,1035.7,396348,0.69%
Thyrocare Tech,MORGAN STANLEY ASIA SINGAPORE PTE,NSE,Block,Purchase,13-08-2026,624,456000,0.29%
Thyrocare Tech,MORGAN STANLEY ASIA SINGAPORE PTE,NSE,Block,Purchase,13-08-2026,624,444846,0.28%
Metropolis Healthcare,MORGAN STANLEY ASIA SINGAPORE PTE,NSE,Block,Purchase,11-08-2026,564,525500,0.25%
Navin Fluorine,HSBC GLOBAL INVESTMENT FUNDS ASIA EX JAPAN EQUITY SMALLER COMPANI,BSE,Bulk,Purchase,27-06-2017,2875,156646,0.31%
India Shelter Finance,GOLDMAN SACHS FUNDS GOLDMAN SACHS INDIA EQUITY PORTFOLIO,BSE,Bulk,Purchase,16-09-2024,752.35,742392,0.68%
Archean Chemical,GOLDMAN SACHS FUNDS - GOLDMAN SACHS INDIA EQUITY PORTFOLIO,BSE,Bulk,Purchase,27-06-2024,658,628128,0.51%
India Shelter Finance,GOLDMAN SACHS FUNDS - GOLDMAN SACHS INDIA EQUITY PORTFOLIO,NSE,Bulk,Purchase,20-12-2023,593.08,591027,0.54%
Archean Chemical,GOLDMAN SACHS FDS GOLDMAN SACHS INDIA EQ PORTFOLIO,NSE,Bulk,Purchase,18-12-2023,600,623609,0.51%
CarTrade Tech,GOLDMAN SACHS FUNDS  GOLDMAN SACHS INDIA EQUITY PORTFOLIO,BSE,Block,Purchase,20-09-2021,1452.25,162234,0.33%
CarTrade Tech,GOLDMAN SACHS INDIA FUND LIMITED,BSE,Block,Sell,20-09-2021,1452.25,162234,0.33%
Balrampur Chini,GOLDMAN SACHS FUNDS - GOLDMAN SACHS INDIA EQUITY PORTFOLIO,BSE,Bulk,Purchase,07-09-2021,364.7,4333235,2.05%
Lancer Container,NOMURA SINGAPORE LIMITED,BSE,Bulk,Purchase,31-03-2022,163.99,450000,0.13%
Faze Three,ASHISH RAMESHCHANDRA KACHOLIA,BSE,Bulk,Purchase,29-09-2021,288.8,450000,1.83%
Faze Three,ASHISH RAMESHCHANDRA KACHOLIA,BSE,Bulk,Purchase,03-09-2021,205.2,675688,2.75%
UltraTech Cement,NORGES BANK ON ACCOUNT OF THE GOVERNMENT PENSION FUND GLOBAL,BSE,Block,Purchase,13-08-2026,11585,22081,0.01%
Tanla Platforms,NORGES BANK ON ACCOUNT OF THE GOVERNMENT PENSION FUND GLOBAL,NSE,Bulk,Purchase,19-09-2025,745.1,879213,0.66%
WeWork Management,ICICI PRUDENTIAL MUTUAL FUND,BSE,Bulk,Purchase,14-08-2026,697.55,1421799,1.03%
WeWork Management,ICICI PRUDENTIAL MUTUAL FUND,BSE,Block,Purchase,14-08-2026,697.55,1421799,1.03%
UltraTech Cement,ICICI PRUDENTIAL MUTUAL FUND,BSE,Block,Purchase,13-08-2026,11585,345274,0.12%
Thyrocare Tech,ICICI PRUDENTIAL MUTUAL FUND,NSE,Bulk,Purchase,13-08-2026,624,801000,0.50%
Thyrocare Tech,ICICI PRUDENTIAL MUTUAL FUND,NSE,Block,Purchase,13-08-2026,624,801000,0.50%
Dr Agarwals Health Care,ICICI PRUDENTIAL MUTUAL FUND,NSE,Bulk,Purchase,12-08-2026,501,6211813,1.96%
Metropolis Healthcare,ICICI PRUDENTIAL MUTUAL FUND,NSE,Block,Purchase,11-08-2026,564,525500,0.25%
KFIN Technologies,SOCIETE GENERALE,NSE,Block,Purchase,20-08-2026,925,518909,0.30%
One97 Communications,SOCIETE GENERALE,NSE,Block,Purchase,18-08-2026,1535.1,2840000,0.44%
Shaily Engineering,SOCIETE GENERALE,BSE,Block,Purchase,07-10-2025,2134,100020,0.22%
Amagi Media Labs,BOFA SECURITIES EUROPE SA,NSE,Block,Purchase,21-08-2026,560,223231,0.10%
Amagi Media Labs,BOFA SECURITIES EUROPE SA,NSE,Block,Purchase,21-08-2026,560,223200,0.10%
KFIN Technologies,MORGAN STANLEY ASIA SINGAPORE PTE,NSE,Block,Purchase,20-08-2026,925,270275,0.16%
Jio Financial,MORGAN STANLEY ASIA SINGAPORE PTE,NSE,Block,Sell,30-03-2026,232.55,2675853,0.04%
Aster DM Quality Care,MORGAN STANLEY ASIA SINGAPORE PTE,BSE,Bulk,Purchase,21-06-2024,340,6666030,0.76%
Shiprocket,GOLDMAN SACHS FDS GOLDMAN SACHS INDIA EQ PORTFOLIO,NSE,Bulk,Purchase,19-08-2026,131,4024040,0.55%
L&T Technology ,GOLDMAN SACHS FUNDS - GOLDMAN SACHS INDIA EQUITY PORTFOLIO,BSE,Block,Purchase,16-09-2021,4573.2,412348,0.39%
L&T Technology ,GOLDMAN SACHS ASSET MANAGEMENT LLC A/C GOLDMAN SACHS INDIA FUND LIMITED,BSE,Block,Sell,16-09-2021,4573.2,412348,0.39%
Tourism Finance,NOMURA SINGAPORE LIMITED,NSE,Bulk,Sell,23-03-2020,32.85,2644952,0.57%
Aimtron Electronics,ASHISH RAMESHCHANDRA KACHOLIA,NSE,Bulk,Purchase,06-06-2024,241,800000,3.76%
Leap,GOVERNMENT OF SINGAPORE,NSE,Bulk,Purchase,17-08-2026,155.28,2215127,0.50%
Aster DM Quality Care,GOVERNMENT OF SINGAPORE,BSE,Bulk,Purchase,21-06-2024,340,2627381,0.30%
Sona BLW Precision,GOVERNMENT OF SINGAPORE,BSE,Bulk,Purchase,13-03-2023,410,24231710,3.88%
Pfizer,QUANT MUTUAL FUND,BSE,Bulk,Purchase,20-08-2026,4899.97,267864,0.59%
Amagi Media Labs,ICICI PRUDENTIAL MUTUAL FUND,NSE,Block,Purchase,21-08-2026,560,934444,0.43%
Gland Pharma,SOCIETE GENERALE,BSE,Block,Purchase,04-09-2026,2826.6,400000,0.24%
Meesho,SOCIETE GENERALE - ODI,NSE,Block,Purchase,03-09-2026,206.3,8000000,0.17%
Pine Labs,SOCIETE GENERALE,NSE,Block,Purchase,02-09-2026,155.1,4531963,0.39%
Astral,SOCIETE GENERALE,NSE,Bulk,Purchase,31-08-2026,1526.56,1389981,0.52%
Astral,SOCIETE GENERALE,NSE,Bulk,Sell,31-08-2026,1547.19,39421,0.01%
Laurus Labs,SOCIETE GENERALE,NSE,Bulk,Sell,31-08-2026,1903.84,2810437,0.52%
Northern Arc Capital,SOCIETE GENERALE,BSE,Bulk,Purchase,31-08-2026,278,1059166,0.66%
Northern Arc Capital,SOCIETE GENERALE,BSE,Block,Purchase,31-08-2026,278,1059166,0.66%
Lenskart Solutions,SOCIETE GENERALE,NSE,Bulk,Purchase,31-08-2026,662.22,30305,0.00%
Lenskart Solutions,SOCIETE GENERALE,NSE,Bulk,Sell,31-08-2026,661.53,14070849,0.81%
Lenskart Solutions,SOCIETE GENERALE,NSE,Block,Purchase,28-08-2026,630,397352,0.02%
Physicswallah,SOCIETE GENERALE,NSE,Block,Purchase,26-08-2026,117.72,2123692,0.07%
Lenskart Solutions,SOCIETE GENERALE ODI,BSE,Bulk,Purchase,24-08-2026,641.75,10735000,0.62%
Lenskart Solutions,SOCIETE GENERALE ODI,BSE,Block,Purchase,24-08-2026,641.75,10735000,0.62%
Meesho,SOCIETE GENERALE,NSE,Block,Purchase,24-08-2026,200.01,2375002,0.05%
Meesho,FRANKLIN TEMPLETON MUTUAL FUND,NSE,Block,Purchase,03-09-2026,206.3,4832713,0.10%
Meesho,FRANKLIN TEMPLETON MUTUAL FUND,NSE,Block,Purchase,03-09-2026,206.3,1498142,0.03%
Meesho,FRANKLIN TEMPLETON MUTUAL FUND,NSE,Block,Purchase,03-09-2026,206.3,169145,0.00%
Lenskart Solutions,FRANKLIN TEMPLETON MUTUAL FUND,BSE,Block,Purchase,24-08-2026,641.75,745000,0.04%
Meesho,FRANKLIN TEMPLETON MUTUAL FUND,NSE,Block,Purchase,24-08-2026,200.01,2500001,0.05%
Meesho,BOFA SECURITIES EUROPE SA -ODI,NSE,Block,Purchase,03-09-2026,206.3,2050000,0.04%
Meesho,BOFA SECURITIES EUROPE SA -FPI,NSE,Block,Purchase,03-09-2026,206.3,1250000,0.03%
Lenskart Solutions,BOFA SECURITIES EUROPE SA,NSE,Block,Purchase,28-08-2026,630,606642,0.03%
Meesho,BOFA SECURITIES EUROPE SA,NSE,Block,Purchase,24-08-2026,200.01,1250002,0.03%
Meesho,MORGAN STANLEY ASIA SINGAPORE PTE -ODI,NSE,Block,Purchase,03-09-2026,206.3,3300000,0.07%
Pine Labs,MORGAN STANLEY ASIA SINGAPORE PTE,NSE,Block,Purchase,02-09-2026,155.1,2448742,0.21%
Lenskart Solutions,MORGAN STANLEY ASIA SINGAPORE PTE,NSE,Block,Purchase,28-08-2026,630,606641,0.03%
Lenskart Solutions,MORGAN STANLEY ASIA SINGAPORE PTE,NSE,Block,Purchase,28-08-2026,630,492896,0.03%
Foseco,MORGAN STANLEY ASIA SINGAPORE PTE,NSE,Bulk,Purchase,27-08-2026,5897,42577,0.56%
Foseco,MORGAN STANLEY ASIA SINGAPORE PTE,NSE,Block,Purchase,27-08-2026,5897,42577,0.56%
Physicswallah,MORGAN STANLEY ASIA SINGAPORE PTE,NSE,Block,Purchase,26-08-2026,117.72,2123689,0.07%
Lenskart Solutions,MORGAN STANLEY ASIA SINGAPORE PTE,BSE,Block,Purchase,24-08-2026,641.75,393000,0.02%
Meesho,MORGAN STANLEY ASIA SINGAPORE PTE,NSE,Block,Purchase,24-08-2026,200.01,1700002,0.04%
Meesho,MORGAN STANLEY ASIA SINGAPORE PTE,NSE,Block,Purchase,24-08-2026,200.01,1258752,0.03%
One97 Communications,MORGAN STANLEY ASIA SINGAPORE PTE,NSE,Block,Purchase,04-08-2026,1367.8,545000,0.08%
SJS Enterprises,HSBC GLOBAL INVESTMENT FUNDS - ASIA EX JAPAN EQUITY SMALLER COMPANIES,NSE,Bulk,Purchase,22-08-2023,600,502000,1.56%
Physicswallah,GOLDMAN SACHS FUNDS - GOLDMAN SACHS INDIA EQUITY PORTFOLIO,NSE,Block,Purchase,26-08-2026,117.72,6123236,0.21%
Physicswallah,GOLDMAN SACHS ETF TRUST - GOLDMAN SACHS INDIA EQUITY ETF,NSE,Block,Purchase,26-08-2026,117.72,272929,0.01%
TD Power Systems,GOLDMAN SACHS FUNDS - GOLDMAN SACHS INDIA EQUITY PORTFOLIO,BSE,Bulk,Purchase,22-05-2025,460,1093643,0.35%
Avalon Technologies,GOLDMAN SACHS FUNDS - GOLDMAN SACHS INDIA EQUITY PORTFOLIO,NSE,Bulk,Sell,08-02-2024,474.01,1493822,2.23%
Bikaji Foods ,GOLDMAN SACHS FUNDS - GOLDMAN SACHS INDIA EQUITY PORTFOLIO,NSE,Bulk,Purchase,16-11-2022,324.5,1745354,0.70%
SJS Enterprises,GOLDMAN SACHS FUNDS - GOLDMAN SACHS INDIA EQUITY PORTFOLIO,NSE,Bulk,Purchase,15-11-2021,527.04,254786,0.79%
Shankesh Jewellers,NOMURA SINGAPORE LIMITED,NSE,Bulk,Sell,25-08-2026,96.66,1617535,1.10%
Krystal Integrated ,NOMURA SINGAPORE LIMITED,NSE,Bulk,Sell,21-03-2024,736.74,500000,3.58%
TD Power Systems,NOMURA SINGAPORE LIMITED,NSE,Block,Purchase,30-06-2023,221,460000,0.15%
Ducon InfraTech,NOMURA SINGAPORE LIMITED,NSE,Bulk,Purchase,30-05-2019,16.5,600000,0.08%
360 One Wam,AMANSA HOLDINGS PRIVATE LIMITED,BSE,Bulk,Sell,13-01-2021,1050,997094,0.24%
Ather Energy,GOVERNMENT OF SINGAPORE,NSE,Bulk,Sell,28-08-2026,1480,11880000,3.00%
Ather Energy,GOVERNMENT OF SINGAPORE,NSE,Block,Sell,28-08-2026,1480,11880000,3.00%
PNB Housing Finance,GOVERNMENT OF SINGAPORE,NSE,Bulk,Purchase,12-09-2024,1097.3,1316168,0.50%
PNB Housing Finance,GOVERNMENT OF SINGAPORE,NSE,Block,Purchase,12-09-2024,1097.3,1316168,0.50%
SBI Life Insurance ,GOVERNMENT OF SINGAPORE,NSE,Block,Purchase,29-03-2022,1068.35,725075,0.07%
SBI Life Insurance ,GOVERNMENT OF SINGAPORE,BSE,Block,Purchase,07-05-2021,960,3491029,0.35%
SBI Life Insurance ,GOVERNMENT OF SINGAPORE,BSE,Bulk,Purchase,12-03-2021,915,16759530,1.67%
ICICI Prudential ,GOVERNMENT OF SINGAPORE,NSE,Bulk,Purchase,22-06-2020,391.6,16430820,1.13%
Biocon,NORGES BANK ON ACCOUNT OF THE GOVERNMENT PENSION FUND GLOBAL,BSE,Block,Purchase,09-09-2026,385,650002,0.04%
Meesho,NORGES BANK ON ACCOUNT OF THE GOVERNMENT PENSION FUND GLOBAL,NSE,Block,Purchase,03-09-2026,206.3,1250000,0.03%
Pine Labs,NORGES BANK ON ACCOUNT OF THE GOVERNMENT PENSION FUND GLOBAL,NSE,Block,Purchase,02-09-2026,155.1,3223726,0.28%
EPL,QUANT MUTUAL FUND,NSE,Bulk,Purchase,01-09-2026,240.1,12494793,3.90%
EPL,QUANT MUTUAL FUND,NSE,Bulk,Purchase,01-09-2026,240.93,1870784,0.58%
Welspun Corp,QUANT MUTUAL FUND,NSE,Block,Purchase,26-08-2026,2275.3,369397,0.14%
Swiggy,GOLDMAN SACHS INVESTMENTS MAURITIUS I LIMITED,NSE,Bulk,Purchase,04-09-2026,276.1,19884733,0.72%
Pine Labs,GOLDMAN SACHS INVESTMENTS MAURITIUS I LIMITED,NSE,Block,Purchase,02-09-2026,155.1,4162862,0.36%
Physicswallah,GOLDMAN SACHS INVESTMENTS MAURITIUS I LIMITED,NSE,Block,Purchase,26-08-2026,117.72,2123686,0.07%
Lenskart Solutions,GOLDMAN SACHS INVESTMENTS MAURITIUS I LIMITED,BSE,Block,Purchase,24-08-2026,641.75,2240000,0.13%
Meesho,GOLDMAN SACHS INVESTMENTS MAURITIUS I LIMITED,NSE,Block,Purchase,24-08-2026,200.01,1250002,0.03%
Biocon,ICICI PRUDENTIAL MUTUAL FUND,BSE,Block,Purchase,09-09-2026,385,7403166,0.45%
Gland Pharma,ICICI PRUDENTIAL MUTUAL FUND,BSE,Bulk,Purchase,04-09-2026,2826.6,1039000,0.63%
Gland Pharma,ICICI PRUDENTIAL MUTUAL FUND,BSE,Block,Purchase,04-09-2026,2826.6,1039000,0.63%
Tata Technologies,ICICI PRUDENTIAL MUTUAL FUND,BSE,Block,Purchase,04-09-2026,785,600000,0.15%
EPL,ICICI PRUDENTIAL MUTUAL FUND,NSE,Bulk,Purchase,01-09-2026,240.1,1665714,0.52%
Lenskart Solutions,ICICI PRUDENTIAL MUTUAL FUND,NSE,Block,Purchase,28-08-2026,630,6031747,0.35%
Apollo Tyres,ICICI PRUDENTIAL MUTUAL FUND,NSE,Bulk,Purchase,27-08-2026,435,19080000,3.00%
Apollo Tyres,ICICI PRUDENTIAL MUTUAL FUND,NSE,Block,Purchase,27-08-2026,435,19080000,3.00%
Rubicon Research,ICICI PRUDENTIAL MUTUAL FUND,BSE,Bulk,Purchase,26-08-2026,1660,1807226,1.09%
Rubicon Research,ICICI PRUDENTIAL MUTUAL FUND,BSE,Block,Purchase,26-08-2026,1660,1807226,1.09%
Physicswallah,ICICI PRUDENTIAL MUTUAL FUND,NSE,Bulk,Purchase,26-08-2026,117.72,22000003,0.76%
Physicswallah,ICICI PRUDENTIAL MUTUAL FUND,NSE,Block,Purchase,26-08-2026,117.72,22000003,0.76%
Lenskart Solutions,ICICI PRUDENTIAL MUTUAL FUND,BSE,Block,Purchase,24-08-2026,641.75,558750,0.03%
Lenskart Solutions,ICICI PRUDENTIAL MUTUAL FUND,BSE,Block,Purchase,24-08-2026,641.75,186250,0.01%
Computer Age Mgmt,SOCIETE GENERALE ODI,BSE,Bulk,Purchase,10-09-2026,681.75,3711869,1.49%
Sri Lotus Developers,MORGAN STANLEY ASIA SINGAPORE PTE,NSE,Block,Purchase,11-09-2026,201.75,1500000,0.31%
Bharat Petroleum ,GOLDMAN SACHS FUNDS GOLDMAN SACHS INDIA EQUITY PORTFOLIO,BSE,Block,Purchase,14-02-2024,584,411885,0.01%
Veranda Learning,NOMURA SINGAPORE LIMITED,BSE,Bulk,Sell,11-04-2022,160.97,978581,1.01%
Edelweiss Financial ,NOMURA SINGAPORE LIMITED,BSE,Bulk,Purchase,24-07-2015,60,5000000,0.53%
Computer Age Mgmt,GOLDMAN SACHS INVESTMENTS MAURITIUS I LIMITED,BSE,Bulk,Purchase,10-09-2026,681.75,3596108,1.45%
WeWork Management,ICICI PRUDENTIAL MUTUAL FUND,BSE,Bulk,Purchase,14-08-2026,697.55,1421799,1.02%
WeWork Management,ICICI PRUDENTIAL MUTUAL FUND,BSE,Block,Purchase,14-08-2026,697.55,1421799,1.02%
